#
# There is insufficient memory for the Java Runtime Environment to continue.
# Native memory allocation (malloc) failed to allocate 32744 bytes. Error detail: Chunk::new
# Possible reasons:
#   The system is out of physical RAM or swap space
#   This process is running with CompressedOops enabled, and the Java Heap may be blocking the growth of the native heap
# Possible solutions:
#   Reduce memory load on the system
#   Increase physical memory or swap space
#   Check if swap backing store is full
#   Decrease Java heap size (-Xmx/-Xms)
#   Decrease number of Java threads
#   Decrease Java thread stack sizes (-Xss)
#   Set larger code cache with -XX:ReservedCodeCacheSize=
#   JVM is running with Unscaled Compressed Oops mode in which the Java heap is
#     placed in the first 4GB address space. The Java Heap base address is the
#     maximum limit for the native heap growth. Please use -XX:HeapBaseMinAddress
#     to set the Java Heap base and to place the Java Heap above 4GB virtual address.
# This output file may be truncated or incomplete.
#
#  Out of Memory Error (arena.cpp:168), pid=2688, tid=14488
#
# JRE version: OpenJDK Runtime Environment (21.0.8) (build 21.0.8+-14018985-b1038.68)
# Java VM: OpenJDK 64-Bit Server VM (21.0.8+-14018985-b1038.68, mixed mode, tiered, compressed oops, compressed class ptrs, g1 gc, windows-amd64)
# No core dump will be written. Minidumps are not enabled by default on client versions of Windows
#

---------------  S U M M A R Y ------------

Command Line: --add-opens=java.base/java.lang=ALL-UNNAMED --add-opens=java.base/java.lang.invoke=ALL-UNNAMED --add-opens=java.base/java.util=ALL-UNNAMED --add-opens=java.prefs/java.util.prefs=ALL-UNNAMED --add-exports=jdk.compiler/com.sun.tools.javac.api=ALL-UNNAMED --add-exports=jdk.compiler/com.sun.tools.javac.util=ALL-UNNAMED --add-opens=java.base/java.util=ALL-UNNAMED --add-opens=java.prefs/java.util.prefs=ALL-UNNAMED --add-opens=java.base/java.nio.charset=ALL-UNNAMED --add-opens=java.base/java.net=ALL-UNNAMED --add-opens=java.base/java.util.concurrent.atomic=ALL-UNNAMED --add-opens=java.xml/javax.xml.namespace=ALL-UNNAMED -Xmx2048m -Dfile.encoding=UTF-8 -Duser.country=US -Duser.language=en -Duser.variant -javaagent:C:\Users\ajays\.gradle\wrapper\dists\gradle-8.13-bin\5xuhj0ry160q40clulazy9h7d\gradle-8.13\lib\agents\gradle-instrumentation-agent-8.13.jar org.gradle.launcher.daemon.bootstrap.GradleDaemon 8.13

Host: 12th Gen Intel(R) Core(TM) i3-12100, 8 cores, 15G,  Windows 11 , 64 bit Build 26100 (10.0.26100.7623)
Time: Mon Jan 26 00:41:50 2026 India Standard Time elapsed time: 27.478131 seconds (0d 0h 0m 27s)

---------------  T H R E A D  ---------------

Current thread (0x00000248d84a8780):  JavaThread "C2 CompilerThread1" daemon [_thread_in_native, id=14488, stack(0x000000a62a200000,0x000000a62a300000) (1024K)]


Current CompileTask:
C2:27478 16518       4       org.gradle.internal.logging.text.AbstractLineChoppingStyledTextOutput$1::execute (140 bytes)

Stack: [0x000000a62a200000,0x000000a62a300000]
Native frames: (J=compiled Java code, j=interpreted, Vv=VM code, C=native code)
V  [jvm.dll+0x6d68d9]
V  [jvm.dll+0x866693]
V  [jvm.dll+0x868c4e]
V  [jvm.dll+0x869333]
V  [jvm.dll+0x280566]
V  [jvm.dll+0xc07cd]
V  [jvm.dll+0xc0d03]
V  [jvm.dll+0xc08f5]
V  [jvm.dll+0x6b341c]
V  [jvm.dll+0x5ff39f]
V  [jvm.dll+0x252362]
V  [jvm.dll+0x24ab5d]
V  [jvm.dll+0x24871e]
V  [jvm.dll+0x1c73a4]
V  [jvm.dll+0x257f9e]
V  [jvm.dll+0x2564e6]
V  [jvm.dll+0x3f4696]
V  [jvm.dll+0x80eac8]
V  [jvm.dll+0x6d512d]
C  [ucrtbase.dll+0x37b0]
C  [KERNEL32.DLL+0x2e8d7]
C  [ntdll.dll+0x8c53c]


---------------  P R O C E S S  ---------------

Threads class SMR info:
_java_thread_list=0x00000248df6702e0, length=144, elements={
0x00000248b633a080, 0x00000248cdc3e4f0, 0x00000248cdc4ed30, 0x00000248cdc41ad0,
0x00000248cdc72c30, 0x00000248cdc73690, 0x00000248cdc740f0, 0x00000248cdc74b50,
0x00000248cdc758e0, 0x00000248cdc5d150, 0x00000248d2084310, 0x00000248d384a180,
0x00000248d3af3760, 0x00000248d3ae8e20, 0x00000248d3a98d30, 0x00000248d3a986a0,
0x00000248d3a98010, 0x00000248d3a993c0, 0x00000248d3b8db90, 0x00000248d3b8fc60,
0x00000248d3b902f0, 0x00000248d3b90980, 0x00000248d3b8e8b0, 0x00000248d3b91010,
0x00000248d3b916a0, 0x00000248d3b8e220, 0x00000248d3b91d30, 0x00000248d3b923c0,
0x00000248d3b8ef40, 0x00000248d3b94490, 0x00000248d3b92a50, 0x00000248d3b930e0,
0x00000248d3b93e00, 0x00000248d73f43e0, 0x00000248d73f1c80, 0x00000248d73f29a0,
0x00000248d73f3030, 0x00000248d73f3d50, 0x00000248d73f36c0, 0x00000248d73f0f60,
0x00000248d73f4a70, 0x00000248d73f15f0, 0x00000248d73f5100, 0x00000248d73f7ef0,
0x00000248d73f7860, 0x00000248d73f71d0, 0x00000248d73f5790, 0x00000248d73f8580,
0x00000248d73f5e20, 0x00000248d73f64b0, 0x00000248d73f6b40, 0x00000248d8da1bb0,
0x00000248d8da3c80, 0x00000248d8da5d50, 0x00000248d8da35f0, 0x00000248d8da63e0,
0x00000248d8da2f60, 0x00000248d8da7790, 0x00000248d8da6a70, 0x00000248d8da7100,
0x00000248d8da4310, 0x00000248d8da84b0, 0x00000248d8da7e20, 0x00000248d8da8b40,
0x00000248d8da91d0, 0x00000248d20df2a0, 0x00000248d20dd1d0, 0x00000248d20dbe20,
0x00000248d20dcb40, 0x00000248d20df930, 0x00000248d20de580, 0x00000248d20dc4b0,
0x00000248d20dd860, 0x00000248d20e0650, 0x00000248d20e0ce0, 0x00000248d20ddef0,
0x00000248d20e2720, 0x00000248d20e1370, 0x00000248d20e2090, 0x00000248d20e2db0,
0x00000248d20e3440, 0x00000248d20e1a00, 0x00000248d23e00e0, 0x00000248d23dd980,
0x00000248d23de010, 0x00000248d23de6a0, 0x00000248d23e21b0, 0x00000248d87aefe0,
0x00000248d87aae40, 0x00000248d87af670, 0x00000248d87ac1f0, 0x00000248d87afd00,
0x00000248d87ac880, 0x00000248d87b0a20, 0x00000248d87b1dd0, 0x00000248d87b1740,
0x00000248d8280060, 0x00000248d827ecb0, 0x00000248d827f340, 0x00000248d827df90,
0x00000248d82806f0, 0x00000248d8281410, 0x00000248d8282e50, 0x00000248d82827c0,
0x00000248d8284200, 0x00000248d8283b70, 0x00000248d8280d80, 0x00000248d8284890,
0x00000248d8284f20, 0x00000248d8281aa0, 0x00000248d82834e0, 0x00000248d978bde0,
0x00000248d978deb0, 0x00000248d978cb00, 0x00000248d978c470, 0x00000248d978d190,
0x00000248d23e0e00, 0x00000248d23e4910, 0x00000248d23e1490, 0x00000248d8da2240,
0x00000248d8da49a0, 0x00000248d87ae950, 0x00000248d978b750, 0x00000248d9c9fe60,
0x00000248d9ca0b80, 0x00000248d9ca1210, 0x00000248d9ca25c0, 0x00000248d9ca1f30,
0x00000248d9ca18a0, 0x00000248d9ca04f0, 0x00000248d9ca32e0, 0x00000248de761170,
0x00000248de75e380, 0x00000248e09899b0, 0x00000248e098a6d0, 0x00000248e0987250,
0x00000248e098b3f0, 0x00000248e0989320, 0x00000248e098ad60, 0x00000248e098a040,
0x00000248e0987f70, 0x00000248e098ba80, 0x00000248d84a8780, 0x00000248d60dd420
}

Java Threads: ( => current thread )
  0x00000248b633a080 JavaThread "main"                              [_thread_blocked, id=5412, stack(0x000000a627a00000,0x000000a627b00000) (1024K)]
  0x00000248cdc3e4f0 JavaThread "Common-Cleaner"             daemon [_thread_blocked, id=3304, stack(0x000000a628200000,0x000000a628300000) (1024K)]
  0x00000248cdc4ed30 JavaThread "Reference Handler"          daemon [_thread_blocked, id=19368, stack(0x000000a628300000,0x000000a628400000) (1024K)]
  0x00000248cdc41ad0 JavaThread "Finalizer"                  daemon [_thread_blocked, id=10360, stack(0x000000a628400000,0x000000a628500000) (1024K)]
  0x00000248cdc72c30 JavaThread "Signal Dispatcher"          daemon [_thread_blocked, id=6376, stack(0x000000a628500000,0x000000a628600000) (1024K)]
  0x00000248cdc73690 JavaThread "Attach Listener"            daemon [_thread_blocked, id=26144, stack(0x000000a628600000,0x000000a628700000) (1024K)]
  0x00000248cdc740f0 JavaThread "Service Thread"             daemon [_thread_blocked, id=15464, stack(0x000000a628700000,0x000000a628800000) (1024K)]
  0x00000248cdc74b50 JavaThread "Monitor Deflation Thread"   daemon [_thread_blocked, id=25444, stack(0x000000a628800000,0x000000a628900000) (1024K)]
  0x00000248cdc758e0 JavaThread "C2 CompilerThread0"         daemon [_thread_in_native, id=19292, stack(0x000000a628900000,0x000000a628a00000) (1024K)]
  0x00000248cdc5d150 JavaThread "C1 CompilerThread0"         daemon [_thread_blocked, id=4856, stack(0x000000a628a00000,0x000000a628b00000) (1024K)]
  0x00000248d2084310 JavaThread "Notification Thread"        daemon [_thread_blocked, id=11680, stack(0x000000a628b00000,0x000000a628c00000) (1024K)]
  0x00000248d384a180 JavaThread "Daemon health stats"               [_thread_blocked, id=22864, stack(0x000000a628d00000,0x000000a628e00000) (1024K)]
  0x00000248d3af3760 JavaThread "Incoming local TCP Connector on port 54105"        [_thread_in_native, id=30456, stack(0x000000a629500000,0x000000a629600000) (1024K)]
  0x00000248d3ae8e20 JavaThread "Daemon periodic checks"            [_thread_blocked, id=30736, stack(0x000000a629600000,0x000000a629700000) (1024K)]
  0x00000248d3a98d30 JavaThread "Daemon"                            [_thread_blocked, id=13848, stack(0x000000a629700000,0x000000a629800000) (1024K)]
  0x00000248d3a986a0 JavaThread "Handler for socket connection from /127.0.0.1:54105 to /127.0.0.1:54106"        [_thread_in_native, id=2440, stack(0x000000a629800000,0x000000a629900000) (1024K)]
  0x00000248d3a98010 JavaThread "Cancel handler"                    [_thread_blocked, id=6404, stack(0x000000a629900000,0x000000a629a00000) (1024K)]
  0x00000248d3a993c0 JavaThread "Daemon worker"                     [_thread_blocked, id=31772, stack(0x000000a629a00000,0x000000a629b00000) (1024K)]
  0x00000248d3b8db90 JavaThread "Asynchronous log dispatcher for DefaultDaemonConnection: socket connection from /127.0.0.1:54105 to /127.0.0.1:54106"        [_thread_in_vm, id=30568, stack(0x000000a629b00000,0x000000a629c00000) (1024K)]
  0x00000248d3b8fc60 JavaThread "Stdin handler"                     [_thread_blocked, id=6544, stack(0x000000a629c00000,0x000000a629d00000) (1024K)]
  0x00000248d3b902f0 JavaThread "Daemon client event forwarder"        [_thread_blocked, id=10500, stack(0x000000a629d00000,0x000000a629e00000) (1024K)]
  0x00000248d3b90980 JavaThread "Cache worker for journal cache (C:\Users\ajays\.gradle\caches\journal-1)"        [_thread_blocked, id=22620, stack(0x000000a629f00000,0x000000a62a000000) (1024K)]
  0x00000248d3b8e8b0 JavaThread "File lock request listener"        [_thread_in_native, id=10204, stack(0x000000a62a000000,0x000000a62a100000) (1024K)]
  0x00000248d3b91010 JavaThread "Cache worker for file hash cache (C:\Users\ajays\.gradle\caches\8.13\fileHashes)"        [_thread_blocked, id=29952, stack(0x000000a62a100000,0x000000a62a200000) (1024K)]
  0x00000248d3b916a0 JavaThread "Cache worker for file hash cache (D:\android\Teamozy\.gradle\8.13\fileHashes)"        [_thread_blocked, id=24332, stack(0x000000a62a300000,0x000000a62a400000) (1024K)]
  0x00000248d3b8e220 JavaThread "Cache worker for Build Output Cleanup Cache (D:\android\Teamozy\.gradle\buildOutputCleanup)"        [_thread_blocked, id=17484, stack(0x000000a62a400000,0x000000a62a500000) (1024K)]
  0x00000248d3b91d30 JavaThread "File watcher server"        daemon [_thread_in_native, id=4944, stack(0x000000a62a500000,0x000000a62a600000) (1024K)]
  0x00000248d3b923c0 JavaThread "File watcher consumer"      daemon [_thread_blocked, id=10280, stack(0x000000a62a600000,0x000000a62a700000) (1024K)]
  0x00000248d3b8ef40 JavaThread "jar transforms"                    [_thread_blocked, id=1644, stack(0x000000a62a700000,0x000000a62a800000) (1024K)]
  0x00000248d3b94490 JavaThread "jar transforms Thread 2"           [_thread_blocked, id=28268, stack(0x000000a62a800000,0x000000a62a900000) (1024K)]
  0x00000248d3b92a50 JavaThread "Cache worker for checksums cache (D:\android\Teamozy\.gradle\8.13\checksums)"        [_thread_blocked, id=8528, stack(0x000000a62a900000,0x000000a62aa00000) (1024K)]
  0x00000248d3b930e0 JavaThread "Cache worker for file content cache (C:\Users\ajays\.gradle\caches\8.13\fileContent)"        [_thread_blocked, id=21800, stack(0x000000a62aa00000,0x000000a62ab00000) (1024K)]
  0x00000248d3b93e00 JavaThread "jar transforms Thread 3"           [_thread_blocked, id=29924, stack(0x000000a62ab00000,0x000000a62ac00000) (1024K)]
  0x00000248d73f43e0 JavaThread "Cache worker for cache directory md-supplier (C:\Users\ajays\.gradle\caches\8.13\md-supplier)"        [_thread_blocked, id=23068, stack(0x000000a62ac00000,0x000000a62ad00000) (1024K)]
  0x00000248d73f1c80 JavaThread "Cache worker for cache directory md-rule (C:\Users\ajays\.gradle\caches\8.13\md-rule)"        [_thread_blocked, id=9172, stack(0x000000a62ad00000,0x000000a62ae00000) (1024K)]
  0x00000248d73f29a0 JavaThread "Unconstrained build operations"        [_thread_blocked, id=28096, stack(0x000000a62ae00000,0x000000a62af00000) (1024K)]
  0x00000248d73f3030 JavaThread "Unconstrained build operations Thread 2"        [_thread_blocked, id=7264, stack(0x000000a62af00000,0x000000a62b000000) (1024K)]
  0x00000248d73f3d50 JavaThread "Unconstrained build operations Thread 3"        [_thread_blocked, id=11548, stack(0x000000a62b000000,0x000000a62b100000) (1024K)]
  0x00000248d73f36c0 JavaThread "Unconstrained build operations Thread 4"        [_thread_blocked, id=27244, stack(0x000000a62b100000,0x000000a62b200000) (1024K)]
  0x00000248d73f0f60 JavaThread "Unconstrained build operations Thread 5"        [_thread_blocked, id=5368, stack(0x000000a62b200000,0x000000a62b300000) (1024K)]
  0x00000248d73f4a70 JavaThread "Unconstrained build operations Thread 6"        [_thread_blocked, id=30992, stack(0x000000a62b300000,0x000000a62b400000) (1024K)]
  0x00000248d73f15f0 JavaThread "Unconstrained build operations Thread 7"        [_thread_blocked, id=32228, stack(0x000000a62b400000,0x000000a62b500000) (1024K)]
  0x00000248d73f5100 JavaThread "Unconstrained build operations Thread 8"        [_thread_blocked, id=26428, stack(0x000000a62b500000,0x000000a62b600000) (1024K)]
  0x00000248d73f7ef0 JavaThread "jar transforms Thread 4"           [_thread_blocked, id=1048, stack(0x000000a62b600000,0x000000a62b700000) (1024K)]
  0x00000248d73f7860 JavaThread "jar transforms Thread 5"           [_thread_blocked, id=25704, stack(0x000000a62b700000,0x000000a62b800000) (1024K)]
  0x00000248d73f71d0 JavaThread "Unconstrained build operations Thread 9"        [_thread_blocked, id=16376, stack(0x000000a62b800000,0x000000a62b900000) (1024K)]
  0x00000248d73f5790 JavaThread "Unconstrained build operations Thread 10"        [_thread_blocked, id=18456, stack(0x000000a62b900000,0x000000a62ba00000) (1024K)]
  0x00000248d73f8580 JavaThread "Unconstrained build operations Thread 11"        [_thread_blocked, id=32012, stack(0x000000a62ba00000,0x000000a62bb00000) (1024K)]
  0x00000248d73f5e20 JavaThread "Unconstrained build operations Thread 12"        [_thread_blocked, id=23644, stack(0x000000a62bb00000,0x000000a62bc00000) (1024K)]
  0x00000248d73f64b0 JavaThread "jar transforms Thread 6"           [_thread_blocked, id=19080, stack(0x000000a62bc00000,0x000000a62bd00000) (1024K)]
  0x00000248d73f6b40 JavaThread "jar transforms Thread 7"           [_thread_blocked, id=13972, stack(0x000000a62bd00000,0x000000a62be00000) (1024K)]
  0x00000248d8da1bb0 JavaThread "jar transforms Thread 8"           [_thread_blocked, id=23976, stack(0x000000a62be00000,0x000000a62bf00000) (1024K)]
  0x00000248d8da3c80 JavaThread "Unconstrained build operations Thread 13"        [_thread_blocked, id=27768, stack(0x000000a62bf00000,0x000000a62c000000) (1024K)]
  0x00000248d8da5d50 JavaThread "Unconstrained build operations Thread 14"        [_thread_blocked, id=31180, stack(0x000000a62c000000,0x000000a62c100000) (1024K)]
  0x00000248d8da35f0 JavaThread "Unconstrained build operations Thread 15"        [_thread_blocked, id=20072, stack(0x000000a62c100000,0x000000a62c200000) (1024K)]
  0x00000248d8da63e0 JavaThread "Unconstrained build operations Thread 16"        [_thread_blocked, id=17152, stack(0x000000a62c200000,0x000000a62c300000) (1024K)]
  0x00000248d8da2f60 JavaThread "Unconstrained build operations Thread 17"        [_thread_blocked, id=16332, stack(0x000000a62c300000,0x000000a62c400000) (1024K)]
  0x00000248d8da7790 JavaThread "Unconstrained build operations Thread 18"        [_thread_blocked, id=16108, stack(0x000000a62c400000,0x000000a62c500000) (1024K)]
  0x00000248d8da6a70 JavaThread "Unconstrained build operations Thread 19"        [_thread_blocked, id=5692, stack(0x000000a62c500000,0x000000a62c600000) (1024K)]
  0x00000248d8da7100 JavaThread "Unconstrained build operations Thread 20"        [_thread_blocked, id=28724, stack(0x000000a62c600000,0x000000a62c700000) (1024K)]
  0x00000248d8da4310 JavaThread "Unconstrained build operations Thread 21"        [_thread_blocked, id=15772, stack(0x000000a62c700000,0x000000a62c800000) (1024K)]
  0x00000248d8da84b0 JavaThread "Unconstrained build operations Thread 22"        [_thread_blocked, id=15396, stack(0x000000a62c800000,0x000000a62c900000) (1024K)]
  0x00000248d8da7e20 JavaThread "Unconstrained build operations Thread 23"        [_thread_blocked, id=20496, stack(0x000000a62c900000,0x000000a62ca00000) (1024K)]
  0x00000248d8da8b40 JavaThread "Unconstrained build operations Thread 24"        [_thread_blocked, id=21116, stack(0x000000a62ca00000,0x000000a62cb00000) (1024K)]
  0x00000248d8da91d0 JavaThread "Unconstrained build operations Thread 25"        [_thread_blocked, id=25860, stack(0x000000a62cb00000,0x000000a62cc00000) (1024K)]
  0x00000248d20df2a0 JavaThread "Unconstrained build operations Thread 26"        [_thread_blocked, id=28036, stack(0x000000a62cc00000,0x000000a62cd00000) (1024K)]
  0x00000248d20dd1d0 JavaThread "Unconstrained build operations Thread 27"        [_thread_blocked, id=3980, stack(0x000000a62cd00000,0x000000a62ce00000) (1024K)]
  0x00000248d20dbe20 JavaThread "Unconstrained build operations Thread 28"        [_thread_blocked, id=22512, stack(0x000000a62ce00000,0x000000a62cf00000) (1024K)]
  0x00000248d20dcb40 JavaThread "Unconstrained build operations Thread 29"        [_thread_blocked, id=11740, stack(0x000000a62cf00000,0x000000a62d000000) (1024K)]
  0x00000248d20df930 JavaThread "Unconstrained build operations Thread 30"        [_thread_blocked, id=27672, stack(0x000000a62d000000,0x000000a62d100000) (1024K)]
  0x00000248d20de580 JavaThread "Unconstrained build operations Thread 31"        [_thread_blocked, id=21388, stack(0x000000a62d100000,0x000000a62d200000) (1024K)]
  0x00000248d20dc4b0 JavaThread "Unconstrained build operations Thread 32"        [_thread_blocked, id=25052, stack(0x000000a62d200000,0x000000a62d300000) (1024K)]
  0x00000248d20dd860 JavaThread "Unconstrained build operations Thread 33"        [_thread_blocked, id=30064, stack(0x000000a62d300000,0x000000a62d400000) (1024K)]
  0x00000248d20e0650 JavaThread "Unconstrained build operations Thread 34"        [_thread_blocked, id=9620, stack(0x000000a62d400000,0x000000a62d500000) (1024K)]
  0x00000248d20e0ce0 JavaThread "Unconstrained build operations Thread 35"        [_thread_blocked, id=19068, stack(0x000000a62d500000,0x000000a62d600000) (1024K)]
  0x00000248d20ddef0 JavaThread "Unconstrained build operations Thread 36"        [_thread_blocked, id=2388, stack(0x000000a62d600000,0x000000a62d700000) (1024K)]
  0x00000248d20e2720 JavaThread "Unconstrained build operations Thread 37"        [_thread_blocked, id=29076, stack(0x000000a62d700000,0x000000a62d800000) (1024K)]
  0x00000248d20e1370 JavaThread "Unconstrained build operations Thread 38"        [_thread_blocked, id=9144, stack(0x000000a62d800000,0x000000a62d900000) (1024K)]
  0x00000248d20e2090 JavaThread "Unconstrained build operations Thread 39"        [_thread_blocked, id=10992, stack(0x000000a62d900000,0x000000a62da00000) (1024K)]
  0x00000248d20e2db0 JavaThread "Unconstrained build operations Thread 40"        [_thread_blocked, id=9480, stack(0x000000a62da00000,0x000000a62db00000) (1024K)]
  0x00000248d20e3440 JavaThread "Unconstrained build operations Thread 41"        [_thread_blocked, id=4128, stack(0x000000a62db00000,0x000000a62dc00000) (1024K)]
  0x00000248d20e1a00 JavaThread "Unconstrained build operations Thread 42"        [_thread_blocked, id=31292, stack(0x000000a62dc00000,0x000000a62dd00000) (1024K)]
  0x00000248d23e00e0 JavaThread "Unconstrained build operations Thread 43"        [_thread_blocked, id=2792, stack(0x000000a62dd00000,0x000000a62de00000) (1024K)]
  0x00000248d23dd980 JavaThread "Unconstrained build operations Thread 44"        [_thread_blocked, id=9104, stack(0x000000a62de00000,0x000000a62df00000) (1024K)]
  0x00000248d23de010 JavaThread "build event listener"              [_thread_blocked, id=5996, stack(0x000000a628c00000,0x000000a628d00000) (1024K)]
  0x00000248d23de6a0 JavaThread "Memory manager"                    [_thread_blocked, id=11756, stack(0x000000a62df00000,0x000000a62e000000) (1024K)]
  0x00000248d23e21b0 JavaThread "build event listener"              [_thread_blocked, id=17204, stack(0x000000a62e100000,0x000000a62e200000) (1024K)]
  0x00000248d87aefe0 JavaThread "included builds"                   [_thread_blocked, id=6576, stack(0x000000a62e200000,0x000000a62e300000) (1024K)]
  0x00000248d87aae40 JavaThread "Execution worker"                  [_thread_blocked, id=7856, stack(0x000000a62e300000,0x000000a62e400000) (1024K)]
  0x00000248d87af670 JavaThread "Execution worker Thread 2"         [_thread_blocked, id=15628, stack(0x000000a62e400000,0x000000a62e500000) (1024K)]
  0x00000248d87ac1f0 JavaThread "Execution worker Thread 3"         [_thread_blocked, id=29984, stack(0x000000a62e500000,0x000000a62e600000) (1024K)]
  0x00000248d87afd00 JavaThread "Execution worker Thread 4"         [_thread_blocked, id=17940, stack(0x000000a62e600000,0x000000a62e700000) (1024K)]
  0x00000248d87ac880 JavaThread "Execution worker Thread 5"         [_thread_blocked, id=28992, stack(0x000000a62e700000,0x000000a62e800000) (1024K)]
  0x00000248d87b0a20 JavaThread "Execution worker Thread 6"         [_thread_blocked, id=19252, stack(0x000000a62e800000,0x000000a62e900000) (1024K)]
  0x00000248d87b1dd0 JavaThread "Execution worker Thread 7"         [_thread_blocked, id=18176, stack(0x000000a62e900000,0x000000a62ea00000) (1024K)]
  0x00000248d87b1740 JavaThread "Cache worker for execution history cache (D:\android\Teamozy\.gradle\8.13\executionHistory)"        [_thread_blocked, id=14216, stack(0x000000a62ea00000,0x000000a62eb00000) (1024K)]
  0x00000248d8280060 JavaThread "Unconstrained build operations Thread 45"        [_thread_blocked, id=20812, stack(0x000000a62eb00000,0x000000a62ec00000) (1024K)]
  0x00000248d827ecb0 JavaThread "Unconstrained build operations Thread 46"        [_thread_blocked, id=18464, stack(0x000000a62ec00000,0x000000a62ed00000) (1024K)]
  0x00000248d827f340 JavaThread "Unconstrained build operations Thread 47"        [_thread_blocked, id=10364, stack(0x000000a62ed00000,0x000000a62ee00000) (1024K)]
  0x00000248d827df90 JavaThread "Unconstrained build operations Thread 48"        [_thread_blocked, id=21900, stack(0x000000a62ee00000,0x000000a62ef00000) (1024K)]
  0x00000248d82806f0 JavaThread "Unconstrained build operations Thread 49"        [_thread_blocked, id=29084, stack(0x000000a62ef00000,0x000000a62f000000) (1024K)]
  0x00000248d8281410 JavaThread "Unconstrained build operations Thread 50"        [_thread_blocked, id=18852, stack(0x000000a62f000000,0x000000a62f100000) (1024K)]
  0x00000248d8282e50 JavaThread "Unconstrained build operations Thread 51"        [_thread_blocked, id=13264, stack(0x000000a62f100000,0x000000a62f200000) (1024K)]
  0x00000248d82827c0 JavaThread "Unconstrained build operations Thread 52"        [_thread_blocked, id=20868, stack(0x000000a62f200000,0x000000a62f300000) (1024K)]
  0x00000248d8284200 JavaThread "Unconstrained build operations Thread 53"        [_thread_blocked, id=13780, stack(0x000000a62f300000,0x000000a62f400000) (1024K)]
  0x00000248d8283b70 JavaThread "Unconstrained build operations Thread 54"        [_thread_blocked, id=14644, stack(0x000000a62f400000,0x000000a62f500000) (1024K)]
  0x00000248d8280d80 JavaThread "Unconstrained build operations Thread 55"        [_thread_blocked, id=18548, stack(0x000000a62f500000,0x000000a62f600000) (1024K)]
  0x00000248d8284890 JavaThread "Unconstrained build operations Thread 56"        [_thread_blocked, id=27652, stack(0x000000a62f600000,0x000000a62f700000) (1024K)]
  0x00000248d8284f20 JavaThread "Unconstrained build operations Thread 57"        [_thread_blocked, id=9832, stack(0x000000a62f700000,0x000000a62f800000) (1024K)]
  0x00000248d8281aa0 JavaThread "Unconstrained build operations Thread 58"        [_thread_blocked, id=12756, stack(0x000000a62f800000,0x000000a62f900000) (1024K)]
  0x00000248d82834e0 JavaThread "Unconstrained build operations Thread 59"        [_thread_blocked, id=26704, stack(0x000000a62f900000,0x000000a62fa00000) (1024K)]
  0x00000248d978bde0 JavaThread "Unconstrained build operations Thread 60"        [_thread_blocked, id=12868, stack(0x000000a62fa00000,0x000000a62fb00000) (1024K)]
  0x00000248d978deb0 JavaThread "Unconstrained build operations Thread 61"        [_thread_blocked, id=22896, stack(0x000000a62fb00000,0x000000a62fc00000) (1024K)]
  0x00000248d978cb00 JavaThread "Unconstrained build operations Thread 62"        [_thread_blocked, id=364, stack(0x000000a62fc00000,0x000000a62fd00000) (1024K)]
  0x00000248d978c470 JavaThread "Unconstrained build operations Thread 63"        [_thread_blocked, id=21340, stack(0x000000a62fd00000,0x000000a62fe00000) (1024K)]
  0x00000248d978d190 JavaThread "Unconstrained build operations Thread 64"        [_thread_blocked, id=32616, stack(0x000000a62fe00000,0x000000a62ff00000) (1024K)]
  0x00000248d23e0e00 JavaThread "Unconstrained build operations Thread 65"        [_thread_blocked, id=19604, stack(0x000000a62ff00000,0x000000a630000000) (1024K)]
  0x00000248d23e4910 JavaThread "Unconstrained build operations Thread 66"        [_thread_blocked, id=13636, stack(0x000000a630000000,0x000000a630100000) (1024K)]
  0x00000248d23e1490 JavaThread "Unconstrained build operations Thread 67"        [_thread_blocked, id=13488, stack(0x000000a630100000,0x000000a630200000) (1024K)]
  0x00000248d8da2240 JavaThread "Unconstrained build operations Thread 68"        [_thread_blocked, id=21968, stack(0x000000a630200000,0x000000a630300000) (1024K)]
  0x00000248d8da49a0 JavaThread "Unconstrained build operations Thread 69"        [_thread_blocked, id=7872, stack(0x000000a630300000,0x000000a630400000) (1024K)]
  0x00000248d87ae950 JavaThread "Unconstrained build operations Thread 70"        [_thread_blocked, id=22360, stack(0x000000a630400000,0x000000a630500000) (1024K)]
  0x00000248d978b750 JavaThread "Unconstrained build operations Thread 71"        [_thread_blocked, id=20328, stack(0x000000a630500000,0x000000a630600000) (1024K)]
  0x00000248d9c9fe60 JavaThread "Unconstrained build operations Thread 72"        [_thread_blocked, id=10092, stack(0x000000a630600000,0x000000a630700000) (1024K)]
  0x00000248d9ca0b80 JavaThread "Unconstrained build operations Thread 73"        [_thread_blocked, id=9048, stack(0x000000a630700000,0x000000a630800000) (1024K)]
  0x00000248d9ca1210 JavaThread "Unconstrained build operations Thread 74"        [_thread_blocked, id=9372, stack(0x000000a630800000,0x000000a630900000) (1024K)]
  0x00000248d9ca25c0 JavaThread "Unconstrained build operations Thread 75"        [_thread_blocked, id=28756, stack(0x000000a630900000,0x000000a630a00000) (1024K)]
  0x00000248d9ca1f30 JavaThread "Unconstrained build operations Thread 76"        [_thread_blocked, id=19796, stack(0x000000a630a00000,0x000000a630b00000) (1024K)]
  0x00000248d9ca18a0 JavaThread "Unconstrained build operations Thread 77"        [_thread_blocked, id=8556, stack(0x000000a630b00000,0x000000a630c00000) (1024K)]
  0x00000248d9ca04f0 JavaThread "Unconstrained build operations Thread 78"        [_thread_blocked, id=16088, stack(0x000000a630c00000,0x000000a630d00000) (1024K)]
  0x00000248d9ca32e0 JavaThread "Unconstrained build operations Thread 79"        [_thread_blocked, id=8012, stack(0x000000a630d00000,0x000000a630e00000) (1024K)]
  0x00000248de761170 JavaThread "Unconstrained build operations Thread 80"        [_thread_blocked, id=11364, stack(0x000000a630e00000,0x000000a630f00000) (1024K)]
  0x00000248de75e380 JavaThread "WorkerExecutor Queue"              [_thread_in_native, id=30696, stack(0x000000a630f00000,0x000000a631000000) (1024K)]
  0x00000248e09899b0 JavaThread "RMI Scheduler(0)"           daemon [_thread_blocked, id=32544, stack(0x000000a631000000,0x000000a631100000) (1024K)]
  0x00000248e098a6d0 JavaThread "RMI RenewClean-[127.0.0.1:17748,org.jetbrains.kotlin.daemon.common.LoopbackNetworkInterface$ClientLoopbackSocketFactory@28bf3203]" daemon [_thread_blocked, id=1076, stack(0x000000a631100000,0x000000a631200000) (1024K)]
  0x00000248e0987250 JavaThread "RMI GC Daemon"              daemon [_thread_blocked, id=27176, stack(0x000000a631200000,0x000000a631300000) (1024K)]
  0x00000248e098b3f0 JavaThread "RMI TCP Accept-0"           daemon [_thread_in_native, id=27948, stack(0x000000a631300000,0x000000a631400000) (1024K)]
  0x00000248e0989320 JavaThread "RMI Reaper"                        [_thread_blocked, id=14612, stack(0x000000a631400000,0x000000a631500000) (1024K)]
  0x00000248e098ad60 JavaThread "RMI TCP Connection(idle)"   daemon [_thread_blocked, id=30144, stack(0x000000a631500000,0x000000a631600000) (1024K)]
  0x00000248e098a040 JavaThread "WorkerExecutor Queue Thread 2"        [_thread_blocked, id=8536, stack(0x000000a631600000,0x000000a631700000) (1024K)]
  0x00000248e0987f70 JavaThread "RMI RenewClean-[127.0.0.1:17748,org.jetbrains.kotlin.daemon.common.LoopbackNetworkInterface$ClientLoopbackSocketFactory@42185a9d]" daemon [_thread_blocked, id=5636, stack(0x000000a631700000,0x000000a631800000) (1024K)]
  0x00000248e098ba80 JavaThread "RMI TCP Connection(idle)"   daemon [_thread_blocked, id=12912, stack(0x000000a631800000,0x000000a631900000) (1024K)]
=>0x00000248d84a8780 JavaThread "C2 CompilerThread1"         daemon [_thread_in_native, id=14488, stack(0x000000a62a200000,0x000000a62a300000) (1024K)]
  0x00000248d60dd420 JavaThread "C2 CompilerThread2"         daemon [_thread_in_native, id=10916, stack(0x000000a62e000000,0x000000a62e100000) (1024K)]
Total: 144

Other Threads:
  0x00000248cdbec0c0 VMThread "VM Thread"                           [id=21984, stack(0x000000a628100000,0x000000a628200000) (1024K)]
  0x00000248cda3a5c0 WatcherThread "VM Periodic Task Thread"        [id=15752, stack(0x000000a628000000,0x000000a628100000) (1024K)]
  0x00000248b6391800 WorkerThread "GC Thread#0"                     [id=9456, stack(0x000000a627b00000,0x000000a627c00000) (1024K)]
  0x00000248d239d3e0 WorkerThread "GC Thread#1"                     [id=11744, stack(0x000000a628e00000,0x000000a628f00000) (1024K)]
  0x00000248d254b540 WorkerThread "GC Thread#2"                     [id=7884, stack(0x000000a628f00000,0x000000a629000000) (1024K)]
  0x00000248d254b8e0 WorkerThread "GC Thread#3"                     [id=4732, stack(0x000000a629000000,0x000000a629100000) (1024K)]
  0x00000248d2612030 WorkerThread "GC Thread#4"                     [id=8816, stack(0x000000a629100000,0x000000a629200000) (1024K)]
  0x00000248d26123d0 WorkerThread "GC Thread#5"                     [id=17692, stack(0x000000a629200000,0x000000a629300000) (1024K)]
  0x00000248d3950150 WorkerThread "GC Thread#6"                     [id=30032, stack(0x000000a629300000,0x000000a629400000) (1024K)]
  0x00000248d3951370 WorkerThread "GC Thread#7"                     [id=16536, stack(0x000000a629400000,0x000000a629500000) (1024K)]
  0x00000248b63a3530 ConcurrentGCThread "G1 Main Marker"            [id=696, stack(0x000000a627c00000,0x000000a627d00000) (1024K)]
  0x00000248b63a46e0 WorkerThread "G1 Conc#0"                       [id=29396, stack(0x000000a627d00000,0x000000a627e00000) (1024K)]
  0x00000248d3950890 WorkerThread "G1 Conc#1"                       [id=23724, stack(0x000000a629e00000,0x000000a629f00000) (1024K)]
  0x00000248b63fe840 ConcurrentGCThread "G1 Refine#0"               [id=14384, stack(0x000000a627e00000,0x000000a627f00000) (1024K)]
  0x00000248cd90a6d0 ConcurrentGCThread "G1 Service"                [id=23744, stack(0x000000a627f00000,0x000000a628000000) (1024K)]
Total: 15

Threads with active compile tasks:
C2 CompilerThread0  27501 16519       4       org.gradle.internal.logging.text.AbstractLineChoppingStyledTextOutput$2::execute (77 bytes)
C2 CompilerThread1  27501 16518       4       org.gradle.internal.logging.text.AbstractLineChoppingStyledTextOutput$1::execute (140 bytes)
C2 CompilerThread2  27501 16529       4       org.gradle.internal.logging.text.AbstractLineChoppingStyledTextOutput::doAppend (43 bytes)
Total: 3

VM state: not at safepoint (normal execution)

VM Mutex/Monitor currently owned by a thread: None

Heap address: 0x0000000080000000, size: 2048 MB, Compressed Oops mode: 32-bit

CDS archive(s) not mapped
Compressed class space mapped at: 0x0000000100000000-0x0000000140000000, reserved size: 1073741824
Narrow klass base: 0x0000000000000000, Narrow klass shift: 3, Narrow klass range: 0x140000000

GC Precious Log:
 CardTable entry size: 512
 Card Set container configuration: InlinePtr #cards 5 size 8 Array Of Cards #cards 12 size 40 Howl #buckets 4 coarsen threshold 1843 Howl Bitmap #cards 512 size 80 coarsen threshold 460 Card regions per heap region 1 cards per card region 2048
 CPUs: 8 total, 8 available
 Memory: 16153M
 Large Page Support: Disabled
 NUMA Support: Disabled
 Compressed Oops: Enabled (32-bit)
 Heap Region Size: 1M
 Heap Min Capacity: 8M
 Heap Initial Capacity: 254M
 Heap Max Capacity: 2G
 Pre-touch: Disabled
 Parallel Workers: 8
 Concurrent Workers: 2
 Concurrent Refinement Workers: 8
 Periodic GC: Disabled

Heap:
 garbage-first heap   total 305152K, used 226108K [0x0000000080000000, 0x0000000100000000)
  region size 1024K, 72 young (73728K), 8 survivors (8192K)
 Metaspace       used 125440K, committed 127872K, reserved 1179648K
  class space    used 17779K, committed 18944K, reserved 1048576K

Heap Regions: E=young(eden), S=young(survivor), O=old, HS=humongous(starts), HC=humongous(continues), CS=collection set, F=free, TAMS=top-at-mark-start, PB=parsable bottom
|   0|0x0000000080000000, 0x0000000080100000, 0x0000000080100000|100%|HS|  |TAMS 0x0000000080000000| PB 0x0000000080000000| Complete 
|   1|0x0000000080100000, 0x0000000080200000, 0x0000000080200000|100%|HC|  |TAMS 0x0000000080100000| PB 0x0000000080100000| Complete 
|   2|0x0000000080200000, 0x0000000080300000, 0x0000000080300000|100%|HC|  |TAMS 0x0000000080200000| PB 0x0000000080200000| Complete 
|   3|0x0000000080300000, 0x0000000080400000, 0x0000000080400000|100%| O|  |TAMS 0x0000000080300000| PB 0x0000000080300000| Untracked 
|   4|0x0000000080400000, 0x0000000080500000, 0x0000000080500000|100%| O|  |TAMS 0x0000000080400000| PB 0x0000000080400000| Untracked 
|   5|0x0000000080500000, 0x0000000080600000, 0x0000000080600000|100%| O|  |TAMS 0x0000000080500000| PB 0x0000000080500000| Untracked 
|   6|0x0000000080600000, 0x0000000080700000, 0x0000000080700000|100%|HS|  |TAMS 0x0000000080600000| PB 0x0000000080600000| Complete 
|   7|0x0000000080700000, 0x0000000080800000, 0x0000000080800000|100%| O|  |TAMS 0x0000000080700000| PB 0x0000000080700000| Untracked 
|   8|0x0000000080800000, 0x0000000080900000, 0x0000000080900000|100%| O|  |TAMS 0x0000000080800000| PB 0x0000000080800000| Untracked 
|   9|0x0000000080900000, 0x0000000080a00000, 0x0000000080a00000|100%| O|  |TAMS 0x0000000080900000| PB 0x0000000080900000| Untracked 
|  10|0x0000000080a00000, 0x0000000080b00000, 0x0000000080b00000|100%| O|  |TAMS 0x0000000080a00000| PB 0x0000000080a00000| Untracked 
|  11|0x0000000080b00000, 0x0000000080c00000, 0x0000000080c00000|100%| O|  |TAMS 0x0000000080b00000| PB 0x0000000080b00000| Untracked 
|  12|0x0000000080c00000, 0x0000000080d00000, 0x0000000080d00000|100%| O|  |TAMS 0x0000000080c00000| PB 0x0000000080c00000| Untracked 
|  13|0x0000000080d00000, 0x0000000080e00000, 0x0000000080e00000|100%| O|  |TAMS 0x0000000080d00000| PB 0x0000000080d00000| Untracked 
|  14|0x0000000080e00000, 0x0000000080f00000, 0x0000000080f00000|100%| O|  |TAMS 0x0000000080e00000| PB 0x0000000080e00000| Untracked 
|  15|0x0000000080f00000, 0x0000000081000000, 0x0000000081000000|100%| O|  |TAMS 0x0000000080f00000| PB 0x0000000080f00000| Untracked 
|  16|0x0000000081000000, 0x0000000081100000, 0x0000000081100000|100%| O|  |TAMS 0x0000000081000000| PB 0x0000000081000000| Untracked 
|  17|0x0000000081100000, 0x0000000081200000, 0x0000000081200000|100%| O|  |TAMS 0x0000000081100000| PB 0x0000000081100000| Untracked 
|  18|0x0000000081200000, 0x0000000081300000, 0x0000000081300000|100%| O|  |TAMS 0x0000000081200000| PB 0x0000000081200000| Untracked 
|  19|0x0000000081300000, 0x0000000081400000, 0x0000000081400000|100%| O|  |TAMS 0x0000000081300000| PB 0x0000000081300000| Untracked 
|  20|0x0000000081400000, 0x0000000081500000, 0x0000000081500000|100%| O|  |TAMS 0x0000000081400000| PB 0x0000000081400000| Untracked 
|  21|0x0000000081500000, 0x0000000081600000, 0x0000000081600000|100%| O|  |TAMS 0x0000000081500000| PB 0x0000000081500000| Untracked 
|  22|0x0000000081600000, 0x0000000081700000, 0x0000000081700000|100%| O|  |TAMS 0x0000000081600000| PB 0x0000000081600000| Untracked 
|  23|0x0000000081700000, 0x0000000081800000, 0x0000000081800000|100%| O|  |TAMS 0x0000000081700000| PB 0x0000000081700000| Untracked 
|  24|0x0000000081800000, 0x0000000081900000, 0x0000000081900000|100%| O|  |TAMS 0x0000000081800000| PB 0x0000000081800000| Untracked 
|  25|0x0000000081900000, 0x0000000081a00000, 0x0000000081a00000|100%| O|  |TAMS 0x0000000081900000| PB 0x0000000081900000| Untracked 
|  26|0x0000000081a00000, 0x0000000081b00000, 0x0000000081b00000|100%| O|  |TAMS 0x0000000081a00000| PB 0x0000000081a00000| Untracked 
|  27|0x0000000081b00000, 0x0000000081c00000, 0x0000000081c00000|100%| O|  |TAMS 0x0000000081b00000| PB 0x0000000081b00000| Untracked 
|  28|0x0000000081c00000, 0x0000000081d00000, 0x0000000081d00000|100%| O|  |TAMS 0x0000000081c00000| PB 0x0000000081c00000| Untracked 
|  29|0x0000000081d00000, 0x0000000081e00000, 0x0000000081e00000|100%| O|  |TAMS 0x0000000081d00000| PB 0x0000000081d00000| Untracked 
|  30|0x0000000081e00000, 0x0000000081f00000, 0x0000000081f00000|100%| O|  |TAMS 0x0000000081e00000| PB 0x0000000081e00000| Untracked 
|  31|0x0000000081f00000, 0x0000000082000000, 0x0000000082000000|100%| O|  |TAMS 0x0000000081f00000| PB 0x0000000081f00000| Untracked 
|  32|0x0000000082000000, 0x0000000082100000, 0x0000000082100000|100%| O|  |TAMS 0x0000000082000000| PB 0x0000000082000000| Untracked 
|  33|0x0000000082100000, 0x0000000082200000, 0x0000000082200000|100%| O|  |TAMS 0x0000000082100000| PB 0x0000000082100000| Untracked 
|  34|0x0000000082200000, 0x0000000082300000, 0x0000000082300000|100%| O|  |TAMS 0x0000000082200000| PB 0x0000000082200000| Untracked 
|  35|0x0000000082300000, 0x0000000082400000, 0x0000000082400000|100%| O|  |TAMS 0x0000000082300000| PB 0x0000000082300000| Untracked 
|  36|0x0000000082400000, 0x0000000082500000, 0x0000000082500000|100%|HS|  |TAMS 0x0000000082400000| PB 0x0000000082400000| Complete 
|  37|0x0000000082500000, 0x0000000082600000, 0x0000000082600000|100%|HS|  |TAMS 0x0000000082500000| PB 0x0000000082500000| Complete 
|  38|0x0000000082600000, 0x0000000082700000, 0x0000000082700000|100%|HS|  |TAMS 0x0000000082600000| PB 0x0000000082600000| Complete 
|  39|0x0000000082700000, 0x0000000082800000, 0x0000000082800000|100%| O|  |TAMS 0x0000000082700000| PB 0x0000000082700000| Untracked 
|  40|0x0000000082800000, 0x0000000082900000, 0x0000000082900000|100%| O|  |TAMS 0x0000000082800000| PB 0x0000000082800000| Untracked 
|  41|0x0000000082900000, 0x0000000082a00000, 0x0000000082a00000|100%| O|  |TAMS 0x0000000082900000| PB 0x0000000082900000| Untracked 
|  42|0x0000000082a00000, 0x0000000082b00000, 0x0000000082b00000|100%| O|  |TAMS 0x0000000082a00000| PB 0x0000000082a00000| Untracked 
|  43|0x0000000082b00000, 0x0000000082c00000, 0x0000000082c00000|100%| O|  |TAMS 0x0000000082b00000| PB 0x0000000082b00000| Untracked 
|  44|0x0000000082c00000, 0x0000000082d00000, 0x0000000082d00000|100%|HS|  |TAMS 0x0000000082c00000| PB 0x0000000082c00000| Complete 
|  45|0x0000000082d00000, 0x0000000082e00000, 0x0000000082e00000|100%| O|  |TAMS 0x0000000082d00000| PB 0x0000000082d00000| Untracked 
|  46|0x0000000082e00000, 0x0000000082f00000, 0x0000000082f00000|100%| O|  |TAMS 0x0000000082e00000| PB 0x0000000082e00000| Untracked 
|  47|0x0000000082f00000, 0x0000000083000000, 0x0000000083000000|100%| O|  |TAMS 0x0000000082f00000| PB 0x0000000082f00000| Untracked 
|  48|0x0000000083000000, 0x0000000083100000, 0x0000000083100000|100%| O|  |TAMS 0x0000000083000000| PB 0x0000000083000000| Untracked 
|  49|0x0000000083100000, 0x0000000083200000, 0x0000000083200000|100%|HS|  |TAMS 0x0000000083100000| PB 0x0000000083100000| Complete 
|  50|0x0000000083200000, 0x0000000083300000, 0x0000000083300000|100%|HC|  |TAMS 0x0000000083200000| PB 0x0000000083200000| Complete 
|  51|0x0000000083300000, 0x0000000083400000, 0x0000000083400000|100%|HS|  |TAMS 0x0000000083300000| PB 0x0000000083300000| Complete 
|  52|0x0000000083400000, 0x0000000083500000, 0x0000000083500000|100%|HC|  |TAMS 0x0000000083400000| PB 0x0000000083400000| Complete 
|  53|0x0000000083500000, 0x0000000083600000, 0x0000000083600000|100%| O|  |TAMS 0x0000000083500000| PB 0x0000000083500000| Untracked 
|  54|0x0000000083600000, 0x0000000083700000, 0x0000000083700000|100%| O|  |TAMS 0x0000000083600000| PB 0x0000000083600000| Untracked 
|  55|0x0000000083700000, 0x0000000083800000, 0x0000000083800000|100%| O|  |TAMS 0x0000000083700000| PB 0x0000000083700000| Untracked 
|  56|0x0000000083800000, 0x0000000083900000, 0x0000000083900000|100%| O|  |TAMS 0x0000000083800000| PB 0x0000000083800000| Untracked 
|  57|0x0000000083900000, 0x0000000083a00000, 0x0000000083a00000|100%| O|  |TAMS 0x0000000083900000| PB 0x0000000083900000| Untracked 
|  58|0x0000000083a00000, 0x0000000083b00000, 0x0000000083b00000|100%|HS|  |TAMS 0x0000000083a00000| PB 0x0000000083a00000| Complete 
|  59|0x0000000083b00000, 0x0000000083c00000, 0x0000000083c00000|100%|HS|  |TAMS 0x0000000083b00000| PB 0x0000000083b00000| Complete 
|  60|0x0000000083c00000, 0x0000000083d00000, 0x0000000083d00000|100%|HC|  |TAMS 0x0000000083c00000| PB 0x0000000083c00000| Complete 
|  61|0x0000000083d00000, 0x0000000083e00000, 0x0000000083e00000|100%|HC|  |TAMS 0x0000000083d00000| PB 0x0000000083d00000| Complete 
|  62|0x0000000083e00000, 0x0000000083f00000, 0x0000000083f00000|100%|HS|  |TAMS 0x0000000083e00000| PB 0x0000000083e00000| Complete 
|  63|0x0000000083f00000, 0x0000000084000000, 0x0000000084000000|100%| O|  |TAMS 0x0000000083f00000| PB 0x0000000083f00000| Untracked 
|  64|0x0000000084000000, 0x0000000084100000, 0x0000000084100000|100%| O|  |TAMS 0x0000000084000000| PB 0x0000000084000000| Untracked 
|  65|0x0000000084100000, 0x0000000084200000, 0x0000000084200000|100%| O|  |TAMS 0x0000000084100000| PB 0x0000000084100000| Untracked 
|  66|0x0000000084200000, 0x0000000084300000, 0x0000000084300000|100%| O|  |TAMS 0x0000000084200000| PB 0x0000000084200000| Untracked 
|  67|0x0000000084300000, 0x0000000084400000, 0x0000000084400000|100%| O|  |TAMS 0x0000000084300000| PB 0x0000000084300000| Untracked 
|  68|0x0000000084400000, 0x0000000084500000, 0x0000000084500000|100%| O|  |TAMS 0x0000000084400000| PB 0x0000000084400000| Untracked 
|  69|0x0000000084500000, 0x0000000084600000, 0x0000000084600000|100%| O|  |TAMS 0x0000000084500000| PB 0x0000000084500000| Untracked 
|  70|0x0000000084600000, 0x0000000084700000, 0x0000000084700000|100%| O|  |TAMS 0x0000000084600000| PB 0x0000000084600000| Untracked 
|  71|0x0000000084700000, 0x0000000084800000, 0x0000000084800000|100%| O|  |TAMS 0x0000000084700000| PB 0x0000000084700000| Untracked 
|  72|0x0000000084800000, 0x0000000084900000, 0x0000000084900000|100%| O|  |TAMS 0x0000000084800000| PB 0x0000000084800000| Untracked 
|  73|0x0000000084900000, 0x0000000084a00000, 0x0000000084a00000|100%| O|  |TAMS 0x0000000084900000| PB 0x0000000084900000| Untracked 
|  74|0x0000000084a00000, 0x0000000084b00000, 0x0000000084b00000|100%| O|  |TAMS 0x0000000084a00000| PB 0x0000000084a00000| Untracked 
|  75|0x0000000084b00000, 0x0000000084c00000, 0x0000000084c00000|100%| O|  |TAMS 0x0000000084b00000| PB 0x0000000084b00000| Untracked 
|  76|0x0000000084c00000, 0x0000000084d00000, 0x0000000084d00000|100%|HS|  |TAMS 0x0000000084c00000| PB 0x0000000084c00000| Complete 
|  77|0x0000000084d00000, 0x0000000084e00000, 0x0000000084e00000|100%|HC|  |TAMS 0x0000000084d00000| PB 0x0000000084d00000| Complete 
|  78|0x0000000084e00000, 0x0000000084f00000, 0x0000000084f00000|100%|HC|  |TAMS 0x0000000084e00000| PB 0x0000000084e00000| Complete 
|  79|0x0000000084f00000, 0x0000000085000000, 0x0000000085000000|100%| O|  |TAMS 0x0000000084f00000| PB 0x0000000084f00000| Untracked 
|  80|0x0000000085000000, 0x0000000085100000, 0x0000000085100000|100%| O|  |TAMS 0x0000000085000000| PB 0x0000000085000000| Untracked 
|  81|0x0000000085100000, 0x0000000085200000, 0x0000000085200000|100%| O|  |TAMS 0x0000000085100000| PB 0x0000000085100000| Untracked 
|  82|0x0000000085200000, 0x0000000085300000, 0x0000000085300000|100%| O|  |TAMS 0x0000000085200000| PB 0x0000000085200000| Untracked 
|  83|0x0000000085300000, 0x0000000085400000, 0x0000000085400000|100%| O|  |TAMS 0x0000000085300000| PB 0x0000000085300000| Untracked 
|  84|0x0000000085400000, 0x0000000085500000, 0x0000000085500000|100%| O|  |TAMS 0x0000000085400000| PB 0x0000000085400000| Untracked 
|  85|0x0000000085500000, 0x0000000085500000, 0x0000000085600000|  0%| F|  |TAMS 0x0000000085500000| PB 0x0000000085500000| Untracked 
|  86|0x0000000085600000, 0x0000000085700000, 0x0000000085700000|100%| O|  |TAMS 0x0000000085600000| PB 0x0000000085600000| Untracked 
|  87|0x0000000085700000, 0x0000000085800000, 0x0000000085800000|100%| O|  |TAMS 0x0000000085700000| PB 0x0000000085700000| Untracked 
|  88|0x0000000085800000, 0x0000000085900000, 0x0000000085900000|100%| O|  |TAMS 0x0000000085800000| PB 0x0000000085800000| Untracked 
|  89|0x0000000085900000, 0x0000000085a00000, 0x0000000085a00000|100%| O|  |TAMS 0x0000000085900000| PB 0x0000000085900000| Untracked 
|  90|0x0000000085a00000, 0x0000000085b00000, 0x0000000085b00000|100%| O|  |TAMS 0x0000000085a00000| PB 0x0000000085a00000| Untracked 
|  91|0x0000000085b00000, 0x0000000085c00000, 0x0000000085c00000|100%| O|  |TAMS 0x0000000085b00000| PB 0x0000000085b00000| Untracked 
|  92|0x0000000085c00000, 0x0000000085d00000, 0x0000000085d00000|100%|HS|  |TAMS 0x0000000085c00000| PB 0x0000000085c00000| Complete 
|  93|0x0000000085d00000, 0x0000000085e00000, 0x0000000085e00000|100%| O|  |TAMS 0x0000000085d00000| PB 0x0000000085d00000| Untracked 
|  94|0x0000000085e00000, 0x0000000085f00000, 0x0000000085f00000|100%| O|  |TAMS 0x0000000085e00000| PB 0x0000000085e00000| Untracked 
|  95|0x0000000085f00000, 0x0000000086000000, 0x0000000086000000|100%| O|  |TAMS 0x0000000085f00000| PB 0x0000000085f00000| Untracked 
|  96|0x0000000086000000, 0x0000000086100000, 0x0000000086100000|100%| O|  |TAMS 0x0000000086000000| PB 0x0000000086000000| Untracked 
|  97|0x0000000086100000, 0x0000000086200000, 0x0000000086200000|100%| O|  |TAMS 0x0000000086100000| PB 0x0000000086100000| Untracked 
|  98|0x0000000086200000, 0x0000000086300000, 0x0000000086300000|100%| O|  |TAMS 0x0000000086200000| PB 0x0000000086200000| Untracked 
|  99|0x0000000086300000, 0x0000000086400000, 0x0000000086400000|100%| O|  |TAMS 0x0000000086300000| PB 0x0000000086300000| Untracked 
| 100|0x0000000086400000, 0x0000000086500000, 0x0000000086500000|100%| O|  |TAMS 0x0000000086400000| PB 0x0000000086400000| Untracked 
| 101|0x0000000086500000, 0x0000000086600000, 0x0000000086600000|100%| O|  |TAMS 0x0000000086500000| PB 0x0000000086500000| Untracked 
| 102|0x0000000086600000, 0x0000000086700000, 0x0000000086700000|100%| O|  |TAMS 0x0000000086600000| PB 0x0000000086600000| Untracked 
| 103|0x0000000086700000, 0x0000000086800000, 0x0000000086800000|100%| O|  |TAMS 0x0000000086700000| PB 0x0000000086700000| Untracked 
| 104|0x0000000086800000, 0x0000000086900000, 0x0000000086900000|100%| O|  |TAMS 0x0000000086800000| PB 0x0000000086800000| Untracked 
| 105|0x0000000086900000, 0x0000000086a00000, 0x0000000086a00000|100%| O|  |TAMS 0x0000000086900000| PB 0x0000000086900000| Untracked 
| 106|0x0000000086a00000, 0x0000000086b00000, 0x0000000086b00000|100%| O|  |TAMS 0x0000000086a00000| PB 0x0000000086a00000| Untracked 
| 107|0x0000000086b00000, 0x0000000086c00000, 0x0000000086c00000|100%| O|  |TAMS 0x0000000086b00000| PB 0x0000000086b00000| Untracked 
| 108|0x0000000086c00000, 0x0000000086d00000, 0x0000000086d00000|100%| O|  |TAMS 0x0000000086c00000| PB 0x0000000086c00000| Untracked 
| 109|0x0000000086d00000, 0x0000000086d00000, 0x0000000086e00000|  0%| F|  |TAMS 0x0000000086d00000| PB 0x0000000086d00000| Untracked 
| 110|0x0000000086e00000, 0x0000000086f00000, 0x0000000086f00000|100%| O|  |TAMS 0x0000000086e00000| PB 0x0000000086e00000| Untracked 
| 111|0x0000000086f00000, 0x0000000087000000, 0x0000000087000000|100%| O|  |TAMS 0x0000000086f00000| PB 0x0000000086f00000| Untracked 
| 112|0x0000000087000000, 0x0000000087100000, 0x0000000087100000|100%| O|  |TAMS 0x0000000087000000| PB 0x0000000087000000| Untracked 
| 113|0x0000000087100000, 0x0000000087200000, 0x0000000087200000|100%| O|  |TAMS 0x0000000087100000| PB 0x0000000087100000| Untracked 
| 114|0x0000000087200000, 0x0000000087300000, 0x0000000087300000|100%| O|  |TAMS 0x0000000087200000| PB 0x0000000087200000| Untracked 
| 115|0x0000000087300000, 0x0000000087400000, 0x0000000087400000|100%| O|  |TAMS 0x0000000087300000| PB 0x0000000087300000| Untracked 
| 116|0x0000000087400000, 0x0000000087500000, 0x0000000087500000|100%| O|  |TAMS 0x0000000087400000| PB 0x0000000087400000| Untracked 
| 117|0x0000000087500000, 0x0000000087600000, 0x0000000087600000|100%| O|  |TAMS 0x0000000087500000| PB 0x0000000087500000| Untracked 
| 118|0x0000000087600000, 0x0000000087700000, 0x0000000087700000|100%| O|  |TAMS 0x0000000087600000| PB 0x0000000087600000| Untracked 
| 119|0x0000000087700000, 0x0000000087800000, 0x0000000087800000|100%| O|  |TAMS 0x0000000087700000| PB 0x0000000087700000| Untracked 
| 120|0x0000000087800000, 0x0000000087900000, 0x0000000087900000|100%| O|  |TAMS 0x0000000087800000| PB 0x0000000087800000| Untracked 
| 121|0x0000000087900000, 0x0000000087a00000, 0x0000000087a00000|100%| O|  |TAMS 0x0000000087900000| PB 0x0000000087900000| Untracked 
| 122|0x0000000087a00000, 0x0000000087b00000, 0x0000000087b00000|100%| O|  |TAMS 0x0000000087a00000| PB 0x0000000087a00000| Untracked 
| 123|0x0000000087b00000, 0x0000000087b00000, 0x0000000087c00000|  0%| F|  |TAMS 0x0000000087b00000| PB 0x0000000087b00000| Untracked 
| 124|0x0000000087c00000, 0x0000000087d00000, 0x0000000087d00000|100%| O|  |TAMS 0x0000000087c00000| PB 0x0000000087c00000| Untracked 
| 125|0x0000000087d00000, 0x0000000087e00000, 0x0000000087e00000|100%| O|  |TAMS 0x0000000087d00000| PB 0x0000000087d00000| Untracked 
| 126|0x0000000087e00000, 0x0000000087f00000, 0x0000000087f00000|100%| O|  |TAMS 0x0000000087e00000| PB 0x0000000087e00000| Untracked 
| 127|0x0000000087f00000, 0x0000000088000000, 0x0000000088000000|100%| O|  |TAMS 0x0000000087f00000| PB 0x0000000087f00000| Untracked 
| 128|0x0000000088000000, 0x0000000088100000, 0x0000000088100000|100%| O|  |TAMS 0x0000000088000000| PB 0x0000000088000000| Untracked 
| 129|0x0000000088100000, 0x0000000088200000, 0x0000000088200000|100%| O|  |TAMS 0x0000000088100000| PB 0x0000000088100000| Untracked 
| 130|0x0000000088200000, 0x0000000088300000, 0x0000000088300000|100%| O|  |TAMS 0x0000000088200000| PB 0x0000000088200000| Untracked 
| 131|0x0000000088300000, 0x0000000088400000, 0x0000000088400000|100%| O|  |TAMS 0x0000000088300000| PB 0x0000000088300000| Untracked 
| 132|0x0000000088400000, 0x0000000088500000, 0x0000000088500000|100%| O|  |TAMS 0x0000000088400000| PB 0x0000000088400000| Untracked 
| 133|0x0000000088500000, 0x0000000088600000, 0x0000000088600000|100%| O|  |TAMS 0x0000000088500000| PB 0x0000000088500000| Untracked 
| 134|0x0000000088600000, 0x0000000088700000, 0x0000000088700000|100%| O|  |TAMS 0x0000000088600000| PB 0x0000000088600000| Untracked 
| 135|0x0000000088700000, 0x0000000088700000, 0x0000000088800000|  0%| F|  |TAMS 0x0000000088700000| PB 0x0000000088700000| Untracked 
| 136|0x0000000088800000, 0x0000000088900000, 0x0000000088900000|100%| O|  |TAMS 0x0000000088800000| PB 0x0000000088800000| Untracked 
| 137|0x0000000088900000, 0x0000000088a00000, 0x0000000088a00000|100%| O|  |TAMS 0x0000000088900000| PB 0x0000000088900000| Untracked 
| 138|0x0000000088a00000, 0x0000000088b00000, 0x0000000088b00000|100%| O|  |TAMS 0x0000000088a00000| PB 0x0000000088a00000| Untracked 
| 139|0x0000000088b00000, 0x0000000088c00000, 0x0000000088c00000|100%| O|  |TAMS 0x0000000088b00000| PB 0x0000000088b00000| Untracked 
| 140|0x0000000088c00000, 0x0000000088d00000, 0x0000000088d00000|100%| O|  |TAMS 0x0000000088c00000| PB 0x0000000088c00000| Untracked 
| 141|0x0000000088d00000, 0x0000000088e00000, 0x0000000088e00000|100%| O|  |TAMS 0x0000000088d00000| PB 0x0000000088d00000| Untracked 
| 142|0x0000000088e00000, 0x0000000088f00000, 0x0000000088f00000|100%| O|  |TAMS 0x0000000088e00000| PB 0x0000000088e00000| Untracked 
| 143|0x0000000088f00000, 0x0000000089000000, 0x0000000089000000|100%| O|  |TAMS 0x0000000088f00000| PB 0x0000000088f00000| Untracked 
| 144|0x0000000089000000, 0x0000000089100000, 0x0000000089100000|100%| O|  |TAMS 0x0000000089000000| PB 0x0000000089000000| Untracked 
| 145|0x0000000089100000, 0x0000000089200000, 0x0000000089200000|100%| O|  |TAMS 0x0000000089100000| PB 0x0000000089100000| Untracked 
| 146|0x0000000089200000, 0x0000000089300000, 0x0000000089300000|100%| O|  |TAMS 0x0000000089200000| PB 0x0000000089200000| Untracked 
| 147|0x0000000089300000, 0x0000000089400000, 0x0000000089400000|100%| O|  |TAMS 0x0000000089300000| PB 0x0000000089300000| Untracked 
| 148|0x0000000089400000, 0x0000000089500000, 0x0000000089500000|100%| O|  |TAMS 0x0000000089400000| PB 0x0000000089400000| Untracked 
| 149|0x0000000089500000, 0x0000000089600000, 0x0000000089600000|100%| O|  |TAMS 0x0000000089500000| PB 0x0000000089500000| Untracked 
| 150|0x0000000089600000, 0x0000000089700000, 0x0000000089700000|100%| O|  |TAMS 0x0000000089600000| PB 0x0000000089600000| Untracked 
| 151|0x0000000089700000, 0x0000000089800000, 0x0000000089800000|100%| O|  |TAMS 0x0000000089700000| PB 0x0000000089700000| Untracked 
| 152|0x0000000089800000, 0x00000000898fff50, 0x0000000089900000| 99%| O|  |TAMS 0x0000000089800000| PB 0x0000000089800000| Untracked 
| 153|0x0000000089900000, 0x0000000089900000, 0x0000000089a00000|  0%| F|  |TAMS 0x0000000089900000| PB 0x0000000089900000| Untracked 
| 154|0x0000000089a00000, 0x0000000089a00000, 0x0000000089b00000|  0%| F|  |TAMS 0x0000000089a00000| PB 0x0000000089a00000| Untracked 
| 155|0x0000000089b00000, 0x0000000089b00000, 0x0000000089c00000|  0%| F|  |TAMS 0x0000000089b00000| PB 0x0000000089b00000| Untracked 
| 156|0x0000000089c00000, 0x0000000089c00000, 0x0000000089d00000|  0%| F|  |TAMS 0x0000000089c00000| PB 0x0000000089c00000| Untracked 
| 157|0x0000000089d00000, 0x0000000089d00000, 0x0000000089e00000|  0%| F|  |TAMS 0x0000000089d00000| PB 0x0000000089d00000| Untracked 
| 158|0x0000000089e00000, 0x0000000089e00000, 0x0000000089f00000|  0%| F|  |TAMS 0x0000000089e00000| PB 0x0000000089e00000| Untracked 
| 159|0x0000000089f00000, 0x0000000089f00000, 0x000000008a000000|  0%| F|  |TAMS 0x0000000089f00000| PB 0x0000000089f00000| Untracked 
| 160|0x000000008a000000, 0x000000008a000000, 0x000000008a100000|  0%| F|  |TAMS 0x000000008a000000| PB 0x000000008a000000| Untracked 
| 161|0x000000008a100000, 0x000000008a100000, 0x000000008a200000|  0%| F|  |TAMS 0x000000008a100000| PB 0x000000008a100000| Untracked 
| 162|0x000000008a200000, 0x000000008a200000, 0x000000008a300000|  0%| F|  |TAMS 0x000000008a200000| PB 0x000000008a200000| Untracked 
| 163|0x000000008a300000, 0x000000008a300000, 0x000000008a400000|  0%| F|  |TAMS 0x000000008a300000| PB 0x000000008a300000| Untracked 
| 164|0x000000008a400000, 0x000000008a400000, 0x000000008a500000|  0%| F|  |TAMS 0x000000008a400000| PB 0x000000008a400000| Untracked 
| 165|0x000000008a500000, 0x000000008a500000, 0x000000008a600000|  0%| F|  |TAMS 0x000000008a500000| PB 0x000000008a500000| Untracked 
| 166|0x000000008a600000, 0x000000008a600000, 0x000000008a700000|  0%| F|  |TAMS 0x000000008a600000| PB 0x000000008a600000| Untracked 
| 167|0x000000008a700000, 0x000000008a700000, 0x000000008a800000|  0%| F|  |TAMS 0x000000008a700000| PB 0x000000008a700000| Untracked 
| 168|0x000000008a800000, 0x000000008a800000, 0x000000008a900000|  0%| F|  |TAMS 0x000000008a800000| PB 0x000000008a800000| Untracked 
| 169|0x000000008a900000, 0x000000008a900000, 0x000000008aa00000|  0%| F|  |TAMS 0x000000008a900000| PB 0x000000008a900000| Untracked 
| 170|0x000000008aa00000, 0x000000008aa00000, 0x000000008ab00000|  0%| F|  |TAMS 0x000000008aa00000| PB 0x000000008aa00000| Untracked 
| 171|0x000000008ab00000, 0x000000008ab00000, 0x000000008ac00000|  0%| F|  |TAMS 0x000000008ab00000| PB 0x000000008ab00000| Untracked 
| 172|0x000000008ac00000, 0x000000008ac00000, 0x000000008ad00000|  0%| F|  |TAMS 0x000000008ac00000| PB 0x000000008ac00000| Untracked 
| 173|0x000000008ad00000, 0x000000008ad00000, 0x000000008ae00000|  0%| F|  |TAMS 0x000000008ad00000| PB 0x000000008ad00000| Untracked 
| 174|0x000000008ae00000, 0x000000008ae00000, 0x000000008af00000|  0%| F|  |TAMS 0x000000008ae00000| PB 0x000000008ae00000| Untracked 
| 175|0x000000008af00000, 0x000000008afcf160, 0x000000008b000000| 80%| S|CS|TAMS 0x000000008af00000| PB 0x000000008af00000| Complete 
| 176|0x000000008b000000, 0x000000008b100000, 0x000000008b100000|100%| S|CS|TAMS 0x000000008b000000| PB 0x000000008b000000| Complete 
| 177|0x000000008b100000, 0x000000008b200000, 0x000000008b200000|100%| S|CS|TAMS 0x000000008b100000| PB 0x000000008b100000| Complete 
| 178|0x000000008b200000, 0x000000008b300000, 0x000000008b300000|100%| S|CS|TAMS 0x000000008b200000| PB 0x000000008b200000| Complete 
| 179|0x000000008b300000, 0x000000008b400000, 0x000000008b400000|100%| S|CS|TAMS 0x000000008b300000| PB 0x000000008b300000| Complete 
| 180|0x000000008b400000, 0x000000008b500000, 0x000000008b500000|100%| S|CS|TAMS 0x000000008b400000| PB 0x000000008b400000| Complete 
| 181|0x000000008b500000, 0x000000008b600000, 0x000000008b600000|100%| S|CS|TAMS 0x000000008b500000| PB 0x000000008b500000| Complete 
| 182|0x000000008b600000, 0x000000008b700000, 0x000000008b700000|100%| S|CS|TAMS 0x000000008b600000| PB 0x000000008b600000| Complete 
| 183|0x000000008b700000, 0x000000008b700000, 0x000000008b800000|  0%| F|  |TAMS 0x000000008b700000| PB 0x000000008b700000| Untracked 
| 184|0x000000008b800000, 0x000000008b800000, 0x000000008b900000|  0%| F|  |TAMS 0x000000008b800000| PB 0x000000008b800000| Untracked 
| 185|0x000000008b900000, 0x000000008b900000, 0x000000008ba00000|  0%| F|  |TAMS 0x000000008b900000| PB 0x000000008b900000| Untracked 
| 186|0x000000008ba00000, 0x000000008ba00000, 0x000000008bb00000|  0%| F|  |TAMS 0x000000008ba00000| PB 0x000000008ba00000| Untracked 
| 187|0x000000008bb00000, 0x000000008bb00000, 0x000000008bc00000|  0%| F|  |TAMS 0x000000008bb00000| PB 0x000000008bb00000| Untracked 
| 188|0x000000008bc00000, 0x000000008bc00000, 0x000000008bd00000|  0%| F|  |TAMS 0x000000008bc00000| PB 0x000000008bc00000| Untracked 
| 189|0x000000008bd00000, 0x000000008bd00000, 0x000000008be00000|  0%| F|  |TAMS 0x000000008bd00000| PB 0x000000008bd00000| Untracked 
| 190|0x000000008be00000, 0x000000008be00000, 0x000000008bf00000|  0%| F|  |TAMS 0x000000008be00000| PB 0x000000008be00000| Untracked 
| 191|0x000000008bf00000, 0x000000008bf00000, 0x000000008c000000|  0%| F|  |TAMS 0x000000008bf00000| PB 0x000000008bf00000| Untracked 
| 192|0x000000008c000000, 0x000000008c000000, 0x000000008c100000|  0%| F|  |TAMS 0x000000008c000000| PB 0x000000008c000000| Untracked 
| 193|0x000000008c100000, 0x000000008c100000, 0x000000008c200000|  0%| F|  |TAMS 0x000000008c100000| PB 0x000000008c100000| Untracked 
| 194|0x000000008c200000, 0x000000008c200000, 0x000000008c300000|  0%| F|  |TAMS 0x000000008c200000| PB 0x000000008c200000| Untracked 
| 195|0x000000008c300000, 0x000000008c300000, 0x000000008c400000|  0%| F|  |TAMS 0x000000008c300000| PB 0x000000008c300000| Untracked 
| 196|0x000000008c400000, 0x000000008c400000, 0x000000008c500000|  0%| F|  |TAMS 0x000000008c400000| PB 0x000000008c400000| Untracked 
| 197|0x000000008c500000, 0x000000008c500000, 0x000000008c600000|  0%| F|  |TAMS 0x000000008c500000| PB 0x000000008c500000| Untracked 
| 198|0x000000008c600000, 0x000000008c600000, 0x000000008c700000|  0%| F|  |TAMS 0x000000008c600000| PB 0x000000008c600000| Untracked 
| 199|0x000000008c700000, 0x000000008c700000, 0x000000008c800000|  0%| F|  |TAMS 0x000000008c700000| PB 0x000000008c700000| Untracked 
| 200|0x000000008c800000, 0x000000008c800000, 0x000000008c900000|  0%| F|  |TAMS 0x000000008c800000| PB 0x000000008c800000| Untracked 
| 201|0x000000008c900000, 0x000000008c900000, 0x000000008ca00000|  0%| F|  |TAMS 0x000000008c900000| PB 0x000000008c900000| Untracked 
| 202|0x000000008ca00000, 0x000000008ca00000, 0x000000008cb00000|  0%| F|  |TAMS 0x000000008ca00000| PB 0x000000008ca00000| Untracked 
| 203|0x000000008cb00000, 0x000000008cb00000, 0x000000008cc00000|  0%| F|  |TAMS 0x000000008cb00000| PB 0x000000008cb00000| Untracked 
| 204|0x000000008cc00000, 0x000000008cc00000, 0x000000008cd00000|  0%| F|  |TAMS 0x000000008cc00000| PB 0x000000008cc00000| Untracked 
| 205|0x000000008cd00000, 0x000000008cd00000, 0x000000008ce00000|  0%| F|  |TAMS 0x000000008cd00000| PB 0x000000008cd00000| Untracked 
| 206|0x000000008ce00000, 0x000000008ce00000, 0x000000008cf00000|  0%| F|  |TAMS 0x000000008ce00000| PB 0x000000008ce00000| Untracked 
| 207|0x000000008cf00000, 0x000000008cf00000, 0x000000008d000000|  0%| F|  |TAMS 0x000000008cf00000| PB 0x000000008cf00000| Untracked 
| 208|0x000000008d000000, 0x000000008d000000, 0x000000008d100000|  0%| F|  |TAMS 0x000000008d000000| PB 0x000000008d000000| Untracked 
| 209|0x000000008d100000, 0x000000008d100000, 0x000000008d200000|  0%| F|  |TAMS 0x000000008d100000| PB 0x000000008d100000| Untracked 
| 210|0x000000008d200000, 0x000000008d200000, 0x000000008d300000|  0%| F|  |TAMS 0x000000008d200000| PB 0x000000008d200000| Untracked 
| 211|0x000000008d300000, 0x000000008d300000, 0x000000008d400000|  0%| F|  |TAMS 0x000000008d300000| PB 0x000000008d300000| Untracked 
| 212|0x000000008d400000, 0x000000008d400000, 0x000000008d500000|  0%| F|  |TAMS 0x000000008d400000| PB 0x000000008d400000| Untracked 
| 213|0x000000008d500000, 0x000000008d500000, 0x000000008d600000|  0%| F|  |TAMS 0x000000008d500000| PB 0x000000008d500000| Untracked 
| 214|0x000000008d600000, 0x000000008d600000, 0x000000008d700000|  0%| F|  |TAMS 0x000000008d600000| PB 0x000000008d600000| Untracked 
| 215|0x000000008d700000, 0x000000008d700000, 0x000000008d800000|  0%| F|  |TAMS 0x000000008d700000| PB 0x000000008d700000| Untracked 
| 216|0x000000008d800000, 0x000000008d800000, 0x000000008d900000|  0%| F|  |TAMS 0x000000008d800000| PB 0x000000008d800000| Untracked 
| 217|0x000000008d900000, 0x000000008d900000, 0x000000008da00000|  0%| F|  |TAMS 0x000000008d900000| PB 0x000000008d900000| Untracked 
| 218|0x000000008da00000, 0x000000008da00000, 0x000000008db00000|  0%| F|  |TAMS 0x000000008da00000| PB 0x000000008da00000| Untracked 
| 219|0x000000008db00000, 0x000000008db00000, 0x000000008dc00000|  0%| F|  |TAMS 0x000000008db00000| PB 0x000000008db00000| Untracked 
| 220|0x000000008dc00000, 0x000000008dc00000, 0x000000008dd00000|  0%| F|  |TAMS 0x000000008dc00000| PB 0x000000008dc00000| Untracked 
| 221|0x000000008dd00000, 0x000000008dd00000, 0x000000008de00000|  0%| F|  |TAMS 0x000000008dd00000| PB 0x000000008dd00000| Untracked 
| 222|0x000000008de00000, 0x000000008de00000, 0x000000008df00000|  0%| F|  |TAMS 0x000000008de00000| PB 0x000000008de00000| Untracked 
| 223|0x000000008df00000, 0x000000008df00000, 0x000000008e000000|  0%| F|  |TAMS 0x000000008df00000| PB 0x000000008df00000| Untracked 
| 224|0x000000008e000000, 0x000000008e000000, 0x000000008e100000|  0%| F|  |TAMS 0x000000008e000000| PB 0x000000008e000000| Untracked 
| 225|0x000000008e100000, 0x000000008e100000, 0x000000008e200000|  0%| F|  |TAMS 0x000000008e100000| PB 0x000000008e100000| Untracked 
| 226|0x000000008e200000, 0x000000008e200000, 0x000000008e300000|  0%| F|  |TAMS 0x000000008e200000| PB 0x000000008e200000| Untracked 
| 227|0x000000008e300000, 0x000000008e300000, 0x000000008e400000|  0%| F|  |TAMS 0x000000008e300000| PB 0x000000008e300000| Untracked 
| 228|0x000000008e400000, 0x000000008e400000, 0x000000008e500000|  0%| F|  |TAMS 0x000000008e400000| PB 0x000000008e400000| Untracked 
| 229|0x000000008e500000, 0x000000008e500000, 0x000000008e600000|  0%| F|  |TAMS 0x000000008e500000| PB 0x000000008e500000| Untracked 
| 230|0x000000008e600000, 0x000000008e600000, 0x000000008e700000|  0%| F|  |TAMS 0x000000008e600000| PB 0x000000008e600000| Untracked 
| 231|0x000000008e700000, 0x000000008e700000, 0x000000008e800000|  0%| F|  |TAMS 0x000000008e700000| PB 0x000000008e700000| Untracked 
| 232|0x000000008e800000, 0x000000008e834ee8, 0x000000008e900000| 20%| E|  |TAMS 0x000000008e800000| PB 0x000000008e800000| Complete 
| 233|0x000000008e900000, 0x000000008ea00000, 0x000000008ea00000|100%| E|CS|TAMS 0x000000008e900000| PB 0x000000008e900000| Complete 
| 234|0x000000008ea00000, 0x000000008eb00000, 0x000000008eb00000|100%| E|  |TAMS 0x000000008ea00000| PB 0x000000008ea00000| Complete 
| 235|0x000000008eb00000, 0x000000008ec00000, 0x000000008ec00000|100%| E|CS|TAMS 0x000000008eb00000| PB 0x000000008eb00000| Complete 
| 236|0x000000008ec00000, 0x000000008ed00000, 0x000000008ed00000|100%| E|CS|TAMS 0x000000008ec00000| PB 0x000000008ec00000| Complete 
| 237|0x000000008ed00000, 0x000000008ee00000, 0x000000008ee00000|100%| E|CS|TAMS 0x000000008ed00000| PB 0x000000008ed00000| Complete 
| 238|0x000000008ee00000, 0x000000008ef00000, 0x000000008ef00000|100%| E|CS|TAMS 0x000000008ee00000| PB 0x000000008ee00000| Complete 
| 239|0x000000008ef00000, 0x000000008f000000, 0x000000008f000000|100%| E|CS|TAMS 0x000000008ef00000| PB 0x000000008ef00000| Complete 
| 240|0x000000008f000000, 0x000000008f100000, 0x000000008f100000|100%| E|CS|TAMS 0x000000008f000000| PB 0x000000008f000000| Complete 
| 241|0x000000008f100000, 0x000000008f200000, 0x000000008f200000|100%| E|CS|TAMS 0x000000008f100000| PB 0x000000008f100000| Complete 
| 242|0x000000008f200000, 0x000000008f300000, 0x000000008f300000|100%| E|CS|TAMS 0x000000008f200000| PB 0x000000008f200000| Complete 
| 243|0x000000008f300000, 0x000000008f400000, 0x000000008f400000|100%| E|CS|TAMS 0x000000008f300000| PB 0x000000008f300000| Complete 
| 244|0x000000008f400000, 0x000000008f500000, 0x000000008f500000|100%| E|CS|TAMS 0x000000008f400000| PB 0x000000008f400000| Complete 
| 245|0x000000008f500000, 0x000000008f600000, 0x000000008f600000|100%| E|CS|TAMS 0x000000008f500000| PB 0x000000008f500000| Complete 
| 246|0x000000008f600000, 0x000000008f700000, 0x000000008f700000|100%| E|CS|TAMS 0x000000008f600000| PB 0x000000008f600000| Complete 
| 247|0x000000008f700000, 0x000000008f800000, 0x000000008f800000|100%| E|CS|TAMS 0x000000008f700000| PB 0x000000008f700000| Complete 
| 248|0x000000008f800000, 0x000000008f900000, 0x000000008f900000|100%| E|CS|TAMS 0x000000008f800000| PB 0x000000008f800000| Complete 
| 249|0x000000008f900000, 0x000000008fa00000, 0x000000008fa00000|100%| E|CS|TAMS 0x000000008f900000| PB 0x000000008f900000| Complete 
| 250|0x000000008fa00000, 0x000000008fb00000, 0x000000008fb00000|100%| E|CS|TAMS 0x000000008fa00000| PB 0x000000008fa00000| Complete 
| 251|0x000000008fb00000, 0x000000008fc00000, 0x000000008fc00000|100%| E|CS|TAMS 0x000000008fb00000| PB 0x000000008fb00000| Complete 
| 252|0x000000008fc00000, 0x000000008fd00000, 0x000000008fd00000|100%| E|CS|TAMS 0x000000008fc00000| PB 0x000000008fc00000| Complete 
| 253|0x000000008fd00000, 0x000000008fe00000, 0x000000008fe00000|100%| E|CS|TAMS 0x000000008fd00000| PB 0x000000008fd00000| Complete 
| 254|0x000000008fe00000, 0x000000008ff00000, 0x000000008ff00000|100%| E|CS|TAMS 0x000000008fe00000| PB 0x000000008fe00000| Complete 
| 255|0x000000008ff00000, 0x0000000090000000, 0x0000000090000000|100%| E|CS|TAMS 0x000000008ff00000| PB 0x000000008ff00000| Complete 
| 256|0x0000000090000000, 0x0000000090100000, 0x0000000090100000|100%| E|CS|TAMS 0x0000000090000000| PB 0x0000000090000000| Complete 
| 257|0x0000000090100000, 0x0000000090200000, 0x0000000090200000|100%| E|CS|TAMS 0x0000000090100000| PB 0x0000000090100000| Complete 
| 258|0x0000000090200000, 0x0000000090300000, 0x0000000090300000|100%| E|CS|TAMS 0x0000000090200000| PB 0x0000000090200000| Complete 
| 259|0x0000000090300000, 0x0000000090400000, 0x0000000090400000|100%| E|CS|TAMS 0x0000000090300000| PB 0x0000000090300000| Complete 
| 260|0x0000000090400000, 0x0000000090500000, 0x0000000090500000|100%| E|CS|TAMS 0x0000000090400000| PB 0x0000000090400000| Complete 
| 261|0x0000000090500000, 0x0000000090600000, 0x0000000090600000|100%| E|CS|TAMS 0x0000000090500000| PB 0x0000000090500000| Complete 
| 262|0x0000000090600000, 0x0000000090700000, 0x0000000090700000|100%| E|CS|TAMS 0x0000000090600000| PB 0x0000000090600000| Complete 
| 263|0x0000000090700000, 0x0000000090800000, 0x0000000090800000|100%| E|CS|TAMS 0x0000000090700000| PB 0x0000000090700000| Complete 
| 264|0x0000000090800000, 0x0000000090900000, 0x0000000090900000|100%| E|CS|TAMS 0x0000000090800000| PB 0x0000000090800000| Complete 
| 265|0x0000000090900000, 0x0000000090a00000, 0x0000000090a00000|100%| E|CS|TAMS 0x0000000090900000| PB 0x0000000090900000| Complete 
| 266|0x0000000090a00000, 0x0000000090b00000, 0x0000000090b00000|100%| E|CS|TAMS 0x0000000090a00000| PB 0x0000000090a00000| Complete 
| 267|0x0000000090b00000, 0x0000000090c00000, 0x0000000090c00000|100%| E|CS|TAMS 0x0000000090b00000| PB 0x0000000090b00000| Complete 
| 268|0x0000000090c00000, 0x0000000090d00000, 0x0000000090d00000|100%| E|CS|TAMS 0x0000000090c00000| PB 0x0000000090c00000| Complete 
| 269|0x0000000090d00000, 0x0000000090e00000, 0x0000000090e00000|100%| E|CS|TAMS 0x0000000090d00000| PB 0x0000000090d00000| Complete 
| 270|0x0000000090e00000, 0x0000000090f00000, 0x0000000090f00000|100%| E|CS|TAMS 0x0000000090e00000| PB 0x0000000090e00000| Complete 
| 271|0x0000000090f00000, 0x0000000091000000, 0x0000000091000000|100%| E|CS|TAMS 0x0000000090f00000| PB 0x0000000090f00000| Complete 
| 272|0x0000000091000000, 0x0000000091100000, 0x0000000091100000|100%| E|CS|TAMS 0x0000000091000000| PB 0x0000000091000000| Complete 
| 273|0x0000000091100000, 0x0000000091200000, 0x0000000091200000|100%| E|CS|TAMS 0x0000000091100000| PB 0x0000000091100000| Complete 
| 274|0x0000000091200000, 0x0000000091300000, 0x0000000091300000|100%| E|CS|TAMS 0x0000000091200000| PB 0x0000000091200000| Complete 
| 275|0x0000000091300000, 0x0000000091400000, 0x0000000091400000|100%| E|CS|TAMS 0x0000000091300000| PB 0x0000000091300000| Complete 
| 276|0x0000000091400000, 0x0000000091500000, 0x0000000091500000|100%| E|CS|TAMS 0x0000000091400000| PB 0x0000000091400000| Complete 
| 277|0x0000000091500000, 0x0000000091600000, 0x0000000091600000|100%| E|CS|TAMS 0x0000000091500000| PB 0x0000000091500000| Complete 
| 278|0x0000000091600000, 0x0000000091700000, 0x0000000091700000|100%| E|CS|TAMS 0x0000000091600000| PB 0x0000000091600000| Complete 
| 279|0x0000000091700000, 0x0000000091800000, 0x0000000091800000|100%| E|CS|TAMS 0x0000000091700000| PB 0x0000000091700000| Complete 
| 280|0x0000000091800000, 0x0000000091900000, 0x0000000091900000|100%| E|CS|TAMS 0x0000000091800000| PB 0x0000000091800000| Complete 
| 281|0x0000000091900000, 0x0000000091a00000, 0x0000000091a00000|100%| E|CS|TAMS 0x0000000091900000| PB 0x0000000091900000| Complete 
| 282|0x0000000091a00000, 0x0000000091b00000, 0x0000000091b00000|100%| E|CS|TAMS 0x0000000091a00000| PB 0x0000000091a00000| Complete 
| 283|0x0000000091b00000, 0x0000000091c00000, 0x0000000091c00000|100%| E|CS|TAMS 0x0000000091b00000| PB 0x0000000091b00000| Complete 
| 284|0x0000000091c00000, 0x0000000091d00000, 0x0000000091d00000|100%| E|CS|TAMS 0x0000000091c00000| PB 0x0000000091c00000| Complete 
| 285|0x0000000091d00000, 0x0000000091e00000, 0x0000000091e00000|100%| E|CS|TAMS 0x0000000091d00000| PB 0x0000000091d00000| Complete 
| 286|0x0000000091e00000, 0x0000000091f00000, 0x0000000091f00000|100%| E|CS|TAMS 0x0000000091e00000| PB 0x0000000091e00000| Complete 
| 287|0x0000000091f00000, 0x0000000092000000, 0x0000000092000000|100%| E|CS|TAMS 0x0000000091f00000| PB 0x0000000091f00000| Complete 
| 288|0x0000000092000000, 0x0000000092100000, 0x0000000092100000|100%| E|CS|TAMS 0x0000000092000000| PB 0x0000000092000000| Complete 
| 289|0x0000000092100000, 0x0000000092200000, 0x0000000092200000|100%| E|CS|TAMS 0x0000000092100000| PB 0x0000000092100000| Complete 
| 290|0x0000000092200000, 0x0000000092300000, 0x0000000092300000|100%| E|CS|TAMS 0x0000000092200000| PB 0x0000000092200000| Complete 
|2041|0x00000000ff900000, 0x00000000ffa00000, 0x00000000ffa00000|100%| E|CS|TAMS 0x00000000ff900000| PB 0x00000000ff900000| Complete 
|2042|0x00000000ffa00000, 0x00000000ffb00000, 0x00000000ffb00000|100%| O|  |TAMS 0x00000000ffa00000| PB 0x00000000ffa00000| Untracked 
|2043|0x00000000ffb00000, 0x00000000ffc00000, 0x00000000ffc00000|100%| E|CS|TAMS 0x00000000ffb00000| PB 0x00000000ffb00000| Complete 
|2044|0x00000000ffc00000, 0x00000000ffd00000, 0x00000000ffd00000|100%| E|CS|TAMS 0x00000000ffc00000| PB 0x00000000ffc00000| Complete 
|2045|0x00000000ffd00000, 0x00000000ffe00000, 0x00000000ffe00000|100%| E|CS|TAMS 0x00000000ffd00000| PB 0x00000000ffd00000| Complete 
|2046|0x00000000ffe00000, 0x00000000fff00000, 0x00000000fff00000|100%| E|CS|TAMS 0x00000000ffe00000| PB 0x00000000ffe00000| Complete 
|2047|0x00000000fff00000, 0x0000000100000000, 0x0000000100000000|100%| O|  |TAMS 0x00000000fff00000| PB 0x00000000fff00000| Untracked 

Card table byte_map: [0x00000248c8bc0000,0x00000248c8fc0000] _byte_map_base: 0x00000248c87c0000

Marking Bits: (CMBitMap*) 0x00000248b6391e10
 Bits: [0x00000248c8fc0000, 0x00000248cafc0000)

Polling page: 0x00000248b4150000

Metaspace:

Usage:
  Non-class:    105.14 MB used.
      Class:     17.36 MB used.
       Both:    122.50 MB used.

Virtual space:
  Non-class space:      128.00 MB reserved,     106.38 MB ( 83%) committed,  2 nodes.
      Class space:        1.00 GB reserved,      18.50 MB (  2%) committed,  1 nodes.
             Both:        1.12 GB reserved,     124.88 MB ( 11%) committed. 

Chunk freelists:
   Non-Class:  5.55 MB
       Class:  13.39 MB
        Both:  18.93 MB

MaxMetaspaceSize: unlimited
CompressedClassSpaceSize: 1.00 GB
Initial GC threshold: 21.00 MB
Current GC threshold: 205.31 MB
CDS: off
 - commit_granule_bytes: 65536.
 - commit_granule_words: 8192.
 - virtual_space_node_default_size: 8388608.
 - enlarge_chunks_in_place: 1.
 - use_allocation_guard: 0.


Internal statistics:

num_allocs_failed_limit: 9.
num_arena_births: 4634.
num_arena_deaths: 0.
num_vsnodes_births: 3.
num_vsnodes_deaths: 0.
num_space_committed: 1998.
num_space_uncommitted: 0.
num_chunks_returned_to_freelist: 9.
num_chunks_taken_from_freelist: 10185.
num_chunk_merges: 9.
num_chunk_splits: 6564.
num_chunks_enlarged: 4001.
num_inconsistent_stats: 0.

CodeHeap 'non-profiled nmethods': size=120000Kb used=11327Kb max_used=11327Kb free=108672Kb
 bounds [0x00000248c0f60000, 0x00000248c1a70000, 0x00000248c8490000]
CodeHeap 'profiled nmethods': size=120000Kb used=24949Kb max_used=24949Kb free=95050Kb
 bounds [0x00000248b9490000, 0x00000248bacf0000, 0x00000248c09c0000]
CodeHeap 'non-nmethods': size=5760Kb used=2947Kb max_used=3010Kb free=2812Kb
 bounds [0x00000248c09c0000, 0x00000248c0cc0000, 0x00000248c0f60000]
CodeCache: size=245760Kb, used=39223Kb, max_used=39286Kb, free=206534Kb
 total_blobs=14672, nmethods=13625, adapters=950, full_count=1
Compilation: disabled (not enough contiguous free space left), stopped_count=1, restarted_count=0

Compilation events (20 events):
Event: 27.423 Thread 0x00000248cdc5d150 16516       3       java.lang.Thread::onSpinWait (1 bytes)
Event: 27.423 Thread 0x00000248cdc5d150 nmethod 16516 0x00000248b9668090 code [0x00000248b9668220, 0x00000248b9668308]
Event: 27.471 Thread 0x00000248cdc758e0 16517       4       org.gradle.internal.logging.text.AbstractLineChoppingStyledTextOutput$1::execute (9 bytes)
Event: 27.473 Thread 0x00000248cdc5d150 16521       2       org.gradle.internal.logging.text.AbstractLineChoppingStyledTextOutput::doAppend (43 bytes)
Event: 27.474 Thread 0x00000248cdc5d150 nmethod 16521 0x00000248bacecb90 code [0x00000248bacecd60, 0x00000248baced048]
Event: 27.474 Thread 0x00000248d84a8780 16520       4       org.gradle.internal.logging.text.AbstractLineChoppingStyledTextOutput$StateContext::setState (10 bytes)
Event: 27.474 Thread 0x00000248d60dd420 16529       4       org.gradle.internal.logging.text.AbstractLineChoppingStyledTextOutput::doAppend (43 bytes)
Event: 27.475 Thread 0x00000248d84a8780 nmethod 16520 0x00000248c1a6da90 code [0x00000248c1a6dc20, 0x00000248c1a6dd98]
Event: 27.475 Thread 0x00000248d84a8780 16518       4       org.gradle.internal.logging.text.AbstractLineChoppingStyledTextOutput$1::execute (140 bytes)
Event: 27.475 Thread 0x00000248cdc5d150 16532       3       java.io.Writer::write (11 bytes)
Event: 27.475 Thread 0x00000248cdc5d150 nmethod 16532 0x00000248baced210 code [0x00000248baced3e0, 0x00000248baced6b8]
Event: 27.475 Thread 0x00000248cdc5d150 16533       3       sun.nio.cs.StreamEncoder::implWrite (145 bytes)
Event: 27.476 Thread 0x00000248cdc758e0 nmethod 16517 0x00000248c1a6de90 code [0x00000248c1a6e100, 0x00000248c1a6e888]
Event: 27.476 Thread 0x00000248cdc758e0 16519       4       org.gradle.internal.logging.text.AbstractLineChoppingStyledTextOutput$2::execute (77 bytes)
Event: 27.476 Thread 0x00000248cdc5d150 nmethod 16533 0x00000248baced810 code [0x00000248baceda80, 0x00000248bacee368]
Event: 27.476 Thread 0x00000248cdc5d150 16535       3       java.io.PrintStream::implWrite (50 bytes)
Event: 27.476 Thread 0x00000248cdc5d150 nmethod 16535 0x00000248bacee610 code [0x00000248bacee860, 0x00000248bacef040]
Event: 27.476 Thread 0x00000248cdc5d150 16534       3       java.io.OutputStreamWriter::flushBuffer (8 bytes)
Event: 27.476 Thread 0x00000248cdc5d150 nmethod 16534 0x00000248bacef390 code [0x00000248bacef540, 0x00000248bacef680]
Event: 27.477 Thread 0x00000248cdc5d150 16536       3       org.gradle.internal.logging.console.StyledTextOutputBackedRenderer$OutputEventTextOutputImpl::doLineText (17 bytes)

GC Heap History (20 events):
Event: 12.652 GC heap before
{Heap before GC invocations=54 (full 0):
 garbage-first heap   total 232448K, used 205855K [0x0000000080000000, 0x0000000100000000)
  region size 1024K, 69 young (70656K), 4 survivors (4096K)
 Metaspace       used 119500K, committed 121728K, reserved 1179648K
  class space    used 16919K, committed 17984K, reserved 1048576K
}
Event: 12.654 GC heap after
{Heap after GC invocations=55 (full 0):
 garbage-first heap   total 232448K, used 141413K [0x0000000080000000, 0x0000000100000000)
  region size 1024K, 5 young (5120K), 5 survivors (5120K)
 Metaspace       used 119500K, committed 121728K, reserved 1179648K
  class space    used 16919K, committed 17984K, reserved 1048576K
}
Event: 12.851 GC heap before
{Heap before GC invocations=55 (full 0):
 garbage-first heap   total 232448K, used 211045K [0x0000000080000000, 0x0000000100000000)
  region size 1024K, 73 young (74752K), 5 survivors (5120K)
 Metaspace       used 119876K, committed 122240K, reserved 1179648K
  class space    used 17001K, committed 18112K, reserved 1048576K
}
Event: 12.855 GC heap after
{Heap after GC invocations=56 (full 0):
 garbage-first heap   total 232448K, used 143187K [0x0000000080000000, 0x0000000100000000)
  region size 1024K, 9 young (9216K), 9 survivors (9216K)
 Metaspace       used 119876K, committed 122240K, reserved 1179648K
  class space    used 17001K, committed 18112K, reserved 1048576K
}
Event: 13.087 GC heap before
{Heap before GC invocations=56 (full 0):
 garbage-first heap   total 232448K, used 208723K [0x0000000080000000, 0x0000000100000000)
  region size 1024K, 74 young (75776K), 9 survivors (9216K)
 Metaspace       used 120088K, committed 122432K, reserved 1179648K
  class space    used 17035K, committed 18176K, reserved 1048576K
}
Event: 13.091 GC heap after
{Heap after GC invocations=57 (full 0):
 garbage-first heap   total 232448K, used 145876K [0x0000000080000000, 0x0000000100000000)
  region size 1024K, 5 young (5120K), 5 survivors (5120K)
 Metaspace       used 120088K, committed 122432K, reserved 1179648K
  class space    used 17035K, committed 18176K, reserved 1048576K
}
Event: 13.287 GC heap before
{Heap before GC invocations=58 (full 0):
 garbage-first heap   total 244736K, used 212436K [0x0000000080000000, 0x0000000100000000)
  region size 1024K, 71 young (72704K), 5 survivors (5120K)
 Metaspace       used 120102K, committed 122432K, reserved 1179648K
  class space    used 17035K, committed 18176K, reserved 1048576K
}
Event: 13.290 GC heap after
{Heap after GC invocations=59 (full 0):
 garbage-first heap   total 244736K, used 147233K [0x0000000080000000, 0x0000000100000000)
  region size 1024K, 6 young (6144K), 6 survivors (6144K)
 Metaspace       used 120102K, committed 122432K, reserved 1179648K
  class space    used 17035K, committed 18176K, reserved 1048576K
}
Event: 13.443 GC heap before
{Heap before GC invocations=59 (full 0):
 garbage-first heap   total 244736K, used 225057K [0x0000000080000000, 0x0000000100000000)
  region size 1024K, 82 young (83968K), 6 survivors (6144K)
 Metaspace       used 120134K, committed 122496K, reserved 1179648K
  class space    used 17038K, committed 18176K, reserved 1048576K
}
Event: 13.448 GC heap after
{Heap after GC invocations=60 (full 0):
 garbage-first heap   total 305152K, used 147360K [0x0000000080000000, 0x0000000100000000)
  region size 1024K, 9 young (9216K), 9 survivors (9216K)
 Metaspace       used 120134K, committed 122496K, reserved 1179648K
  class space    used 17038K, committed 18176K, reserved 1048576K
}
Event: 13.843 GC heap before
{Heap before GC invocations=60 (full 0):
 garbage-first heap   total 305152K, used 277408K [0x0000000080000000, 0x0000000100000000)
  region size 1024K, 137 young (140288K), 9 survivors (9216K)
 Metaspace       used 120422K, committed 122688K, reserved 1179648K
  class space    used 17079K, committed 18176K, reserved 1048576K
}
Event: 13.849 GC heap after
{Heap after GC invocations=61 (full 0):
 garbage-first heap   total 305152K, used 151697K [0x0000000080000000, 0x0000000100000000)
  region size 1024K, 13 young (13312K), 13 survivors (13312K)
 Metaspace       used 120422K, committed 122688K, reserved 1179648K
  class space    used 17079K, committed 18176K, reserved 1048576K
}
Event: 14.320 GC heap before
{Heap before GC invocations=61 (full 0):
 garbage-first heap   total 305152K, used 273553K [0x0000000080000000, 0x0000000100000000)
  region size 1024K, 133 young (136192K), 13 survivors (13312K)
 Metaspace       used 120980K, committed 123264K, reserved 1179648K
  class space    used 17170K, committed 18304K, reserved 1048576K
}
Event: 14.328 GC heap after
{Heap after GC invocations=62 (full 0):
 garbage-first heap   total 305152K, used 160487K [0x0000000080000000, 0x0000000100000000)
  region size 1024K, 16 young (16384K), 16 survivors (16384K)
 Metaspace       used 120980K, committed 123264K, reserved 1179648K
  class space    used 17170K, committed 18304K, reserved 1048576K
}
Event: 14.828 GC heap before
{Heap before GC invocations=62 (full 0):
 garbage-first heap   total 305152K, used 270055K [0x0000000080000000, 0x0000000100000000)
  region size 1024K, 124 young (126976K), 16 survivors (16384K)
 Metaspace       used 123789K, committed 126144K, reserved 1179648K
  class space    used 17518K, committed 18624K, reserved 1048576K
}
Event: 14.833 GC heap after
{Heap after GC invocations=63 (full 0):
 garbage-first heap   total 305152K, used 159344K [0x0000000080000000, 0x0000000100000000)
  region size 1024K, 7 young (7168K), 7 survivors (7168K)
 Metaspace       used 123789K, committed 126144K, reserved 1179648K
  class space    used 17518K, committed 18624K, reserved 1048576K
}
Event: 15.283 GC heap before
{Heap before GC invocations=64 (full 0):
 garbage-first heap   total 305152K, used 280176K [0x0000000080000000, 0x0000000100000000)
  region size 1024K, 126 young (129024K), 7 survivors (7168K)
 Metaspace       used 123927K, committed 126208K, reserved 1179648K
  class space    used 17540K, committed 18624K, reserved 1048576K
}
Event: 15.287 GC heap after
{Heap after GC invocations=65 (full 0):
 garbage-first heap   total 305152K, used 162102K [0x0000000080000000, 0x0000000100000000)
  region size 1024K, 10 young (10240K), 10 survivors (10240K)
 Metaspace       used 123927K, committed 126208K, reserved 1179648K
  class space    used 17540K, committed 18624K, reserved 1048576K
}
Event: 15.643 GC heap before
{Heap before GC invocations=65 (full 0):
 garbage-first heap   total 305152K, used 276790K [0x0000000080000000, 0x0000000100000000)
  region size 1024K, 123 young (125952K), 10 survivors (10240K)
 Metaspace       used 123935K, committed 126208K, reserved 1179648K
  class space    used 17540K, committed 18624K, reserved 1048576K
}
Event: 15.649 GC heap after
{Heap after GC invocations=66 (full 0):
 garbage-first heap   total 305152K, used 162620K [0x0000000080000000, 0x0000000100000000)
  region size 1024K, 8 young (8192K), 8 survivors (8192K)
 Metaspace       used 123935K, committed 126208K, reserved 1179648K
  class space    used 17540K, committed 18624K, reserved 1048576K
}

Dll operation events (3 events):
Event: 0.012 Loaded shared library C:\Program Files\Android\Android Studio\jbr\bin\java.dll
Event: 0.019 Loaded shared library C:\Program Files\Android\Android Studio\jbr\bin\zip.dll
Event: 0.422 Loaded shared library C:\Program Files\Android\Android Studio\jbr\bin\verify.dll

Deoptimization events (20 events):
Event: 27.471 Thread 0x00000248de75e380 Uncommon trap: trap_request=0xffffffde fr.pc=0x00000248c13be57c relative=0x000000000000037c
Event: 27.471 Thread 0x00000248de75e380 Uncommon trap: reason=class_check action=maybe_recompile pc=0x00000248c13be57c method=org.gradle.tooling.internal.provider.runner.ClientBuildEventGenerator.progress(Lorg/gradle/internal/operations/OperationIdentifier;Lorg/gradle/internal/operations/Operat
Event: 27.471 Thread 0x00000248de75e380 DEOPT PACKING pc=0x00000248c13be57c sp=0x000000a630ffdee0
Event: 27.471 Thread 0x00000248de75e380 DEOPT UNPACKING pc=0x00000248c0a146a2 sp=0x000000a630ffde80 mode 2
Event: 27.471 Thread 0x00000248de75e380 Uncommon trap: trap_request=0xffffffde fr.pc=0x00000248c13be57c relative=0x000000000000037c
Event: 27.471 Thread 0x00000248de75e380 Uncommon trap: reason=class_check action=maybe_recompile pc=0x00000248c13be57c method=org.gradle.tooling.internal.provider.runner.ClientBuildEventGenerator.progress(Lorg/gradle/internal/operations/OperationIdentifier;Lorg/gradle/internal/operations/Operat
Event: 27.471 Thread 0x00000248de75e380 DEOPT PACKING pc=0x00000248c13be57c sp=0x000000a630ffdee0
Event: 27.471 Thread 0x00000248de75e380 DEOPT UNPACKING pc=0x00000248c0a146a2 sp=0x000000a630ffde80 mode 2
Event: 27.473 Thread 0x00000248de75e380 Uncommon trap: trap_request=0xffffffc6 fr.pc=0x00000248c114d148 relative=0x0000000000000068
Event: 27.473 Thread 0x00000248de75e380 Uncommon trap: reason=bimorphic_or_optimized_type_check action=maybe_recompile pc=0x00000248c114d148 method=org.gradle.internal.logging.sink.OutputEventRenderer.onOutput(Lorg/gradle/internal/logging/events/OutputEvent;)V @ 1 c2
Event: 27.473 Thread 0x00000248de75e380 DEOPT PACKING pc=0x00000248c114d148 sp=0x000000a630ffdfc0
Event: 27.473 Thread 0x00000248de75e380 DEOPT UNPACKING pc=0x00000248c0a146a2 sp=0x000000a630ffdf50 mode 2
Event: 27.473 Thread 0x00000248de75e380 Uncommon trap: trap_request=0xffffffde fr.pc=0x00000248c114de50 relative=0x0000000000000610
Event: 27.473 Thread 0x00000248de75e380 Uncommon trap: reason=class_check action=maybe_recompile pc=0x00000248c114de50 method=org.gradle.internal.logging.sink.OutputEventTransformer.onOutput(Lorg/gradle/internal/logging/events/OutputEvent;)V @ 215 c2
Event: 27.473 Thread 0x00000248de75e380 DEOPT PACKING pc=0x00000248c114de50 sp=0x000000a630ffdf20
Event: 27.473 Thread 0x00000248de75e380 DEOPT UNPACKING pc=0x00000248c0a146a2 sp=0x000000a630ffdec8 mode 2
Event: 27.477 Thread 0x00000248de75e380 Uncommon trap: trap_request=0xffffffde fr.pc=0x00000248c13be57c relative=0x000000000000037c
Event: 27.477 Thread 0x00000248de75e380 Uncommon trap: reason=class_check action=maybe_recompile pc=0x00000248c13be57c method=org.gradle.tooling.internal.provider.runner.ClientBuildEventGenerator.progress(Lorg/gradle/internal/operations/OperationIdentifier;Lorg/gradle/internal/operations/Operat
Event: 27.477 Thread 0x00000248de75e380 DEOPT PACKING pc=0x00000248c13be57c sp=0x000000a630ffddd0
Event: 27.477 Thread 0x00000248de75e380 DEOPT UNPACKING pc=0x00000248c0a146a2 sp=0x000000a630ffdd70 mode 2

Classes loaded (20 events):
Event: 15.988 Loading class sun/rmi/transport/DGCImpl$LeaseInfo
Event: 15.988 Loading class sun/rmi/transport/DGCImpl$LeaseInfo done
Event: 15.988 Loading class sun/rmi/transport/DGCImpl$1
Event: 15.988 Loading class sun/rmi/transport/DGCImpl$1 done
Event: 15.988 Loading class sun/rmi/transport/SequenceEntry
Event: 15.988 Loading class sun/rmi/transport/SequenceEntry done
Event: 26.181 Loading class java/rmi/server/Unreferenced
Event: 26.181 Loading class java/rmi/server/Unreferenced done
Event: 27.422 Loading class sun/net/ConnectionResetException
Event: 27.422 Loading class sun/net/ConnectionResetException done
Event: 27.424 Loading class sun/net/util/SocketExceptions
Event: 27.424 Loading class sun/net/util/SocketExceptions done
Event: 27.472 Loading class java/io/PrintWriter$1
Event: 27.472 Loading class jdk/internal/access/JavaIOPrintWriterAccess
Event: 27.473 Loading class jdk/internal/access/JavaIOPrintWriterAccess done
Event: 27.473 Loading class java/io/PrintWriter$1 done
Event: 27.473 Loading class java/lang/Throwable$WrappedPrintWriter
Event: 27.473 Loading class java/lang/Throwable$PrintStreamOrWriter
Event: 27.473 Loading class java/lang/Throwable$PrintStreamOrWriter done
Event: 27.473 Loading class java/lang/Throwable$WrappedPrintWriter done

Classes unloaded (0 events):
No events

Classes redefined (0 events):
No events

Internal exceptions (20 events):
Event: 15.952 Thread 0x00000248de75e380 Exception <a 'java/lang/NoSuchMethodError'{0x00000000913f8318}: static [Ljava/lang/Integer;.<clinit>()V> (0x00000000913f8318) 
thrown [s\src\hotspot\share\prims\jni.cpp, line 1144]
Event: 19.572 Thread 0x00000248e098ad60 Exception <a 'java/lang/NoSuchMethodError'{0x000000009119d138}: 'void java.lang.invoke.DelegatingMethodHandle$Holder.reinvoke_L(java.lang.Object, java.lang.Object, int, int, java.lang.Object, java.lang.Object)'> (0x000000009119d138) 
thrown [s\src\hotspot\share\interpreter\linkResolver.cpp, line 784]
Event: 20.030 Thread 0x00000248e098ad60 Exception <a 'java/lang/NoSuchMethodError'{0x00000000911dc718}: 'void java.lang.invoke.DirectMethodHandle$Holder.invokeInterface(java.lang.Object, java.lang.Object, int, java.lang.Object)'> (0x00000000911dc718) 
thrown [s\src\hotspot\share\interpreter\linkResolver.cpp, line 784]
Event: 20.344 Thread 0x00000248d87aae40 Exception <a 'java/lang/NoSuchMethodError'{0x000000008ee1d858}: static Lorg/jetbrains/kotlin/buildtools/api/SourcesChanges$Known;.<clinit>()V> (0x000000008ee1d858) 
thrown [s\src\hotspot\share\prims\jni.cpp, line 1144]
Event: 20.345 Thread 0x00000248d87aae40 Exception <a 'java/lang/NoSuchMethodError'{0x000000008ee66b60}: static Lorg/jetbrains/kotlin/incremental/ClasspathChanges$ClasspathSnapshotEnabled$IncrementalRun$NoChanges;.<clinit>()V> (0x000000008ee66b60) 
thrown [s\src\hotspot\share\prims\jni.cpp, line 1144]
Event: 20.345 Thread 0x00000248d87aae40 Exception <a 'java/lang/NoSuchMethodError'{0x000000008ee68b38}: static Lorg/jetbrains/kotlin/incremental/ClasspathChanges$ClasspathSnapshotEnabled$IncrementalRun;.<clinit>()V> (0x000000008ee68b38) 
thrown [s\src\hotspot\share\prims\jni.cpp, line 1144]
Event: 20.345 Thread 0x00000248d87aae40 Exception <a 'java/lang/NoSuchMethodError'{0x000000008ee6a660}: static Lorg/jetbrains/kotlin/incremental/ClasspathChanges$ClasspathSnapshotEnabled;.<clinit>()V> (0x000000008ee6a660) 
thrown [s\src\hotspot\share\prims\jni.cpp, line 1144]
Event: 20.345 Thread 0x00000248d87aae40 Exception <a 'java/lang/NoSuchMethodError'{0x000000008ee6c4b0}: static Lorg/jetbrains/kotlin/incremental/ClasspathChanges;.<clinit>()V> (0x000000008ee6c4b0) 
thrown [s\src\hotspot\share\prims\jni.cpp, line 1144]
Event: 20.348 Thread 0x00000248d87aae40 Exception <a 'java/lang/NoSuchMethodError'{0x000000008eef7e90}: static Lorg/jetbrains/kotlin/gradle/report/GradleBuildMetricsReporter;.<clinit>()V> (0x000000008eef7e90) 
thrown [s\src\hotspot\share\prims\jni.cpp, line 1144]
Event: 20.348 Thread 0x00000248d87aae40 Exception <a 'java/lang/NoSuchMethodError'{0x000000008eefa920}: static Lorg/jetbrains/kotlin/build/report/metrics/BuildMetricsReporterImpl;.<clinit>()V> (0x000000008eefa920) 
thrown [s\src\hotspot\share\prims\jni.cpp, line 1144]
Event: 20.350 Thread 0x00000248d87aae40 Exception <a 'java/lang/NoSuchMethodError'{0x000000008ed43ed0}: static Lorg/jetbrains/kotlin/build/report/metrics/GcMetrics;.<clinit>()V> (0x000000008ed43ed0) 
thrown [s\src\hotspot\share\prims\jni.cpp, line 1144]
Event: 27.422 Thread 0x00000248e098ad60 Exception <a 'sun/net/ConnectionResetException'{0x000000009100e0a8}: Connection reset> (0x000000009100e0a8) 
thrown [s\src\hotspot\share\prims\jni.cpp, line 572]
Event: 27.423 Thread 0x00000248e098ba80 Exception <a 'sun/net/ConnectionResetException'{0x000000008e912fa0}: Connection reset> (0x000000008e912fa0) 
thrown [s\src\hotspot\share\prims\jni.cpp, line 572]
Event: 27.423 Thread 0x00000248de75e380 Exception <a 'sun/net/ConnectionResetException'{0x000000008eaf5c08}: Connection reset> (0x000000008eaf5c08) 
thrown [s\src\hotspot\share\prims\jni.cpp, line 572]
Event: 27.424 Thread 0x00000248de75e380 Exception <a 'java/net/ConnectException'{0x000000008eaf8700}: Connection refused: connect> (0x000000008eaf8700) 
thrown [s\src\hotspot\share\prims\jni.cpp, line 572]
Event: 27.435 Thread 0x00000248de75e380 Exception <a 'java/net/ConnectException'{0x000000008eaf9b20}: Connection refused: connect> (0x000000008eaf9b20) 
thrown [s\src\hotspot\share\prims\jni.cpp, line 572]
Event: 27.446 Thread 0x00000248de75e380 Exception <a 'java/net/ConnectException'{0x000000008e99d480}: Connection refused: connect> (0x000000008e99d480) 
thrown [s\src\hotspot\share\prims\jni.cpp, line 572]
Event: 27.446 Thread 0x00000248de75e380 Exception <a 'java/net/ConnectException'{0x000000008e99e988}: Connection refused: connect> (0x000000008e99e988) 
thrown [s\src\hotspot\share\prims\jni.cpp, line 572]
Event: 27.458 Thread 0x00000248de75e380 Exception <a 'java/net/ConnectException'{0x000000008e99f470}: Connection refused: connect> (0x000000008e99f470) 
thrown [s\src\hotspot\share\prims\jni.cpp, line 572]
Event: 27.470 Thread 0x00000248de75e380 Exception <a 'java/net/ConnectException'{0x000000008e99ff58}: Connection refused: connect> (0x000000008e99ff58) 
thrown [s\src\hotspot\share\prims\jni.cpp, line 572]

ZGC Phase Switch (0 events):
No events

VM Operations (20 events):
Event: 15.283 Executing VM operation: G1CollectForAllocation (G1 Evacuation Pause)
Event: 15.287 Executing VM operation: G1CollectForAllocation (G1 Evacuation Pause) done
Event: 15.643 Executing VM operation: G1CollectForAllocation (G1 Evacuation Pause)
Event: 15.649 Executing VM operation: G1CollectForAllocation (G1 Evacuation Pause) done
Event: 15.865 Executing VM operation: HandshakeAllThreads (Deoptimize)
Event: 15.865 Executing VM operation: HandshakeAllThreads (Deoptimize) done
Event: 16.878 Executing VM operation: Cleanup
Event: 16.878 Executing VM operation: Cleanup done
Event: 20.041 Executing VM operation: HandshakeAllThreads (Deoptimize)
Event: 20.042 Executing VM operation: HandshakeAllThreads (Deoptimize) done
Event: 20.042 Executing VM operation: Cleanup
Event: 20.042 Executing VM operation: Cleanup done
Event: 20.048 Executing VM operation: HandshakeAllThreads (Deoptimize)
Event: 20.048 Executing VM operation: HandshakeAllThreads (Deoptimize) done
Event: 20.049 Executing VM operation: HandshakeAllThreads (Deoptimize)
Event: 20.049 Executing VM operation: HandshakeAllThreads (Deoptimize) done
Event: 20.346 Executing VM operation: ICBufferFull
Event: 20.346 Executing VM operation: ICBufferFull done
Event: 21.351 Executing VM operation: Cleanup
Event: 21.351 Executing VM operation: Cleanup done

Memory protections (0 events):
No events

Nmethod flushes (20 events):
Event: 14.935 Thread 0x00000248cdbec0c0 flushing  nmethod 0x00000248b9f85810
Event: 14.935 Thread 0x00000248cdbec0c0 flushing  nmethod 0x00000248ba0a0410
Event: 14.935 Thread 0x00000248cdbec0c0 flushing  nmethod 0x00000248ba0d2690
Event: 14.935 Thread 0x00000248cdbec0c0 flushing  nmethod 0x00000248ba0d2c90
Event: 14.935 Thread 0x00000248cdbec0c0 flushing  nmethod 0x00000248ba0d4d10
Event: 14.935 Thread 0x00000248cdbec0c0 flushing  nmethod 0x00000248ba0d5890
Event: 14.935 Thread 0x00000248cdbec0c0 flushing  nmethod 0x00000248ba0d5c90
Event: 14.935 Thread 0x00000248cdbec0c0 flushing  nmethod 0x00000248ba0d6a10
Event: 14.935 Thread 0x00000248cdbec0c0 flushing  nmethod 0x00000248ba0d7490
Event: 14.935 Thread 0x00000248cdbec0c0 flushing  nmethod 0x00000248ba1a1210
Event: 14.935 Thread 0x00000248cdbec0c0 flushing  nmethod 0x00000248ba216910
Event: 14.935 Thread 0x00000248cdbec0c0 flushing  nmethod 0x00000248ba218110
Event: 14.935 Thread 0x00000248cdbec0c0 flushing  nmethod 0x00000248ba249010
Event: 14.935 Thread 0x00000248cdbec0c0 flushing  nmethod 0x00000248ba271390
Event: 14.935 Thread 0x00000248cdbec0c0 flushing  nmethod 0x00000248ba893490
Event: 14.935 Thread 0x00000248cdbec0c0 flushing  nmethod 0x00000248ba894e90
Event: 14.935 Thread 0x00000248cdbec0c0 flushing  nmethod 0x00000248baa86e90
Event: 14.935 Thread 0x00000248cdbec0c0 flushing  nmethod 0x00000248baa88b10
Event: 14.935 Thread 0x00000248cdbec0c0 flushing  nmethod 0x00000248baa89110
Event: 14.935 Thread 0x00000248cdbec0c0 flushing  nmethod 0x00000248baa8c990

Events (20 events):
Event: 14.890 Thread 0x00000248de75e380 Thread added: 0x00000248d978d820
Event: 15.821 Thread 0x00000248d978d820 Thread exited: 0x00000248d978d820
Event: 15.900 Thread 0x00000248de75e380 Thread added: 0x00000248e09899b0
Event: 15.904 Thread 0x00000248de75e380 Thread added: 0x00000248e098a6d0
Event: 15.905 Loaded shared library C:\Program Files\Android\Android Studio\jbr\bin\rmi.dll
Event: 15.906 Thread 0x00000248de75e380 Thread added: 0x00000248e0987250
Event: 15.948 Thread 0x00000248de75e380 Thread added: 0x00000248e098b3f0
Event: 15.948 Thread 0x00000248de75e380 Thread added: 0x00000248e0989320
Event: 15.979 Thread 0x00000248e098b3f0 Thread added: 0x00000248e098ad60
Event: 16.153 Thread 0x00000248d84a8780 Thread exited: 0x00000248d84a8780
Event: 16.477 Thread 0x00000248d6692b10 Thread exited: 0x00000248d6692b10
Event: 20.053 Thread 0x00000248cdc5d150 Thread added: 0x00000248d60dd420
Event: 20.062 Thread 0x00000248d60dd420 Thread added: 0x00000248d60d9da0
Event: 20.350 Thread 0x00000248d87aae40 Thread added: 0x00000248e098a040
Event: 20.359 Thread 0x00000248de75e380 Thread added: 0x00000248e0987f70
Event: 20.382 Thread 0x00000248e098b3f0 Thread added: 0x00000248e098ba80
Event: 20.549 Thread 0x00000248d60d9da0 Thread exited: 0x00000248d60d9da0
Event: 20.551 Thread 0x00000248d60dd420 Thread exited: 0x00000248d60dd420
Event: 27.474 Thread 0x00000248cdc5d150 Thread added: 0x00000248d84a8780
Event: 27.474 Thread 0x00000248cdc5d150 Thread added: 0x00000248d60dd420


Dynamic libraries:
0x00007ff664500000 - 0x00007ff66450a000 	C:\Program Files\Android\Android Studio\jbr\bin\java.exe
0x00007fff123a0000 - 0x00007fff12607000 	C:\WINDOWS\SYSTEM32\ntdll.dll
0x00007fff10de0000 - 0x00007fff10ea9000 	C:\WINDOWS\System32\KERNEL32.DLL
0x00007fff0f960000 - 0x00007fff0fd4f000 	C:\WINDOWS\System32\KERNELBASE.dll
0x00007fff0f750000 - 0x00007fff0f89b000 	C:\WINDOWS\System32\ucrtbase.dll
0x00007ffefd930000 - 0x00007ffefd94b000 	C:\Program Files\Android\Android Studio\jbr\bin\VCRUNTIME140.dll
0x00007ffefdde0000 - 0x00007ffefddf8000 	C:\Program Files\Android\Android Studio\jbr\bin\jli.dll
0x00007fff10910000 - 0x00007fff10ad5000 	C:\WINDOWS\System32\USER32.dll
0x00007fff0f4f0000 - 0x00007fff0f517000 	C:\WINDOWS\System32\win32u.dll
0x00007fff106b0000 - 0x00007fff106db000 	C:\WINDOWS\System32\GDI32.dll
0x00007ffefe090000 - 0x00007ffefe323000 	C:\WINDOWS\WinSxS\amd64_microsoft.windows.common-controls_6595b64144ccf1df_6.0.26100.7309_none_3e05feeae336a044\COMCTL32.dll
0x00007fff0fdf0000 - 0x00007fff0ff1c000 	C:\WINDOWS\System32\gdi32full.dll
0x00007fff0f520000 - 0x00007fff0f5c3000 	C:\WINDOWS\System32\msvcp_win.dll
0x00007fff121c0000 - 0x00007fff12269000 	C:\WINDOWS\System32\msvcrt.dll
0x00007fff106e0000 - 0x00007fff10711000 	C:\WINDOWS\System32\IMM32.DLL
0x00007fff004c0000 - 0x00007fff004cc000 	C:\Program Files\Android\Android Studio\jbr\bin\vcruntime140_1.dll
0x00007ffeca850000 - 0x00007ffeca8dd000 	C:\Program Files\Android\Android Studio\jbr\bin\msvcp140.dll
0x00007ffe72ca0000 - 0x00007ffe73936000 	C:\Program Files\Android\Android Studio\jbr\bin\server\jvm.dll
0x00007fff122a0000 - 0x00007fff12354000 	C:\WINDOWS\System32\ADVAPI32.dll
0x00007fff12110000 - 0x00007fff121b6000 	C:\WINDOWS\System32\sechost.dll
0x00007fff10590000 - 0x00007fff106a8000 	C:\WINDOWS\System32\RPCRT4.dll
0x00007fff107b0000 - 0x00007fff10824000 	C:\WINDOWS\System32\WS2_32.dll
0x00007fff0f2a0000 - 0x00007fff0f2fe000 	C:\WINDOWS\SYSTEM32\POWRPROF.dll
0x00007fff03df0000 - 0x00007fff03e25000 	C:\WINDOWS\SYSTEM32\WINMM.dll
0x00007fff095f0000 - 0x00007fff095fb000 	C:\WINDOWS\SYSTEM32\VERSION.dll
0x00007fff0f180000 - 0x00007fff0f194000 	C:\WINDOWS\SYSTEM32\UMPDC.dll
0x00007fff0e2a0000 - 0x00007fff0e2bb000 	C:\WINDOWS\SYSTEM32\kernel.appcore.dll
0x00007fff00470000 - 0x00007fff0047a000 	C:\Program Files\Android\Android Studio\jbr\bin\jimage.dll
0x00007ffefe330000 - 0x00007ffefe572000 	C:\WINDOWS\SYSTEM32\DBGHELP.DLL
0x00007fff10fb0000 - 0x00007fff11336000 	C:\WINDOWS\System32\combase.dll
0x00007fff10830000 - 0x00007fff10906000 	C:\WINDOWS\System32\OLEAUT32.dll
0x00007fff0c630000 - 0x00007fff0c66c000 	C:\WINDOWS\SYSTEM32\dbgcore.DLL
0x00007fff10090000 - 0x00007fff10135000 	C:\WINDOWS\System32\bcryptPrimitives.dll
0x00007ffefddd0000 - 0x00007ffefddde000 	C:\Program Files\Android\Android Studio\jbr\bin\instrument.dll
0x00007ffefd760000 - 0x00007ffefd780000 	C:\Program Files\Android\Android Studio\jbr\bin\java.dll
0x00007ffefd5b0000 - 0x00007ffefd5c8000 	C:\Program Files\Android\Android Studio\jbr\bin\zip.dll
0x00007fff119b0000 - 0x00007fff12103000 	C:\WINDOWS\System32\SHELL32.dll
0x00007fff0ff20000 - 0x00007fff1008a000 	C:\WINDOWS\System32\wintypes.dll
0x00007fff0d130000 - 0x00007fff0d98e000 	C:\WINDOWS\SYSTEM32\windows.storage.dll
0x00007fff10eb0000 - 0x00007fff10fa5000 	C:\WINDOWS\System32\SHCORE.dll
0x00007fff117d0000 - 0x00007fff11836000 	C:\WINDOWS\System32\shlwapi.dll
0x00007fff0f410000 - 0x00007fff0f439000 	C:\WINDOWS\SYSTEM32\profapi.dll
0x00007fff00440000 - 0x00007fff00450000 	C:\Program Files\Android\Android Studio\jbr\bin\net.dll
0x00007fff08bb0000 - 0x00007fff08cd8000 	C:\WINDOWS\SYSTEM32\WINHTTP.dll
0x00007fff0e810000 - 0x00007fff0e87b000 	C:\WINDOWS\system32\mswsock.dll
0x00007ffefd590000 - 0x00007ffefd5a6000 	C:\Program Files\Android\Android Studio\jbr\bin\nio.dll
0x00007ffefd390000 - 0x00007ffefd3a0000 	C:\Program Files\Android\Android Studio\jbr\bin\verify.dll
0x00007ffefd640000 - 0x00007ffefd667000 	C:\Users\ajays\.gradle\native\1def1411415f61bf3af743bc5b6707747c0891f09f0c88961ee8f79bc544acac\windows-amd64\native-platform.dll
0x00007ffecd4d0000 - 0x00007ffecd548000 	C:\Users\ajays\.gradle\native\0.2.7\x86_64-windows-gnu\gradle-fileevents.dll
0x00007ffefd890000 - 0x00007ffefd899000 	C:\Program Files\Android\Android Studio\jbr\bin\management.dll
0x00007ffefd630000 - 0x00007ffefd63b000 	C:\Program Files\Android\Android Studio\jbr\bin\management_ext.dll
0x00007fff12290000 - 0x00007fff12298000 	C:\WINDOWS\System32\PSAPI.DLL
0x00007fff0dcb0000 - 0x00007fff0dce4000 	C:\WINDOWS\SYSTEM32\IPHLPAPI.DLL
0x00007fff10350000 - 0x00007fff1035a000 	C:\WINDOWS\System32\NSI.dll
0x00007ffefd920000 - 0x00007ffefd929000 	C:\Program Files\Android\Android Studio\jbr\bin\extnet.dll
0x00007fff0ead0000 - 0x00007fff0eaeb000 	C:\WINDOWS\SYSTEM32\CRYPTSP.dll
0x00007fff0e200000 - 0x00007fff0e23a000 	C:\WINDOWS\system32\rsaenh.dll
0x00007fff0e8c0000 - 0x00007fff0e8eb000 	C:\WINDOWS\SYSTEM32\USERENV.dll
0x00007fff0f3e0000 - 0x00007fff0f40a000 	C:\WINDOWS\SYSTEM32\bcrypt.dll
0x00007fff0eaf0000 - 0x00007fff0eafc000 	C:\WINDOWS\SYSTEM32\CRYPTBASE.dll
0x00007ffeb18c0000 - 0x00007ffeb18c8000 	C:\WINDOWS\system32\wshunix.dll
0x00007ffeeb080000 - 0x00007ffeeb098000 	C:\WINDOWS\system32\napinsp.dll
0x00007fff0dd40000 - 0x00007fff0de6c000 	C:\WINDOWS\SYSTEM32\DNSAPI.dll
0x00007ffee9240000 - 0x00007ffee9252000 	C:\WINDOWS\System32\winrnr.dll
0x00007ffee8cd0000 - 0x00007ffee8cf2000 	C:\WINDOWS\system32\nlansp_c.dll
0x00007ffeefed0000 - 0x00007ffeefee6000 	C:\WINDOWS\system32\wshbth.dll
0x00007fff02d60000 - 0x00007fff02d6b000 	C:\Windows\System32\rasadhlp.dll
0x00007fff039d0000 - 0x00007fff03a56000 	C:\WINDOWS\System32\fwpuclnt.dll
0x00007ffefd670000 - 0x00007ffefd677000 	C:\Program Files\Android\Android Studio\jbr\bin\rmi.dll

JVMTI agents:
C:\Users\ajays\.gradle\wrapper\dists\gradle-8.13-bin\5xuhj0ry160q40clulazy9h7d\gradle-8.13\lib\agents\gradle-instrumentation-agent-8.13.jar path:C:\Program Files\Android\Android Studio\jbr\bin\instrument.dll, loaded, initialized, instrumentlib options:none

dbghelp: loaded successfully - version: 4.0.5 - missing functions: none
symbol engine: initialized successfully - sym options: 0x614 - pdb path: .;C:\Program Files\Android\Android Studio\jbr\bin;C:\WINDOWS\SYSTEM32;C:\WINDOWS\WinSxS\amd64_microsoft.windows.common-controls_6595b64144ccf1df_6.0.26100.7309_none_3e05feeae336a044;C:\Program Files\Android\Android Studio\jbr\bin\server;C:\Users\ajays\.gradle\native\1def1411415f61bf3af743bc5b6707747c0891f09f0c88961ee8f79bc544acac\windows-amd64;C:\Users\ajays\.gradle\native\0.2.7\x86_64-windows-gnu

VM Arguments:
jvm_args: --add-opens=java.base/java.lang=ALL-UNNAMED --add-opens=java.base/java.lang.invoke=ALL-UNNAMED --add-opens=java.base/java.util=ALL-UNNAMED --add-opens=java.prefs/java.util.prefs=ALL-UNNAMED --add-exports=jdk.compiler/com.sun.tools.javac.api=ALL-UNNAMED --add-exports=jdk.compiler/com.sun.tools.javac.util=ALL-UNNAMED --add-opens=java.base/java.util=ALL-UNNAMED --add-opens=java.prefs/java.util.prefs=ALL-UNNAMED --add-opens=java.base/java.nio.charset=ALL-UNNAMED --add-opens=java.base/java.net=ALL-UNNAMED --add-opens=java.base/java.util.concurrent.atomic=ALL-UNNAMED --add-opens=java.xml/javax.xml.namespace=ALL-UNNAMED -Xmx2048m -Dfile.encoding=UTF-8 -Duser.country=US -Duser.language=en -Duser.variant -javaagent:C:\Users\ajays\.gradle\wrapper\dists\gradle-8.13-bin\5xuhj0ry160q40clulazy9h7d\gradle-8.13\lib\agents\gradle-instrumentation-agent-8.13.jar 
java_command: org.gradle.launcher.daemon.bootstrap.GradleDaemon 8.13
java_class_path (initial): C:\Users\ajays\.gradle\wrapper\dists\gradle-8.13-bin\5xuhj0ry160q40clulazy9h7d\gradle-8.13\lib\gradle-daemon-main-8.13.jar
Launcher Type: SUN_STANDARD

[Global flags]
     intx CICompilerCount                          = 4                                         {product} {ergonomic}
     uint ConcGCThreads                            = 2                                         {product} {ergonomic}
     uint G1ConcRefinementThreads                  = 8                                         {product} {ergonomic}
   size_t G1HeapRegionSize                         = 1048576                                   {product} {ergonomic}
    uintx GCDrainStackTargetSize                   = 64                                        {product} {ergonomic}
   size_t InitialHeapSize                          = 266338304                                 {product} {ergonomic}
   size_t MarkStackSize                            = 4194304                                   {product} {ergonomic}
   size_t MaxHeapSize                              = 2147483648                                {product} {command line}
   size_t MaxNewSize                               = 1287651328                                {product} {ergonomic}
   size_t MinHeapDeltaBytes                        = 1048576                                   {product} {ergonomic}
   size_t MinHeapSize                              = 8388608                                   {product} {ergonomic}
    uintx NonNMethodCodeHeapSize                   = 5839372                                {pd product} {ergonomic}
    uintx NonProfiledCodeHeapSize                  = 122909434                              {pd product} {ergonomic}
    uintx ProfiledCodeHeapSize                     = 122909434                              {pd product} {ergonomic}
    uintx ReservedCodeCacheSize                    = 251658240                              {pd product} {ergonomic}
     bool SegmentedCodeCache                       = true                                      {product} {ergonomic}
   size_t SoftMaxHeapSize                          = 2147483648                             {manageable} {ergonomic}
     bool UseCompressedOops                        = true                           {product lp64_product} {ergonomic}
     bool UseG1GC                                  = true                                      {product} {ergonomic}
     bool UseLargePagesIndividualAllocation        = false                                  {pd product} {ergonomic}

Logging:
Log output configuration:
 #0: stdout all=warning uptime,level,tags foldmultilines=false
 #1: stderr all=off uptime,level,tags foldmultilines=false

Environment Variables:
JAVA_HOME=C:\Program Files\Android\Android Studio\jbr
PATH=C:\Python314\Scripts\;C:\Python314\;C:\Program Files\Android\Android Studio\jbr\bin;%PATH%;C:\ProgramData\chocolatey\bin;C:\Program Files\nodejs\;C:\Users\ajays\.pyenv\pyenv-win\bin;C:\Users\ajays\.pyenv\pyenv-win\shims;C:\Users\ajays\AppData\Local\Programs\Python\Python313\Scripts\;C:\Users\ajays\AppData\Local\Programs\Python\Python313\;C:\WINDOWS\system32;C:\WINDOWS;C:\WINDOWS\System32\Wbem;C:\WINDOWS\System32\WindowsPowerShell\v1.0\;C:\WINDOWS\System32\OpenSSH\;C:\Users\ajays\AppData\Local\Android\Sdk\platform-tools;C:\Users\ajays\AppData\Local\Android\Sdk\tools;C:\Program Files (x86)\NVIDIA Corporation\PhysX\Common;C:\Program Files\NVIDIA Corporation\NVIDIA NvDLISR;C:\Users\ajays\AppData\Local\Microsoft\WindowsApps;C:\Users\ajays\AppData\Local\Programs\Microsoft VS Code\bin;C:\Program Files\Git\cmd;C:\ProgramData\miniconda3\Scripts;C:\Users\ajays\AppData\Local\Microsoft\WinGet\Packages\Genymobile.scrcpy_Microsoft.Winget.Source_8wekyb3d8bbwe\scrcpy-win64-v3.3.3;C:\Users\ajays\AppData\Roaming\npm
USERNAME=ajays
OS=Windows_NT
PROCESSOR_IDENTIFIER=Intel64 Family 6 Model 151 Stepping 5, GenuineIntel
TMP=C:\Users\ajays\AppData\Local\Temp
TEMP=C:\Users\ajays\AppData\Local\Temp




Periodic native trim disabled

JNI global refs:
JNI global refs: 30, weak refs: 8

JNI global refs memory usage: 835, weak refs: 833

Process memory usage:
Resident Set Size: 627224K (3% of 16541060K total physical memory with 2753196K free physical memory)

OOME stack traces (most recent first):
Classloader memory used:
Loader org.gradle.internal.classloader.VisitableURLClassLoader                         : 47088K
Loader org.gradle.internal.classloader.VisitableURLClassLoader$InstrumentingVisitableURLClassLoader: 32325K
Loader bootstrap                                                                       : 30687K
Loader org.gradle.initialization.MixInLegacyTypesClassLoader                           : 13531K
Loader jdk.internal.reflect.DelegatingClassLoader                                      : 602K
Loader jdk.internal.loader.ClassLoaders$PlatformClassLoader                            : 512K
Loader org.gradle.internal.classloader.VisitableURLClassLoader                         : 295K
Loader jdk.internal.loader.ClassLoaders$AppClassLoader                                 : 235K
Loader org.gradle.groovy.scripts.internal.DefaultScriptCompilationHandler$ScriptClassLoader: 135K
Loader org.codehaus.groovy.runtime.callsite.CallSiteClassLoader                        : 27488B

Classes loaded by more than one classloader:
Class Program                                                                         : loaded 5 times (x 72B)
Class Build_gradle                                                                    : loaded 3 times (x 130B)
Class Build_gradle$1                                                                  : loaded 3 times (x 74B)
Class org.gradle.internal.classloader.FilteringClassLoader                            : loaded 2 times (x 105B)
Class com.google.common.base.CharMatcher$IsEither                                     : loaded 2 times (x 111B)
Class ijKotlinCoroutineJvmDebugInit1_7tivfiu5uzgnl5vto7u12ucem$_run_closure1$_closure2: loaded 2 times (x 139B)
Class org.gradle.internal.classloader.ClassLoaderHierarchy                            : loaded 2 times (x 70B)
Class com.google.common.collect.ImmutableEnumSet                                      : loaded 2 times (x 146B)
Class com.google.common.util.concurrent.ExecutionError                                : loaded 2 times (x 82B)
Class com.google.common.collect.ImmutableList$1                                       : loaded 2 times (x 97B)
Class org.gradle.api.internal.classpath.ManifestUtil                                  : loaded 2 times (x 71B)
Class com.google.common.collect.RegularImmutableMap                                   : loaded 2 times (x 121B)
Class com.google.common.collect.ImmutableMap$MapViewOfValuesAsSingletonSets           : loaded 2 times (x 126B)
Class [Lorg.objectweb.asm.Symbol;                                                     : loaded 2 times (x 69B)
Class org.objectweb.asm.ClassVisitor                                                  : loaded 2 times (x 88B)
Class com.google.common.collect.UnmodifiableListIterator                              : loaded 2 times (x 95B)
Class com.google.common.base.Platform$JdkPatternCompiler                              : loaded 2 times (x 75B)
Class org.objectweb.asm.MethodTooLargeException                                       : loaded 2 times (x 83B)
Class [Lcom.google.common.cache.CacheBuilder$OneWeigher;                              : loaded 2 times (x 69B)
Class com.google.common.base.Suppliers                                                : loaded 2 times (x 71B)
Class org.gradle.internal.classloader.DefaultClassLoaderFactory                       : loaded 2 times (x 82B)
Class org.gradle.internal.classloader.ClassLoaderVisitor                              : loaded 2 times (x 76B)
Class [Lcom.google.common.collect.ImmutableMapEntry;                                  : loaded 2 times (x 69B)
Class org.gradle.api.internal.classpath.EffectiveClassPath                            : loaded 2 times (x 90B)
Class [Lorg.apache.commons.io.StandardLineSeparator;                                  : loaded 2 times (x 69B)
Class org.apache.commons.io.output.StringBuilderWriter                                : loaded 2 times (x 100B)
Class com.google.common.collect.ImmutableRangeSet                                     : loaded 2 times (x 115B)
Class com.google.common.collect.ListMultimap                                          : loaded 2 times (x 70B)
Class com.google.common.collect.ImmutableEnumMap                                      : loaded 2 times (x 126B)
Class com.google.common.collect.ImmutableSet$SerializedForm                           : loaded 2 times (x 73B)
Class com.google.common.collect.Sets$1                                                : loaded 2 times (x 139B)
Class org.objectweb.asm.AnnotationVisitor                                             : loaded 2 times (x 78B)
Class org.gradle.api.internal.DefaultClassPathProvider                                : loaded 2 times (x 76B)
Class com.google.common.collect.Sets$2                                                : loaded 2 times (x 139B)
Class [Lorg.gradle.api.internal.ClassPathProvider;                                    : loaded 2 times (x 69B)
Class org.gradle.api.internal.ClassPathProvider                                       : loaded 2 times (x 70B)
Class com.google.common.collect.Sets$3                                                : loaded 2 times (x 139B)
Class com.google.common.util.concurrent.AbstractFuture$SafeAtomicHelper               : loaded 2 times (x 79B)
Class com.google.common.cache.LocalCache$LocalLoadingCache                            : loaded 2 times (x 134B)
Class ijKotlinCoroutineJvmDebugInit1_7tivfiu5uzgnl5vto7u12ucem$_run_closure1          : loaded 2 times (x 139B)
Class org.gradle.internal.service.UnknownServiceException                             : loaded 2 times (x 83B)
Class com.google.common.collect.Sets$4                                                : loaded 2 times (x 139B)
Class org.objectweb.asm.ModuleVisitor                                                 : loaded 2 times (x 81B)
Class com.google.common.cache.LocalCache$Strength$1                                   : loaded 2 times (x 81B)
Class org.apache.commons.io.output.QueueOutputStream                                  : loaded 2 times (x 87B)
Class com.google.common.util.concurrent.SettableFuture                                : loaded 2 times (x 114B)
Class com.google.common.cache.LocalCache$Strength$2                                   : loaded 2 times (x 81B)
Class com.google.common.cache.LocalCache$Strength$3                                   : loaded 2 times (x 81B)
Class com.google.common.collect.MapDifference                                         : loaded 2 times (x 70B)
Class org.objectweb.asm.FieldWriter                                                   : loaded 2 times (x 78B)
Class com.google.common.cache.CacheBuilder$NullListener                               : loaded 2 times (x 82B)
Class org.gradle.internal.classpath.TransformedClassPath                              : loaded 2 times (x 96B)
Class org.gradle.internal.classloader.InstrumentingClassLoader                        : loaded 2 times (x 70B)
Class org.apache.commons.io.output.UnsynchronizedByteArrayOutputStream                : loaded 2 times (x 102B)
Class com.google.common.collect.ImmutableRangeSet$AsSet                               : loaded 2 times (x 300B)
Class com.google.common.cache.CacheLoader$FunctionToCacheLoader                       : loaded 2 times (x 75B)
Class com.google.common.collect.Iterators$ArrayItr                                    : loaded 2 times (x 97B)
Class com.google.common.collect.ImmutableCollection$Builder                           : loaded 2 times (x 76B)
Class org.apache.commons.io.output.ByteArrayOutputStream                              : loaded 2 times (x 102B)
Class com.google.common.base.Joiner                                                   : loaded 2 times (x 79B)
Class com.google.common.base.MoreObjects                                              : loaded 2 times (x 71B)
Class com.google.common.collect.Platform                                              : loaded 2 times (x 71B)
Class [Lorg.objectweb.asm.Type;                                                       : loaded 2 times (x 69B)
Class com.google.common.collect.UnmodifiableIterator                                  : loaded 2 times (x 80B)
Class org.gradle.internal.service.ServiceLocator                                      : loaded 2 times (x 70B)
Class com.google.common.base.Ascii                                                    : loaded 2 times (x 71B)
Class com.google.common.collect.SingletonImmutableBiMap                               : loaded 2 times (x 143B)
Class com.google.common.cache.LocalCache$1                                            : loaded 2 times (x 89B)
Class com.google.common.collect.AbstractMapEntry                                      : loaded 2 times (x 81B)
Class ijJvmDebugger1_yyhdw0yy96rttrjc51vedtah$_run_closure1$_closure2                 : loaded 2 times (x 140B)
Class com.google.common.collect.Sets$ImprovedAbstractSet                              : loaded 2 times (x 135B)
Class com.google.common.collect.ImmutableList$Builder                                 : loaded 2 times (x 77B)
Class com.google.common.collect.AbstractMultimap                                      : loaded 2 times (x 123B)
Class com.google.common.cache.LocalCache$2                                            : loaded 2 times (x 142B)
Class com.google.common.collect.ImmutableRangeSet$1                                   : loaded 2 times (x 210B)
Class com.google.common.util.concurrent.AbstractFuture$UnsafeAtomicHelper$1           : loaded 2 times (x 76B)
Class com.google.common.collect.RegularImmutableAsList                                : loaded 2 times (x 217B)
Class com.google.common.collect.Range                                                 : loaded 2 times (x 87B)
Class com.google.common.util.concurrent.AbstractFuture$Trusted                        : loaded 2 times (x 70B)
Class com.google.common.collect.Iterators                                             : loaded 2 times (x 71B)
Class com.google.common.collect.Lists$StringAsImmutableList                           : loaded 2 times (x 207B)
Class com.google.common.util.concurrent.UncheckedExecutionException                   : loaded 2 times (x 82B)
Class org.gradle.kotlin.dsl.VersionCatalogAccessorsKt                                 : loaded 2 times (x 71B)
Class org.gradle.internal.InternalTransformer                                         : loaded 2 times (x 70B)
Class com.google.common.collect.AbstractMapBasedMultimap$KeySet$1                     : loaded 2 times (x 82B)
Class org.objectweb.asm.ClassWriter                                                   : loaded 2 times (x 106B)
Class com.google.common.cache.CacheLoader$UnsupportedLoadingOperationException        : loaded 2 times (x 82B)
Class com.google.common.base.CharMatcher$And                                          : loaded 2 times (x 112B)
Class org.gradle.internal.classloader.ClasspathUtil$1                                 : loaded 2 times (x 76B)
Class org.objectweb.asm.FieldVisitor                                                  : loaded 2 times (x 77B)
Class com.google.common.collect.IndexedImmutableSet                                   : loaded 2 times (x 152B)
Class com.google.common.collect.ImmutableMap$1                                        : loaded 2 times (x 81B)
Class com.google.common.collect.BiMap                                                 : loaded 2 times (x 70B)
Class org.gradle.api.internal.classpath.DefaultModuleRegistry$DefaultModule           : loaded 2 times (x 86B)
Class com.google.common.primitives.Ints                                               : loaded 2 times (x 71B)
Class com.google.common.collect.AbstractIterator                                      : loaded 2 times (x 82B)
Class com.google.common.collect.ObjectArrays                                          : loaded 2 times (x 71B)
Class com.google.common.collect.RegularImmutableMap$KeySet                            : loaded 2 times (x 152B)
Class com.google.common.collect.ArrayListMultimapGwtSerializationDependencies         : loaded 2 times (x 172B)
Class com.google.common.collect.AbstractIndexedListIterator                           : loaded 2 times (x 96B)
Class com.google.common.math.MathPreconditions                                        : loaded 2 times (x 71B)
Class org.apache.commons.io.output.NullOutputStream                                   : loaded 2 times (x 85B)
Class com.google.common.collect.ImmutableMapEntrySet                                  : loaded 2 times (x 152B)
Class org.gradle.api.internal.classpath.Module                                        : loaded 2 times (x 70B)
Class com.google.common.cache.Weigher                                                 : loaded 2 times (x 70B)
Class org.gradle.api.internal.classpath.UnknownModuleException                        : loaded 2 times (x 82B)
Class com.google.common.base.Stopwatch                                                : loaded 2 times (x 72B)
Class com.google.common.cache.LocalCache$Strength                                     : loaded 2 times (x 81B)
Class com.google.common.cache.Cache                                                   : loaded 2 times (x 70B)
Class com.google.common.util.concurrent.AbstractFuture$Cancellation                   : loaded 2 times (x 72B)
Class com.google.common.collect.ImmutableMap$Builder                                  : loaded 2 times (x 82B)
Class com.google.common.cache.RemovalListener                                         : loaded 2 times (x 70B)
Class org.gradle.api.internal.DefaultClassPathRegistry                                : loaded 2 times (x 76B)
Class com.google.common.primitives.IntsMethodsForWeb                                  : loaded 2 times (x 71B)
Class com.google.common.collect.Multimap                                              : loaded 2 times (x 70B)
Class org.gradle.api.internal.ClassPathRegistry                                       : loaded 2 times (x 70B)
Class org.gradle.internal.classpath.DefaultClassPath$ImmutableUniqueList              : loaded 2 times (x 199B)
Class org.apache.commons.io.IOUtils                                                   : loaded 2 times (x 71B)
Class com.google.common.base.Equivalence$Identity                                     : loaded 2 times (x 82B)
Class com.google.common.cache.CacheBuilder                                            : loaded 2 times (x 72B)
Class com.google.common.collect.SingletonImmutableList                                : loaded 2 times (x 207B)
Class Settings_gradle$1                                                               : loaded 2 times (x 74B)
Class org.gradle.internal.classpath.ClassPath                                         : loaded 2 times (x 70B)
Class org.gradle.api.UncheckedIOException                                             : loaded 2 times (x 82B)
Class com.google.common.base.JdkPattern                                               : loaded 2 times (x 75B)
Class com.google.common.collect.ImmutableList$ReverseImmutableList                    : loaded 2 times (x 209B)
Class org.objectweb.asm.SymbolTable$Entry                                             : loaded 2 times (x 74B)
Class com.google.common.util.concurrent.AbstractFuture$AtomicHelper                   : loaded 2 times (x 78B)
Class org.objectweb.asm.Edge                                                          : loaded 2 times (x 72B)
Class com.google.common.base.Suppliers$SupplierOfInstance                             : loaded 2 times (x 79B)
Class com.google.common.collect.Iterators$1                                           : loaded 2 times (x 81B)
Class com.google.common.cache.LocalCache$ComputingValueReference                      : loaded 2 times (x 96B)
Class com.google.common.collect.SingletonImmutableSet                                 : loaded 2 times (x 146B)
Class com.google.common.collect.ImmutableMap$IteratorBasedImmutableMap                : loaded 2 times (x 126B)
Class com.google.common.cache.LocalCache$Segment                                      : loaded 2 times (x 154B)
Class ijJvmDebugger1_yyhdw0yy96rttrjc51vedtah$_run_closure1                           : loaded 2 times (x 139B)
Class com.google.common.collect.SortedIterable                                        : loaded 2 times (x 70B)
Class com.google.common.collect.AbstractListMultimap                                  : loaded 2 times (x 172B)
Class [Lorg.objectweb.asm.SymbolTable$Entry;                                          : loaded 2 times (x 69B)
Class com.google.common.cache.CacheLoader                                             : loaded 2 times (x 74B)
Class com.google.common.collect.Iterators$4                                           : loaded 2 times (x 82B)
Class com.google.common.collect.ImmutableBiMap                                        : loaded 2 times (x 143B)
Class org.gradle.internal.installation.GradleInstallation$1                           : loaded 2 times (x 75B)
Class org.gradle.api.internal.classpath.ModuleRegistry                                : loaded 2 times (x 70B)
Class org.apache.commons.io.output.NullWriter                                         : loaded 2 times (x 99B)
Class com.google.common.util.concurrent.internal.InternalFutureFailureAccess          : loaded 2 times (x 72B)
Class com.google.common.collect.Iterators$5                                           : loaded 2 times (x 82B)
Class com.google.common.collect.ImmutableSet$JdkBackedSetBuilderImpl                  : loaded 2 times (x 76B)
Class com.google.common.util.concurrent.AbstractFuture$UnsafeAtomicHelper             : loaded 2 times (x 78B)
Class com.google.common.cache.LocalCache$LocalManualCache$1                           : loaded 2 times (x 75B)
Class com.google.common.base.CharMatcher$ForPredicate                                 : loaded 2 times (x 112B)
Class com.google.common.base.CharMatcher$AnyOf                                        : loaded 2 times (x 112B)
Class com.google.common.collect.ImmutableCollection                                   : loaded 2 times (x 125B)
Class org.gradle.api.internal.classpath.DefaultModuleRegistry                         : loaded 2 times (x 86B)
Class com.google.common.collect.Lists                                                 : loaded 2 times (x 71B)
Class com.google.common.util.concurrent.ListenableFuture                              : loaded 2 times (x 70B)
Class com.google.common.cache.ReferenceEntry                                          : loaded 2 times (x 70B)
Class com.google.common.base.Converter                                                : loaded 2 times (x 90B)
Class com.google.common.collect.ImmutableSet$CachingAsList                            : loaded 2 times (x 148B)
Class com.google.common.collect.AbstractMapBasedMultimap                              : loaded 2 times (x 139B)
Class com.google.common.util.concurrent.AbstractFuture                                : loaded 2 times (x 106B)
Class com.google.common.base.FunctionalEquivalence                                    : loaded 2 times (x 83B)
Class com.google.common.collect.Iterators$9                                           : loaded 2 times (x 81B)
Class com.google.common.collect.ImmutableAsList                                       : loaded 2 times (x 209B)
Class org.objectweb.asm.RecordComponentVisitor                                        : loaded 2 times (x 77B)
Class com.google.common.cache.CacheLoader$SupplierToCacheLoader                       : loaded 2 times (x 75B)
Class com.google.common.collect.Maps$EntryTransformer                                 : loaded 2 times (x 70B)
Class org.gradle.internal.service.ServiceLookupException                              : loaded 2 times (x 82B)
Class com.google.common.collect.ImmutableSortedSet                                    : loaded 2 times (x 300B)
Class [Lcom.google.common.cache.LocalCache$EntryFactory;                              : loaded 2 times (x 69B)
Class org.gradle.internal.classloader.ClassLoaderFactory                              : loaded 2 times (x 70B)
Class org.apache.commons.io.CloseableURLConnection                                    : loaded 2 times (x 116B)
Class com.google.common.base.CommonPattern                                            : loaded 2 times (x 74B)
Class com.google.common.cache.LocalCache$LocalManualCache                             : loaded 2 times (x 99B)
Class com.google.common.base.CharMatcher$IsNot                                        : loaded 2 times (x 111B)
Class org.gradle.internal.service.CachingServiceLocator                               : loaded 2 times (x 82B)
Class com.google.common.collect.AbstractMapBasedMultimap$KeySet                       : loaded 2 times (x 137B)
Class com.google.common.collect.RegularImmutableSortedSet                             : loaded 2 times (x 300B)
Class com.google.common.math.IntMath                                                  : loaded 2 times (x 71B)
Class com.google.common.collect.ImmutableMapEntry                                     : loaded 2 times (x 85B)
Class com.google.common.base.Equivalence                                              : loaded 2 times (x 82B)
Class com.google.common.base.Function                                                 : loaded 2 times (x 70B)
Class com.google.common.collect.ImmutableMapEntry$NonTerminalImmutableMapEntry        : loaded 2 times (x 85B)
Class org.apache.commons.io.output.AbstractByteArrayOutputStream                      : loaded 2 times (x 102B)
Class com.google.common.cache.CacheBuilder$OneWeigher                                 : loaded 2 times (x 82B)
Class com.google.common.collect.RegularImmutableList                                  : loaded 2 times (x 213B)
Class org.gradle.internal.classloader.ClasspathUtil                                   : loaded 2 times (x 71B)
Class com.google.common.base.Charsets                                                 : loaded 2 times (x 71B)
Class com.google.common.util.concurrent.Uninterruptibles                              : loaded 2 times (x 71B)
Class com.google.common.collect.Maps                                                  : loaded 2 times (x 71B)
Class org.gradle.api.specs.Spec                                                       : loaded 2 times (x 70B)
Class [Lcom.google.common.collect.ImmutableEntry;                                     : loaded 2 times (x 69B)
Class com.google.common.cache.LocalCache$LoadingValueReference                        : loaded 2 times (x 96B)
Class com.google.common.collect.Multiset                                              : loaded 2 times (x 70B)
Class com.google.common.base.Platform                                                 : loaded 2 times (x 71B)
Class com.google.common.collect.Maps$8                                                : loaded 2 times (x 82B)
Class ijKotlinCoroutineJvmDebugInit1_7tivfiu5uzgnl5vto7u12ucem                        : loaded 2 times (x 179B)
Class com.google.common.collect.ImmutableRangeSet$Builder                             : loaded 2 times (x 77B)
Class com.google.common.collect.Sets$SetView                                          : loaded 2 times (x 138B)
Class com.google.common.cache.LocalCache$StrongValueReference                         : loaded 2 times (x 90B)
Class com.google.common.util.concurrent.AbstractFuture$SynchronizedHelper             : loaded 2 times (x 78B)
Class org.objectweb.asm.Type                                                          : loaded 2 times (x 72B)
Class ijJvmDebugger1_yyhdw0yy96rttrjc51vedtah                                         : loaded 2 times (x 179B)
Class org.gradle.internal.classloader.VisitableURLClassLoader$InstrumentingVisitableURLClassLoader: loaded 2 times (x 123B)
Class org.objectweb.asm.ByteVector                                                    : loaded 2 times (x 79B)
Class [Lcom.google.common.cache.CacheBuilder$NullListener;                            : loaded 2 times (x 69B)
Class com.google.common.math.IntMath$1                                                : loaded 2 times (x 71B)
Class org.gradle.internal.classloader.VisitableURLClassLoader$Spec                    : loaded 2 times (x 74B)
Class org.gradle.internal.classpath.DefaultClassPath                                  : loaded 2 times (x 90B)
Class org.objectweb.asm.Symbol                                                        : loaded 2 times (x 73B)
Class com.google.common.base.CharMatcher$Ascii                                        : loaded 2 times (x 112B)
Class com.google.common.base.CharMatcher$BitSetMatcher                                : loaded 2 times (x 112B)
Class com.google.common.collect.RegularImmutableMap$Values                            : loaded 2 times (x 207B)
Class com.google.common.collect.ImmutableSet                                          : loaded 2 times (x 145B)
Class org.gradle.internal.classloader.ClassLoaderSpec                                 : loaded 2 times (x 71B)
Class org.objectweb.asm.AnnotationWriter                                              : loaded 2 times (x 79B)
Class com.google.common.cache.CacheStats                                              : loaded 2 times (x 71B)
Class org.objectweb.asm.RecordComponentWriter                                         : loaded 2 times (x 78B)
Class com.google.common.util.concurrent.AbstractFuture$Listener                       : loaded 2 times (x 72B)
Class com.google.common.base.CharMatcher$Or                                           : loaded 2 times (x 112B)
Class Settings_gradle$1$1                                                             : loaded 2 times (x 74B)
Class org.objectweb.asm.Attribute                                                     : loaded 2 times (x 77B)
Class com.google.common.base.Supplier                                                 : loaded 2 times (x 70B)
Class org.gradle.internal.classloader.VisitableURLClassLoader                         : loaded 2 times (x 117B)
Class com.google.common.util.concurrent.AbstractFuture$Waiter                         : loaded 2 times (x 72B)
Class Settings_gradle                                                                 : loaded 2 times (x 128B)
Class org.gradle.internal.Cast                                                        : loaded 2 times (x 71B)
Class org.gradle.api.Action                                                           : loaded 2 times (x 70B)
Class com.google.common.base.Strings                                                  : loaded 2 times (x 71B)
Class com.google.common.collect.Sets                                                  : loaded 2 times (x 71B)
Class org.objectweb.asm.Handler                                                       : loaded 2 times (x 72B)
Class com.google.common.base.Ticker                                                   : loaded 2 times (x 72B)
Class com.google.common.base.CharMatcher$FastMatcher                                  : loaded 2 times (x 111B)
Class [Lcom.google.common.cache.LocalCache$Segment;                                   : loaded 2 times (x 69B)
Class [Lcom.google.common.cache.LocalCache$Strength;                                  : loaded 2 times (x 69B)
Class com.google.common.cache.CacheBuilder$1                                          : loaded 2 times (x 85B)
Class com.google.common.base.Predicate                                                : loaded 2 times (x 70B)
Class com.google.common.collect.ImmutableMap                                          : loaded 2 times (x 120B)
Class org.gradle.internal.classpath.DefaultClassPath$ImmutableUniqueList$Builder      : loaded 2 times (x 75B)
Class com.google.common.collect.AbstractRangeSet                                      : loaded 2 times (x 114B)
Class com.google.common.cache.LocalCache                                              : loaded 2 times (x 187B)
Class com.google.common.cache.CacheBuilder$2                                          : loaded 2 times (x 79B)
Class com.google.common.base.CharMatcher$NegatedFastMatcher                           : loaded 2 times (x 113B)
Class com.google.common.collect.ArrayListMultimap                                     : loaded 2 times (x 172B)
Class com.google.common.cache.CacheBuilder$3                                          : loaded 2 times (x 72B)
Class [Lcom.google.common.collect.AbstractMapEntry;                                   : loaded 2 times (x 69B)
Class com.google.common.collect.ImmutableEntry                                        : loaded 2 times (x 82B)
Class org.gradle.api.GradleException                                                  : loaded 2 times (x 82B)
Class org.apache.commons.io.StandardLineSeparator                                     : loaded 2 times (x 79B)
Class com.google.common.collect.CollectPreconditions                                  : loaded 2 times (x 71B)
Class com.google.common.collect.SortedMapDifference                                   : loaded 2 times (x 70B)
Class com.google.common.cache.LocalCache$EntryFactory                                 : loaded 2 times (x 83B)
Class com.google.common.cache.LocalCache$AbstractReferenceEntry                       : loaded 2 times (x 107B)
Class org.gradle.internal.IoActions                                                   : loaded 2 times (x 71B)
Class com.google.common.collect.ImmutableRangeSet$ComplementRanges                    : loaded 2 times (x 207B)
Class org.objectweb.asm.SymbolTable                                                   : loaded 2 times (x 72B)
Class com.google.common.cache.CacheLoader$InvalidCacheLoadException                   : loaded 2 times (x 82B)
Class com.google.common.collect.ImmutableSet$RegularSetBuilderImpl                    : loaded 2 times (x 77B)
Class org.gradle.internal.classloader.SystemClassLoaderSpec                           : loaded 2 times (x 71B)
Class com.google.common.cache.LocalCache$StrongEntry                                  : loaded 2 times (x 108B)
Class com.google.common.util.concurrent.AbstractFuture$TrustedFuture                  : loaded 2 times (x 114B)
Class com.google.common.cache.LoadingCache                                            : loaded 2 times (x 70B)
Class org.objectweb.asm.MethodWriter                                                  : loaded 2 times (x 106B)
Class [Lcom.google.common.cache.Weigher;                                              : loaded 2 times (x 69B)
Class com.google.common.collect.RegularImmutableMap$BucketOverflowException           : loaded 2 times (x 82B)
Class com.google.common.collect.RegularImmutableBiMap                                 : loaded 2 times (x 149B)
Class com.google.common.cache.LocalCache$ValueReference                               : loaded 2 times (x 70B)
Class com.google.common.base.CharMatcher$Negated                                      : loaded 2 times (x 113B)
Class com.google.common.base.CharMatcher$Is                                           : loaded 2 times (x 111B)
Class com.google.common.base.PatternCompiler                                          : loaded 2 times (x 70B)
Class com.google.common.util.concurrent.AbstractFuture$Failure                        : loaded 2 times (x 72B)
Class com.google.common.base.Equivalence$Equals                                       : loaded 2 times (x 82B)
Class com.google.common.collect.Hashing                                               : loaded 2 times (x 71B)
Class com.google.common.base.Preconditions                                            : loaded 2 times (x 71B)
Class com.google.common.base.Joiner$1                                                 : loaded 2 times (x 80B)
Class org.objectweb.asm.Label                                                         : loaded 2 times (x 73B)
Class org.objectweb.asm.CurrentFrame                                                  : loaded 2 times (x 73B)
Class org.objectweb.asm.ClassTooLargeException                                        : loaded 2 times (x 83B)
Class com.google.common.base.CharMatcher                                              : loaded 2 times (x 111B)
Class com.google.common.collect.PeekingIterator                                       : loaded 2 times (x 70B)
Class com.google.common.collect.RangeGwtSerializationDependencies                     : loaded 2 times (x 71B)
Class com.google.common.base.Joiner$2                                                 : loaded 2 times (x 79B)
Class org.objectweb.asm.Frame                                                         : loaded 2 times (x 73B)
Class org.objectweb.asm.MethodVisitor                                                 : loaded 2 times (x 105B)
Class com.google.common.cache.LocalCache$EntryFactory$1                               : loaded 2 times (x 83B)
Class [Lcom.google.common.cache.RemovalListener;                                      : loaded 2 times (x 69B)
Class com.google.common.base.CharMatcher$NamedFastMatcher                             : loaded 2 times (x 112B)
Class com.google.common.base.CharMatcher$1                                            : loaded 2 times (x 113B)
Class com.google.common.collect.RangeSet                                              : loaded 2 times (x 70B)
Class com.google.common.cache.LocalCache$EntryFactory$2                               : loaded 2 times (x 83B)
Class org.gradle.api.internal.classpath.GlobalCacheRootsProvider                      : loaded 2 times (x 70B)
Class com.google.common.collect.CollectCollectors                                     : loaded 2 times (x 71B)
Class org.objectweb.asm.ModuleWriter                                                  : loaded 2 times (x 82B)
Class com.google.common.cache.LocalCache$EntryFactory$3                               : loaded 2 times (x 83B)
Class com.google.common.base.Ticker$1                                                 : loaded 2 times (x 72B)
Class com.google.common.collect.Maps$BiMapConverter                                   : loaded 2 times (x 90B)
Class com.google.common.collect.ImmutableMapEntrySet$RegularEntrySet                  : loaded 2 times (x 152B)
Class com.google.common.cache.LocalCache$EntryFactory$4                               : loaded 2 times (x 83B)
Class com.google.common.base.CharMatcher$InRange                                      : loaded 2 times (x 111B)
Class com.google.common.collect.ImmutableSet$Builder                                  : loaded 2 times (x 85B)
Class com.google.common.cache.LocalCache$EntryFactory$5                               : loaded 2 times (x 83B)
Class com.google.common.base.PairwiseEquivalence                                      : loaded 2 times (x 83B)
Class org.apache.commons.io.output.AppendableWriter                                   : loaded 2 times (x 100B)
Class com.google.common.cache.LocalCache$EntryFactory$6                               : loaded 2 times (x 83B)
Class org.gradle.internal.installation.CurrentGradleInstallationLocator               : loaded 2 times (x 71B)
Class org.apache.commons.io.output.ThresholdingOutputStream                           : loaded 2 times (x 95B)
Class com.google.common.collect.Maps$KeySet                                           : loaded 2 times (x 137B)
Class com.google.common.cache.LocalCache$EntryFactory$7                               : loaded 2 times (x 83B)
Class com.google.common.collect.ImmutableSet$EmptySetBuilderImpl                      : loaded 2 times (x 76B)
Class com.google.common.collect.ImmutableList                                         : loaded 2 times (x 206B)
Class org.gradle.internal.service.DefaultServiceLocator                               : loaded 2 times (x 83B)
Class com.google.common.cache.LocalCache$EntryFactory$8                               : loaded 2 times (x 83B)
Class com.google.common.collect.ImmutableSet$SetBuilderImpl                           : loaded 2 times (x 76B)
Class org.gradle.internal.installation.CurrentGradleInstallation                      : loaded 2 times (x 73B)
Class com.google.common.cache.CacheLoader$1                                           : loaded 2 times (x 75B)
Class com.google.common.collect.ForwardingObject                                      : loaded 2 times (x 72B)
Class com.google.common.collect.ImmutableList$SubList                                 : loaded 2 times (x 209B)
Class org.gradle.util.internal.GUtil                                                  : loaded 2 times (x 71B)
Class com.google.common.util.concurrent.AbstractFuture$SetFuture                      : loaded 2 times (x 75B)
Class com.google.common.cache.AbstractCache$StatsCounter                              : loaded 2 times (x 70B)
Class com.google.common.collect.Iterators$MergingIterator                             : loaded 2 times (x 81B)
Class com.google.common.collect.RegularImmutableSet                                   : loaded 2 times (x 149B)
Class org.gradle.internal.installation.GradleInstallation                             : loaded 2 times (x 75B)
Class com.google.common.collect.Iterables                                             : loaded 2 times (x 71B)

---------------  S Y S T E M  ---------------

OS:
 Windows 11 , 64 bit Build 26100 (10.0.26100.7623)
OS uptime: 11 days 8:01 hours

CPU: total 8 (initial active 8) (4 cores per cpu, 2 threads per core) family 6 model 151 stepping 5 microcode 0x38, cx8, cmov, fxsr, ht, mmx, 3dnowpref, sse, sse2, sse3, ssse3, sse4.1, sse4.2, popcnt, lzcnt, tsc, tscinvbit, avx, avx2, aes, erms, clmul, bmi1, bmi2, adx, sha, fma, vzeroupper, clflush, clflushopt, clwb, serialize, rdtscp, rdpid, fsrm, f16c, pku, cet_ibt, cet_ss
Processor Information for the first 8 processors :
  Max Mhz: 3300, Current Mhz: 3300, Mhz Limit: 3300

Memory: 4k page, system-wide physical 16153M (2902M free)
TotalPageFile size 22069M (AvailPageFile size 1113M)
current process WorkingSet (physical memory assigned to process): 615M, peak: 670M
current process commit charge ("private bytes"): 670M, peak: 706M

vm_info: OpenJDK 64-Bit Server VM (21.0.8+-14018985-b1038.68) for windows-amd64 JRE (21.0.8+-14018985-b1038.68), built on 2025-08-29T19:56:34Z by "builder" with MS VC++ 16.10 / 16.11 (VS2019)

END.
