#
# There is insufficient memory for the Java Runtime Environment to continue.
# Native memory allocation (mmap) failed to map 65536 bytes. Error detail: Failed to commit metaspace.
# Possible reasons:
#   The system is out of physical RAM or swap space
#   This process is running with CompressedOops enabled, and the Java Heap may be blocking the growth of the native heap
# Possible solutions:
#   Reduce memory load on the system
#   Increase physical memory or swap space
#   Check if swap backing store is full
#   Decrease Java heap size (-Xmx/-Xms)
#   Decrease number of Java threads
#   Decrease Java thread stack sizes (-Xss)
#   Set larger code cache with -XX:ReservedCodeCacheSize=
#   JVM is running with Unscaled Compressed Oops mode in which the Java heap is
#     placed in the first 4GB address space. The Java Heap base address is the
#     maximum limit for the native heap growth. Please use -XX:HeapBaseMinAddress
#     to set the Java Heap base and to place the Java Heap above 4GB virtual address.
# This output file may be truncated or incomplete.
#
#  Out of Memory Error (virtualSpaceNode.cpp:113), pid=5152, tid=4764
#
# JRE version: OpenJDK Runtime Environment (21.0.8) (build 21.0.8+-14018985-b1038.68)
# Java VM: OpenJDK 64-Bit Server VM (21.0.8+-14018985-b1038.68, mixed mode, tiered, compressed oops, compressed class ptrs, g1 gc, windows-amd64)
# No core dump will be written. Minidumps are not enabled by default on client versions of Windows
#

---------------  S U M M A R Y ------------

Command Line: --add-opens=java.base/java.lang=ALL-UNNAMED --add-opens=java.base/java.lang.invoke=ALL-UNNAMED --add-opens=java.base/java.util=ALL-UNNAMED --add-opens=java.prefs/java.util.prefs=ALL-UNNAMED --add-exports=jdk.compiler/com.sun.tools.javac.api=ALL-UNNAMED --add-exports=jdk.compiler/com.sun.tools.javac.util=ALL-UNNAMED --add-opens=java.base/java.util=ALL-UNNAMED --add-opens=java.prefs/java.util.prefs=ALL-UNNAMED --add-opens=java.base/java.nio.charset=ALL-UNNAMED --add-opens=java.base/java.net=ALL-UNNAMED --add-opens=java.base/java.util.concurrent.atomic=ALL-UNNAMED --add-opens=java.xml/javax.xml.namespace=ALL-UNNAMED -XX:+UseG1GC -XX:MaxGCPauseMillis=1000 -Xmx1536m -Dfile.encoding=UTF-8 -Duser.country=US -Duser.language=en -Duser.variant -javaagent:C:\Users\ajays\.gradle\wrapper\dists\gradle-8.13-bin\5xuhj0ry160q40clulazy9h7d\gradle-8.13\lib\agents\gradle-instrumentation-agent-8.13.jar org.gradle.launcher.daemon.bootstrap.GradleDaemon 8.13

Host: 12th Gen Intel(R) Core(TM) i3-12100, 8 cores, 15G,  Windows 11 , 64 bit Build 26100 (10.0.26100.7623)
Time: Tue Jan 27 00:38:09 2026 India Standard Time elapsed time: 11.180875 seconds (0d 0h 0m 11s)

---------------  T H R E A D  ---------------

Current thread (0x000002b7cdc72170):  JavaThread "Daemon worker"        [_thread_in_vm, id=4764, stack(0x000000c9e2d00000,0x000000c9e2e00000) (1024K)]

Stack: [0x000000c9e2d00000,0x000000c9e2e00000]
Native frames: (J=compiled Java code, j=interpreted, Vv=VM code, C=native code)
V  [jvm.dll+0x6d68d9]
V  [jvm.dll+0x866693]
V  [jvm.dll+0x868c4e]
V  [jvm.dll+0x869333]
V  [jvm.dll+0x280566]
V  [jvm.dll+0x86155e]
V  [jvm.dll+0x679fd5]
V  [jvm.dll+0x1e45d1]
V  [jvm.dll+0x1e439e]
V  [jvm.dll+0x67c928]
V  [jvm.dll+0x67c762]
V  [jvm.dll+0x67a9ce]
V  [jvm.dll+0x68b749]
V  [jvm.dll+0x684bce]
V  [jvm.dll+0x3d9111]
C  0x000002b7baddbbd2

The last pc belongs to method entry point (kind = zerolocals) (printed below).
Java frames: (J=compiled Java code, j=interpreted, Vv=VM code)
j  org.jetbrains.kotlin.compose.compiler.gradle.ComposeCompilerGradleSubplugin$Companion.<init>()V+0
j  org.jetbrains.kotlin.compose.compiler.gradle.ComposeCompilerGradleSubplugin$Companion.<init>(Lkotlin/jvm/internal/DefaultConstructorMarker;)V+1
j  org.jetbrains.kotlin.compose.compiler.gradle.ComposeCompilerGradleSubplugin.<clinit>()V+5
v  ~StubRoutines::call_stub 0x000002b7badd100d
J 1561  jdk.internal.misc.Unsafe.ensureClassInitialized0(Ljava/lang/Class;)V java.base@21.0.8 (0 bytes) @ 0x000002b7bb438fff [0x000002b7bb438fa0+0x000000000000005f]
J 3476 c1 jdk.internal.reflect.MethodHandleAccessorFactory.newConstructorAccessor(Ljava/lang/reflect/Constructor;)Ljdk/internal/reflect/ConstructorAccessorImpl; java.base@21.0.8 (84 bytes) @ 0x000002b7b38b7d8c [0x000002b7b38b7b00+0x000000000000028c]
J 3475 c1 jdk.internal.reflect.ReflectionFactory.newConstructorAccessor(Ljava/lang/reflect/Constructor;)Ljdk/internal/reflect/ConstructorAccessor; java.base@21.0.8 (144 bytes) @ 0x000002b7b38fa4b4 [0x000002b7b38fa140+0x0000000000000374]
J 4292 c1 java.lang.reflect.Constructor.acquireConstructorAccessor()Ljdk/internal/reflect/ConstructorAccessor; java.base@21.0.8 (75 bytes) @ 0x000002b7b3ff7164 [0x000002b7b3ff6fc0+0x00000000000001a4]
J 9395 c2 java.lang.reflect.Constructor.newInstanceWithCaller([Ljava/lang/Object;ZLjava/lang/Class;)Ljava/lang/Object; java.base@21.0.8 (51 bytes) @ 0x000002b7bb7f384c [0x000002b7bb7f37c0+0x000000000000008c]
J 6304 c1 org.gradle.internal.instantiation.generator.AsmBackedClassGenerator$InvokeConstructorStrategy.newInstance(Lorg/gradle/internal/service/ServiceLookup;Lorg/gradle/internal/instantiation/InstanceGenerator;Lorg/gradle/api/Describable;[Ljava/lang/Object;)Ljava/lang/Object; (66 bytes) @ 0x000002b7b38ffb7c [0x000002b7b38ff2a0+0x00000000000008dc]
J 6303 c1 org.gradle.internal.instantiation.generator.AbstractClassGenerator$GeneratedClassImpl$GeneratedConstructorImpl.newInstance(Lorg/gradle/internal/service/ServiceLookup;Lorg/gradle/internal/instantiation/InstanceGenerator;Lorg/gradle/api/Describable;[Ljava/lang/Object;)Ljava/lang/Object; (15 bytes) @ 0x000002b7b3cd6344 [0x000002b7b3cd6240+0x0000000000000104]
J 6305 c1 org.gradle.internal.instantiation.generator.DependencyInjectingInstantiator.doCreate(Ljava/lang/Class;Lorg/gradle/api/Describable;[Ljava/lang/Object;)Ljava/lang/Object; (64 bytes) @ 0x000002b7b3a173fc [0x000002b7b3a17220+0x00000000000001dc]
J 5867 c1 org.gradle.internal.instantiation.generator.DependencyInjectingInstantiator.newInstance(Ljava/lang/Class;[Ljava/lang/Object;)Ljava/lang/Object; (8 bytes) @ 0x000002b7b4240ecc [0x000002b7b4240e40+0x000000000000008c]
j  org.gradle.api.internal.plugins.PluginInstantiator.newInstance(Ljava/lang/Class;[Ljava/lang/Object;)Ljava/lang/Object;+28
j  org.gradle.api.internal.plugins.DefaultPluginManager.instantiatePlugin(Ljava/lang/Class;)Ljava/lang/Object;+9
j  org.gradle.api.internal.plugins.DefaultPluginManager.producePluginInstance(Ljava/lang/Class;)Lorg/gradle/api/Plugin;+16
j  org.gradle.api.internal.plugins.DefaultPluginManager.addPlugin(Ljava/lang/Runnable;Lorg/gradle/api/internal/plugins/PluginImplementation;Ljava/lang/String;Ljava/lang/Class;)V+16
j  org.gradle.api.internal.plugins.DefaultPluginManager.access$100(Lorg/gradle/api/internal/plugins/DefaultPluginManager;Ljava/lang/Runnable;Lorg/gradle/api/internal/plugins/PluginImplementation;Ljava/lang/String;Ljava/lang/Class;)V+6
j  org.gradle.api.internal.plugins.DefaultPluginManager$AddPluginBuildOperation.run(Lorg/gradle/internal/operations/BuildOperationContext;)V+20
J 10447 c1 org.gradle.internal.operations.DefaultBuildOperationRunner$1.execute(Lorg/gradle/internal/operations/BuildOperation;Lorg/gradle/internal/operations/BuildOperationContext;)V (10 bytes) @ 0x000002b7b4851a2c [0x000002b7b48517e0+0x000000000000024c]
J 7586 c1 org.gradle.internal.operations.DefaultBuildOperationRunner$2.execute(Lorg/gradle/internal/operations/BuildOperationDescriptor;Lorg/gradle/internal/operations/BuildOperationState;Lorg/gradle/internal/operations/BuildOperationState;Lorg/gradle/internal/operations/DefaultBuildOperationRunner$ReadableBuildOperationContext;Lorg/gradle/internal/operations/DefaultBuildOperationRunner$BuildOperationExecutionListener;)Lorg/gradle/internal/operations/BuildOperation; (110 bytes) @ 0x000002b7b4421634 [0x000002b7b4421440+0x00000000000001f4]
J 7598 c1 org.gradle.internal.operations.DefaultBuildOperationRunner$2.execute(Lorg/gradle/internal/operations/BuildOperationDescriptor;Lorg/gradle/internal/operations/BuildOperationState;Lorg/gradle/internal/operations/BuildOperationState;Lorg/gradle/internal/operations/DefaultBuildOperationRunner$ReadableBuildOperationContext;Lorg/gradle/internal/operations/DefaultBuildOperationRunner$BuildOperationExecutionListener;)Ljava/lang/Object; (12 bytes) @ 0x000002b7b44272bc [0x000002b7b4427240+0x000000000000007c]
J 7393 c1 org.gradle.internal.operations.DefaultBuildOperationRunner.execute(Lorg/gradle/internal/operations/BuildOperationDescriptor$Builder;Lorg/gradle/internal/operations/BuildOperationState;Lorg/gradle/internal/operations/DefaultBuildOperationRunner$BuildOperationExecution;)Ljava/lang/Object; (147 bytes) @ 0x000002b7b43ce11c [0x000002b7b43cd680+0x0000000000000a9c]
J 7392 c1 org.gradle.internal.operations.DefaultBuildOperationRunner.execute(Lorg/gradle/internal/operations/BuildOperation;Lorg/gradle/internal/operations/BuildOperationWorker;Lorg/gradle/internal/operations/BuildOperationState;)V (23 bytes) @ 0x000002b7b43cc07c [0x000002b7b43cbde0+0x000000000000029c]
J 10446 c1 org.gradle.internal.operations.DefaultBuildOperationRunner.run(Lorg/gradle/internal/operations/RunnableBuildOperation;)V (13 bytes) @ 0x000002b7b4851324 [0x000002b7b4850f80+0x00000000000003a4]
j  org.gradle.api.internal.plugins.DefaultPluginManager.lambda$doApply$0(Ljava/lang/Runnable;Lorg/gradle/api/internal/plugins/PluginImplementation;Ljava/lang/String;Ljava/lang/Class;Lorg/gradle/internal/code/UserCodeApplicationId;)V+20
j  org.gradle.api.internal.plugins.DefaultPluginManager$$Lambda+0x0000000100a4c700.execute(Ljava/lang/Object;)V+24
j  org.gradle.internal.code.DefaultUserCodeApplicationContext.apply(Lorg/gradle/internal/code/UserCodeSource;Lorg/gradle/api/Action;)V+37
j  org.gradle.api.internal.plugins.DefaultPluginManager.doApply(Lorg/gradle/api/internal/plugins/PluginImplementation;)V+144
j  org.gradle.api.internal.plugins.DefaultPluginManager.apply(Lorg/gradle/api/internal/plugins/PluginImplementation;)V+2
j  org.gradle.plugin.use.resolve.internal.ClassPathPluginResolution.applyTo(Lorg/gradle/api/internal/plugins/PluginManagerInternal;)V+5
j  org.gradle.plugin.use.internal.DefaultPluginRequestApplicator$ApplyAction.apply(Lorg/gradle/api/internal/plugins/PluginManagerInternal;)V+21
j  org.gradle.plugin.use.internal.DefaultPluginRequestApplicator.lambda$applyPlugins$1(Lorg/gradle/api/internal/plugins/PluginManagerInternal;Lorg/gradle/plugin/use/internal/DefaultPluginRequestApplicator$ApplyAction;)V+2
j  org.gradle.plugin.use.internal.DefaultPluginRequestApplicator$$Lambda+0x0000000100acf0a8.accept(Ljava/lang/Object;)V+8
j  java.util.ArrayList.forEach(Ljava/util/function/Consumer;)V+46 java.base@21.0.8
j  org.gradle.plugin.use.internal.DefaultPluginRequestApplicator.applyPlugins(Lorg/gradle/plugin/management/internal/PluginRequests;Lorg/gradle/api/internal/initialization/ScriptHandlerInternal;Lorg/gradle/api/internal/plugins/PluginManagerInternal;Lorg/gradle/api/internal/initialization/ClassLoaderScope;)V+375
j  org.gradle.kotlin.dsl.provider.PluginRequestsHandler.handle(Lorg/gradle/plugin/management/internal/PluginRequests;Lorg/gradle/api/internal/initialization/ScriptHandlerInternal;Lorg/gradle/api/internal/plugins/PluginAwareInternal;Lorg/gradle/api/internal/initialization/ClassLoaderScope;)V+65
j  org.gradle.kotlin.dsl.provider.StandardKotlinScriptEvaluator$InterpreterHost.applyPluginsTo(Lorg/gradle/kotlin/dsl/support/KotlinScriptHost;Lorg/gradle/plugin/management/internal/PluginRequests;)V+53
j  org.gradle.kotlin.dsl.execution.Interpreter$ProgramHost.applyPluginsTo(Lorg/gradle/kotlin/dsl/support/KotlinScriptHost;Lorg/gradle/plugin/management/internal/PluginRequests;)V+21
j  Program.execute(Lorg/gradle/kotlin/dsl/execution/ExecutableProgram$Host;Lorg/gradle/kotlin/dsl/support/KotlinScriptHost;)V+38
j  org.gradle.kotlin.dsl.execution.Interpreter$ProgramHost.eval(Lorg/gradle/kotlin/dsl/execution/CompiledScript;Lorg/gradle/kotlin/dsl/support/KotlinScriptHost;)V+88
j  org.gradle.kotlin.dsl.execution.Interpreter.eval(Ljava/lang/Object;Lorg/gradle/groovy/scripts/ScriptSource;Lorg/gradle/internal/hash/HashCode;Lorg/gradle/api/initialization/dsl/ScriptHandler;Lorg/gradle/api/internal/initialization/ClassLoaderScope;Lorg/gradle/api/internal/initialization/ClassLoaderScope;ZLjava/util/EnumSet;)V+213
j  org.gradle.kotlin.dsl.provider.StandardKotlinScriptEvaluator.evaluate(Ljava/lang/Object;Lorg/gradle/groovy/scripts/ScriptSource;Lorg/gradle/api/initialization/dsl/ScriptHandler;Lorg/gradle/api/internal/initialization/ClassLoaderScope;Lorg/gradle/api/internal/initialization/ClassLoaderScope;ZLjava/util/EnumSet;)V+163
j  org.gradle.kotlin.dsl.provider.KotlinScriptPluginFactory$create$1.invoke(Ljava/lang/Object;)V+72
j  org.gradle.kotlin.dsl.provider.KotlinScriptPluginFactory$create$1.invoke(Ljava/lang/Object;)Ljava/lang/Object;+2
j  org.gradle.kotlin.dsl.provider.KotlinScriptPlugin.apply(Ljava/lang/Object;)V+22
j  org.gradle.configuration.BuildOperationScriptPlugin$1.run(Lorg/gradle/internal/operations/BuildOperationContext;)V+11
j  org.gradle.internal.operations.DefaultBuildOperationRunner$1.execute(Lorg/gradle/internal/operations/RunnableBuildOperation;Lorg/gradle/internal/operations/BuildOperationContext;)V+2
j  org.gradle.internal.operations.DefaultBuildOperationRunner$1.execute(Lorg/gradle/internal/operations/BuildOperation;Lorg/gradle/internal/operations/BuildOperationContext;)V+6
J 7586 c1 org.gradle.internal.operations.DefaultBuildOperationRunner$2.execute(Lorg/gradle/internal/operations/BuildOperationDescriptor;Lorg/gradle/internal/operations/BuildOperationState;Lorg/gradle/internal/operations/BuildOperationState;Lorg/gradle/internal/operations/DefaultBuildOperationRunner$ReadableBuildOperationContext;Lorg/gradle/internal/operations/DefaultBuildOperationRunner$BuildOperationExecutionListener;)Lorg/gradle/internal/operations/BuildOperation; (110 bytes) @ 0x000002b7b4421634 [0x000002b7b4421440+0x00000000000001f4]
J 7598 c1 org.gradle.internal.operations.DefaultBuildOperationRunner$2.execute(Lorg/gradle/internal/operations/BuildOperationDescriptor;Lorg/gradle/internal/operations/BuildOperationState;Lorg/gradle/internal/operations/BuildOperationState;Lorg/gradle/internal/operations/DefaultBuildOperationRunner$ReadableBuildOperationContext;Lorg/gradle/internal/operations/DefaultBuildOperationRunner$BuildOperationExecutionListener;)Ljava/lang/Object; (12 bytes) @ 0x000002b7b44272bc [0x000002b7b4427240+0x000000000000007c]
J 7393 c1 org.gradle.internal.operations.DefaultBuildOperationRunner.execute(Lorg/gradle/internal/operations/BuildOperationDescriptor$Builder;Lorg/gradle/internal/operations/BuildOperationState;Lorg/gradle/internal/operations/DefaultBuildOperationRunner$BuildOperationExecution;)Ljava/lang/Object; (147 bytes) @ 0x000002b7b43ce11c [0x000002b7b43cd680+0x0000000000000a9c]
J 7392 c1 org.gradle.internal.operations.DefaultBuildOperationRunner.execute(Lorg/gradle/internal/operations/BuildOperation;Lorg/gradle/internal/operations/BuildOperationWorker;Lorg/gradle/internal/operations/BuildOperationState;)V (23 bytes) @ 0x000002b7b43cc07c [0x000002b7b43cbde0+0x000000000000029c]
j  org.gradle.internal.operations.DefaultBuildOperationRunner.run(Lorg/gradle/internal/operations/RunnableBuildOperation;)V+9
j  org.gradle.configuration.BuildOperationScriptPlugin.lambda$apply$0(Ljava/lang/Object;Lorg/gradle/internal/code/UserCodeApplicationId;)V+14
j  org.gradle.configuration.BuildOperationScriptPlugin$$Lambda+0x0000000100532708.execute(Ljava/lang/Object;)V+12
j  org.gradle.internal.code.DefaultUserCodeApplicationContext.apply(Lorg/gradle/internal/code/UserCodeSource;Lorg/gradle/api/Action;)V+37
j  org.gradle.configuration.BuildOperationScriptPlugin.apply(Ljava/lang/Object;)V+71
j  org.gradle.configuration.project.BuildScriptProcessor$$Lambda+0x0000000100a84760.accept(Ljava/lang/Object;)V+8
j  org.gradle.api.internal.project.DefaultProjectStateRegistry$ProjectStateImpl.lambda$applyToMutableState$1(Ljava/util/function/Consumer;Lorg/gradle/api/internal/project/ProjectInternal;)Ljava/lang/Object;+2
j  org.gradle.api.internal.project.DefaultProjectStateRegistry$ProjectStateImpl$$Lambda+0x0000000100a0f200.apply(Ljava/lang/Object;)Ljava/lang/Object;+8
j  org.gradle.api.internal.project.DefaultProjectStateRegistry$ProjectStateImpl.fromMutableState(Ljava/util/function/Function;)Ljava/lang/Object;+97
j  org.gradle.api.internal.project.DefaultProjectStateRegistry$ProjectStateImpl.applyToMutableState(Ljava/util/function/Consumer;)V+7
j  org.gradle.configuration.project.BuildScriptProcessor.execute(Lorg/gradle/api/internal/project/ProjectInternal;)V+88
j  org.gradle.configuration.project.BuildScriptProcessor.execute(Ljava/lang/Object;)V+5
j  org.gradle.configuration.project.ConfigureActionsProjectEvaluator.evaluate(Lorg/gradle/api/internal/project/ProjectInternal;Lorg/gradle/api/internal/project/ProjectStateInternal;)V+33
j  org.gradle.configuration.project.LifecycleProjectEvaluator$EvaluateProject.lambda$run$0(Lorg/gradle/internal/operations/BuildOperationContext;Lorg/gradle/api/internal/project/ProjectInternal;)V+67
j  org.gradle.configuration.project.LifecycleProjectEvaluator$EvaluateProject$$Lambda+0x0000000100a0ef98.accept(Ljava/lang/Object;)V+12
j  org.gradle.api.internal.project.DefaultProjectStateRegistry$ProjectStateImpl.lambda$applyToMutableState$1(Ljava/util/function/Consumer;Lorg/gradle/api/internal/project/ProjectInternal;)Ljava/lang/Object;+2
j  org.gradle.api.internal.project.DefaultProjectStateRegistry$ProjectStateImpl$$Lambda+0x0000000100a0f200.apply(Ljava/lang/Object;)Ljava/lang/Object;+8
j  org.gradle.api.internal.project.DefaultProjectStateRegistry$ProjectStateImpl.lambda$fromMutableState$2(Ljava/util/function/Function;)Ljava/lang/Object;+5
j  org.gradle.api.internal.project.DefaultProjectStateRegistry$ProjectStateImpl$$Lambda+0x0000000100a0f478.create()Ljava/lang/Object;+8
j  org.gradle.internal.work.DefaultWorkerLeaseService.withReplacedLocks(Ljava/util/Collection;Lorg/gradle/internal/resources/ResourceLock;Lorg/gradle/internal/Factory;)Ljava/lang/Object;+40
j  org.gradle.api.internal.project.DefaultProjectStateRegistry$ProjectStateImpl.fromMutableState(Ljava/util/function/Function;)Ljava/lang/Object;+133
j  org.gradle.api.internal.project.DefaultProjectStateRegistry$ProjectStateImpl.applyToMutableState(Ljava/util/function/Consumer;)V+7
j  org.gradle.configuration.project.LifecycleProjectEvaluator$EvaluateProject.run(Lorg/gradle/internal/operations/BuildOperationContext;)V+16
j  org.gradle.internal.operations.DefaultBuildOperationRunner$1.execute(Lorg/gradle/internal/operations/RunnableBuildOperation;Lorg/gradle/internal/operations/BuildOperationContext;)V+2
j  org.gradle.internal.operations.DefaultBuildOperationRunner$1.execute(Lorg/gradle/internal/operations/BuildOperation;Lorg/gradle/internal/operations/BuildOperationContext;)V+6
J 7586 c1 org.gradle.internal.operations.DefaultBuildOperationRunner$2.execute(Lorg/gradle/internal/operations/BuildOperationDescriptor;Lorg/gradle/internal/operations/BuildOperationState;Lorg/gradle/internal/operations/BuildOperationState;Lorg/gradle/internal/operations/DefaultBuildOperationRunner$ReadableBuildOperationContext;Lorg/gradle/internal/operations/DefaultBuildOperationRunner$BuildOperationExecutionListener;)Lorg/gradle/internal/operations/BuildOperation; (110 bytes) @ 0x000002b7b4421634 [0x000002b7b4421440+0x00000000000001f4]
J 7598 c1 org.gradle.internal.operations.DefaultBuildOperationRunner$2.execute(Lorg/gradle/internal/operations/BuildOperationDescriptor;Lorg/gradle/internal/operations/BuildOperationState;Lorg/gradle/internal/operations/BuildOperationState;Lorg/gradle/internal/operations/DefaultBuildOperationRunner$ReadableBuildOperationContext;Lorg/gradle/internal/operations/DefaultBuildOperationRunner$BuildOperationExecutionListener;)Ljava/lang/Object; (12 bytes) @ 0x000002b7b44272bc [0x000002b7b4427240+0x000000000000007c]
J 7393 c1 org.gradle.internal.operations.DefaultBuildOperationRunner.execute(Lorg/gradle/internal/operations/BuildOperationDescriptor$Builder;Lorg/gradle/internal/operations/BuildOperationState;Lorg/gradle/internal/operations/DefaultBuildOperationRunner$BuildOperationExecution;)Ljava/lang/Object; (147 bytes) @ 0x000002b7b43ce11c [0x000002b7b43cd680+0x0000000000000a9c]
J 7392 c1 org.gradle.internal.operations.DefaultBuildOperationRunner.execute(Lorg/gradle/internal/operations/BuildOperation;Lorg/gradle/internal/operations/BuildOperationWorker;Lorg/gradle/internal/operations/BuildOperationState;)V (23 bytes) @ 0x000002b7b43cc07c [0x000002b7b43cbde0+0x000000000000029c]
j  org.gradle.internal.operations.DefaultBuildOperationRunner.run(Lorg/gradle/internal/operations/RunnableBuildOperation;)V+9
j  org.gradle.configuration.project.LifecycleProjectEvaluator.evaluate(Lorg/gradle/api/internal/project/ProjectInternal;Lorg/gradle/api/internal/project/ProjectStateInternal;)V+42
j  org.gradle.api.internal.project.DefaultProject.evaluateUnchecked()Lorg/gradle/api/internal/project/ProjectInternal;+20
j  org.gradle.api.internal.project.ProjectLifecycleController.lambda$ensureSelfConfigured$2()V+4
j  org.gradle.api.internal.project.ProjectLifecycleController$$Lambda+0x0000000100a0cfe8.run()V+4
j  org.gradle.internal.model.StateTransitionController.lambda$doTransition$14(Ljava/lang/Runnable;)Lorg/gradle/internal/build/ExecutionResult;+1
j  org.gradle.internal.model.StateTransitionController$$Lambda+0x00000001004ff738.get()Ljava/lang/Object;+4
j  org.gradle.internal.model.StateTransitionController.doTransition(Lorg/gradle/internal/model/StateTransitionController$State;Lorg/gradle/internal/model/StateTransitionController$State;Ljava/util/function/Supplier;)Lorg/gradle/internal/build/ExecutionResult;+24
j  org.gradle.internal.model.StateTransitionController.doTransition(Lorg/gradle/internal/model/StateTransitionController$State;Lorg/gradle/internal/model/StateTransitionController$State;Ljava/lang/Runnable;)V+9
j  org.gradle.internal.model.StateTransitionController.lambda$maybeTransitionIfNotCurrentlyTransitioning$10(Lorg/gradle/internal/model/StateTransitionController$State;Lorg/gradle/internal/model/StateTransitionController$State;Ljava/lang/Runnable;)V+16
j  org.gradle.internal.model.StateTransitionController$$Lambda+0x0000000100a0d240.run()V+16
j  org.gradle.internal.work.DefaultSynchronizer.withLock(Ljava/lang/Runnable;)V+6
j  org.gradle.internal.model.StateTransitionController.maybeTransitionIfNotCurrentlyTransitioning(Lorg/gradle/internal/model/StateTransitionController$State;Lorg/gradle/internal/model/StateTransitionController$State;Ljava/lang/Runnable;)V+13
j  org.gradle.api.internal.project.ProjectLifecycleController.ensureSelfConfigured()V+16
j  org.gradle.api.internal.project.DefaultProjectStateRegistry$ProjectStateImpl.ensureConfigured()V+19
j  org.gradle.execution.TaskPathProjectEvaluator.configure(Lorg/gradle/api/internal/project/ProjectInternal;)V+6
j  org.gradle.execution.TaskPathProjectEvaluator.configureHierarchy(Lorg/gradle/api/internal/project/ProjectInternal;)V+41
j  org.gradle.configuration.DefaultProjectsPreparer.prepareProjects(Lorg/gradle/api/internal/GradleInternal;)V+52
j  org.gradle.configuration.BuildTreePreparingProjectsPreparer.prepareProjects(Lorg/gradle/api/internal/GradleInternal;)V+114
j  org.gradle.configuration.BuildOperationFiringProjectsPreparer$ConfigureBuild.run(Lorg/gradle/internal/operations/BuildOperationContext;)V+11
j  org.gradle.internal.operations.DefaultBuildOperationRunner$1.execute(Lorg/gradle/internal/operations/RunnableBuildOperation;Lorg/gradle/internal/operations/BuildOperationContext;)V+2
j  org.gradle.internal.operations.DefaultBuildOperationRunner$1.execute(Lorg/gradle/internal/operations/BuildOperation;Lorg/gradle/internal/operations/BuildOperationContext;)V+6
j  org.gradle.internal.operations.DefaultBuildOperationRunner$2.execute(Lorg/gradle/internal/operations/BuildOperationDescriptor;Lorg/gradle/internal/operations/BuildOperationState;Lorg/gradle/internal/operations/BuildOperationState;Lorg/gradle/internal/operations/DefaultBuildOperationRunner$ReadableBuildOperationContext;Lorg/gradle/internal/operations/DefaultBuildOperationRunner$BuildOperationExecutionListener;)Lorg/gradle/internal/operations/BuildOperation;+22
j  org.gradle.internal.operations.DefaultBuildOperationRunner$2.execute(Lorg/gradle/internal/operations/BuildOperationDescriptor;Lorg/gradle/internal/operations/BuildOperationState;Lorg/gradle/internal/operations/BuildOperationState;Lorg/gradle/internal/operations/DefaultBuildOperationRunner$ReadableBuildOperationContext;Lorg/gradle/internal/operations/DefaultBuildOperationRunner$BuildOperationExecutionListener;)Ljava/lang/Object;+8
j  org.gradle.internal.operations.DefaultBuildOperationRunner.execute(Lorg/gradle/internal/operations/BuildOperationDescriptor$Builder;Lorg/gradle/internal/operations/BuildOperationState;Lorg/gradle/internal/operations/DefaultBuildOperationRunner$BuildOperationExecution;)Ljava/lang/Object;+141
j  org.gradle.internal.operations.DefaultBuildOperationRunner.execute(Lorg/gradle/internal/operations/BuildOperation;Lorg/gradle/internal/operations/BuildOperationWorker;Lorg/gradle/internal/operations/BuildOperationState;)V+18
j  org.gradle.internal.operations.DefaultBuildOperationRunner.run(Lorg/gradle/internal/operations/RunnableBuildOperation;)V+9
j  org.gradle.configuration.BuildOperationFiringProjectsPreparer.prepareProjects(Lorg/gradle/api/internal/GradleInternal;)V+13
j  org.gradle.initialization.VintageBuildModelController.lambda$prepareProjects$2()V+8
j  org.gradle.initialization.VintageBuildModelController$$Lambda+0x000000010095a4d0.run()V+4
j  org.gradle.internal.model.StateTransitionController.lambda$doTransition$14(Ljava/lang/Runnable;)Lorg/gradle/internal/build/ExecutionResult;+1
j  org.gradle.internal.model.StateTransitionController$$Lambda+0x00000001004ff738.get()Ljava/lang/Object;+4
j  org.gradle.internal.model.StateTransitionController.doTransition(Lorg/gradle/internal/model/StateTransitionController$State;Lorg/gradle/internal/model/StateTransitionController$State;Ljava/util/function/Supplier;)Lorg/gradle/internal/build/ExecutionResult;+24
j  org.gradle.internal.model.StateTransitionController.doTransition(Lorg/gradle/internal/model/StateTransitionController$State;Lorg/gradle/internal/model/StateTransitionController$State;Ljava/lang/Runnable;)V+9
j  org.gradle.internal.model.StateTransitionController.lambda$transitionIfNotPreviously$11(Lorg/gradle/internal/model/StateTransitionController$State;Lorg/gradle/internal/model/StateTransitionController$State;Ljava/lang/Runnable;)V+16
j  org.gradle.internal.model.StateTransitionController$$Lambda+0x00000001004ffbe8.run()V+16
j  org.gradle.internal.work.DefaultSynchronizer.withLock(Ljava/lang/Runnable;)V+6
j  org.gradle.internal.model.StateTransitionController.transitionIfNotPreviously(Lorg/gradle/internal/model/StateTransitionController$State;Lorg/gradle/internal/model/StateTransitionController$State;Ljava/lang/Runnable;)V+13
j  org.gradle.initialization.VintageBuildModelController.prepareProjects()V+16
j  org.gradle.initialization.VintageBuildModelController.prepareToScheduleTasks()V+5
j  org.gradle.internal.build.DefaultBuildLifecycleController.lambda$prepareToScheduleTasks$6()V+9
j  org.gradle.internal.build.DefaultBuildLifecycleController$$Lambda+0x00000001004ff288.run()V+4
j  org.gradle.internal.model.StateTransitionController.lambda$doTransition$14(Ljava/lang/Runnable;)Lorg/gradle/internal/build/ExecutionResult;+1
j  org.gradle.internal.model.StateTransitionController$$Lambda+0x00000001004ff738.get()Ljava/lang/Object;+4
j  org.gradle.internal.model.StateTransitionController.doTransition(Lorg/gradle/internal/model/StateTransitionController$State;Lorg/gradle/internal/model/StateTransitionController$State;Ljava/util/function/Supplier;)Lorg/gradle/internal/build/ExecutionResult;+24
j  org.gradle.internal.model.StateTransitionController.doTransition(Lorg/gradle/internal/model/StateTransitionController$State;Lorg/gradle/internal/model/StateTransitionController$State;Ljava/lang/Runnable;)V+9
j  org.gradle.internal.model.StateTransitionController.lambda$maybeTransition$9(Lorg/gradle/internal/model/StateTransitionController$State;Lorg/gradle/internal/model/StateTransitionController$State;Ljava/lang/Runnable;)V+16
j  org.gradle.internal.model.StateTransitionController$$Lambda+0x00000001004ff4e0.run()V+16
j  org.gradle.internal.work.DefaultSynchronizer.withLock(Ljava/lang/Runnable;)V+6
j  org.gradle.internal.model.StateTransitionController.maybeTransition(Lorg/gradle/internal/model/StateTransitionController$State;Lorg/gradle/internal/model/StateTransitionController$State;Ljava/lang/Runnable;)V+13
j  org.gradle.internal.build.DefaultBuildLifecycleController.prepareToScheduleTasks()V+16
j  org.gradle.internal.buildtree.DefaultBuildTreeWorkPreparer.scheduleRequestedTasks(Lorg/gradle/internal/buildtree/BuildTreeWorkGraph;Lorg/gradle/execution/EntryTaskSelector;)Lorg/gradle/internal/buildtree/BuildTreeWorkGraph$FinalizedGraph;+4
j  org.gradle.internal.cc.impl.VintageBuildTreeWorkController$scheduleAndRunRequestedTasks$1.apply(Lorg/gradle/internal/buildtree/BuildTreeWorkGraph;)Lorg/gradle/internal/build/ExecutionResult;+18
j  org.gradle.internal.cc.impl.VintageBuildTreeWorkController$scheduleAndRunRequestedTasks$1.apply(Ljava/lang/Object;)Ljava/lang/Object;+5
j  org.gradle.composite.internal.DefaultIncludedBuildTaskGraph.withNewWorkGraph(Ljava/util/function/Function;)Ljava/lang/Object;+30
j  org.gradle.internal.cc.impl.VintageBuildTreeWorkController.scheduleAndRunRequestedTasks(Lorg/gradle/execution/EntryTaskSelector;)Lorg/gradle/internal/build/ExecutionResult;+16
j  org.gradle.internal.buildtree.DefaultBuildTreeLifecycleController.lambda$scheduleAndRunTasks$1(Lorg/gradle/execution/EntryTaskSelector;)Lorg/gradle/internal/build/ExecutionResult;+5
j  org.gradle.internal.buildtree.DefaultBuildTreeLifecycleController$$Lambda+0x00000001004fe298.get()Ljava/lang/Object;+8
j  org.gradle.internal.buildtree.DefaultBuildTreeLifecycleController.lambda$runBuild$4(Ljava/util/function/Supplier;)Ljava/lang/Object;+1
j  org.gradle.internal.buildtree.DefaultBuildTreeLifecycleController$$Lambda+0x00000001004fe4f0.get()Ljava/lang/Object;+8
j  org.gradle.internal.model.StateTransitionController.lambda$transition$6(Ljava/util/function/Supplier;)Lorg/gradle/internal/build/ExecutionResult;+1
j  org.gradle.internal.model.StateTransitionController$$Lambda+0x00000001004fe9a0.get()Ljava/lang/Object;+4
j  org.gradle.internal.model.StateTransitionController.doTransition(Lorg/gradle/internal/model/StateTransitionController$State;Lorg/gradle/internal/model/StateTransitionController$State;Ljava/util/function/Supplier;)Lorg/gradle/internal/build/ExecutionResult;+24
j  org.gradle.internal.model.StateTransitionController.lambda$transition$7(Lorg/gradle/internal/model/StateTransitionController$State;Lorg/gradle/internal/model/StateTransitionController$State;Ljava/util/function/Supplier;)Ljava/lang/Object;+9
j  org.gradle.internal.model.StateTransitionController$$Lambda+0x00000001004fe748.create()Ljava/lang/Object;+16
j  org.gradle.internal.work.DefaultSynchronizer.withLock(Lorg/gradle/internal/Factory;)Ljava/lang/Object;+6
j  org.gradle.internal.model.StateTransitionController.transition(Lorg/gradle/internal/model/StateTransitionController$State;Lorg/gradle/internal/model/StateTransitionController$State;Ljava/util/function/Supplier;)Ljava/lang/Object;+13
j  org.gradle.internal.buildtree.DefaultBuildTreeLifecycleController.runBuild(Ljava/util/function/Supplier;)Ljava/lang/Object;+17
j  org.gradle.internal.buildtree.DefaultBuildTreeLifecycleController.scheduleAndRunTasks(Lorg/gradle/execution/EntryTaskSelector;)V+8
j  org.gradle.internal.buildtree.DefaultBuildTreeLifecycleController.scheduleAndRunTasks()V+2
j  org.gradle.tooling.internal.provider.runner.BuildModelActionRunner.run(Lorg/gradle/internal/invocation/BuildAction;Lorg/gradle/internal/buildtree/BuildTreeLifecycleController;)Lorg/gradle/internal/buildtree/BuildActionRunner$Result;+65
j  org.gradle.launcher.exec.ChainingBuildActionRunner.run(Lorg/gradle/internal/invocation/BuildAction;Lorg/gradle/internal/buildtree/BuildTreeLifecycleController;)Lorg/gradle/internal/buildtree/BuildActionRunner$Result;+34
j  org.gradle.internal.buildtree.ProblemReportingBuildActionRunner.run(Lorg/gradle/internal/invocation/BuildAction;Lorg/gradle/internal/buildtree/BuildTreeLifecycleController;)Lorg/gradle/internal/buildtree/BuildActionRunner$Result;+12
j  org.gradle.launcher.exec.BuildOutcomeReportingBuildActionRunner.run(Lorg/gradle/internal/invocation/BuildAction;Lorg/gradle/internal/buildtree/BuildTreeLifecycleController;)Lorg/gradle/internal/buildtree/BuildActionRunner$Result;+69
j  org.gradle.tooling.internal.provider.FileSystemWatchingBuildActionRunner.run(Lorg/gradle/internal/invocation/BuildAction;Lorg/gradle/internal/buildtree/BuildTreeLifecycleController;)Lorg/gradle/internal/buildtree/BuildActionRunner$Result;+317
j  org.gradle.launcher.exec.BuildCompletionNotifyingBuildActionRunner.run(Lorg/gradle/internal/invocation/BuildAction;Lorg/gradle/internal/buildtree/BuildTreeLifecycleController;)Lorg/gradle/internal/buildtree/BuildActionRunner$Result;+6
j  org.gradle.launcher.exec.RootBuildLifecycleBuildActionExecutor.lambda$execute$0(Lorg/gradle/internal/invocation/BuildAction;Lorg/gradle/internal/buildtree/BuildTreeLifecycleController;)Lorg/gradle/internal/buildtree/BuildActionRunner$Result;+6
j  org.gradle.launcher.exec.RootBuildLifecycleBuildActionExecutor$$Lambda+0x00000001004e79e8.apply(Ljava/lang/Object;)Ljava/lang/Object;+12
j  org.gradle.composite.internal.DefaultRootBuildState.run(Ljava/util/function/Function;)Ljava/lang/Object;+87
j  org.gradle.launcher.exec.RootBuildLifecycleBuildActionExecutor.execute(Lorg/gradle/internal/invocation/BuildAction;Lorg/gradle/internal/buildtree/BuildTreeContext;)Lorg/gradle/internal/buildtree/BuildActionRunner$Result;+75
j  org.gradle.internal.buildtree.InitDeprecationLoggingActionExecutor.execute(Lorg/gradle/internal/invocation/BuildAction;Lorg/gradle/internal/buildtree/BuildTreeContext;)Lorg/gradle/internal/buildtree/BuildActionRunner$Result;+83
j  org.gradle.internal.buildtree.InitProblems.execute(Lorg/gradle/internal/invocation/BuildAction;Lorg/gradle/internal/buildtree/BuildTreeContext;)Lorg/gradle/internal/buildtree/BuildActionRunner$Result;+13
j  org.gradle.internal.buildtree.DefaultBuildTreeContext.execute(Lorg/gradle/internal/invocation/BuildAction;)Lorg/gradle/internal/buildtree/BuildActionRunner$Result;+64
j  org.gradle.launcher.exec.BuildTreeLifecycleBuildActionExecutor.lambda$execute$0(Lorg/gradle/internal/invocation/BuildAction;Lorg/gradle/internal/buildtree/BuildTreeContext;)Lorg/gradle/internal/buildtree/BuildActionRunner$Result;+2
j  org.gradle.launcher.exec.BuildTreeLifecycleBuildActionExecutor$$Lambda+0x00000001003d6ec0.apply(Ljava/lang/Object;)Ljava/lang/Object;+8
j  org.gradle.internal.buildtree.BuildTreeState.run(Ljava/util/function/Function;)Ljava/lang/Object;+47
j  org.gradle.launcher.exec.BuildTreeLifecycleBuildActionExecutor.execute(Lorg/gradle/internal/invocation/BuildAction;Lorg/gradle/internal/session/BuildSessionContext;)Lorg/gradle/internal/buildtree/BuildActionRunner$Result;+74
j  org.gradle.launcher.exec.RunAsBuildOperationBuildActionExecutor$2.call(Lorg/gradle/internal/operations/BuildOperationContext;)Lorg/gradle/internal/buildtree/BuildActionRunner$Result;+25
j  org.gradle.launcher.exec.RunAsBuildOperationBuildActionExecutor$2.call(Lorg/gradle/internal/operations/BuildOperationContext;)Ljava/lang/Object;+2
j  org.gradle.internal.operations.DefaultBuildOperationRunner$CallableBuildOperationWorker.execute(Lorg/gradle/internal/operations/CallableBuildOperation;Lorg/gradle/internal/operations/BuildOperationContext;)V+3
j  org.gradle.internal.operations.DefaultBuildOperationRunner$CallableBuildOperationWorker.execute(Lorg/gradle/internal/operations/BuildOperation;Lorg/gradle/internal/operations/BuildOperationContext;)V+6
j  org.gradle.internal.operations.DefaultBuildOperationRunner$2.execute(Lorg/gradle/internal/operations/BuildOperationDescriptor;Lorg/gradle/internal/operations/BuildOperationState;Lorg/gradle/internal/operations/BuildOperationState;Lorg/gradle/internal/operations/DefaultBuildOperationRunner$ReadableBuildOperationContext;Lorg/gradle/internal/operations/DefaultBuildOperationRunner$BuildOperationExecutionListener;)Lorg/gradle/internal/operations/BuildOperation;+22
j  org.gradle.internal.operations.DefaultBuildOperationRunner$2.execute(Lorg/gradle/internal/operations/BuildOperationDescriptor;Lorg/gradle/internal/operations/BuildOperationState;Lorg/gradle/internal/operations/BuildOperationState;Lorg/gradle/internal/operations/DefaultBuildOperationRunner$ReadableBuildOperationContext;Lorg/gradle/internal/operations/DefaultBuildOperationRunner$BuildOperationExecutionListener;)Ljava/lang/Object;+8
j  org.gradle.internal.operations.DefaultBuildOperationRunner.execute(Lorg/gradle/internal/operations/BuildOperationDescriptor$Builder;Lorg/gradle/internal/operations/BuildOperationState;Lorg/gradle/internal/operations/DefaultBuildOperationRunner$BuildOperationExecution;)Ljava/lang/Object;+141
j  org.gradle.internal.operations.DefaultBuildOperationRunner.execute(Lorg/gradle/internal/operations/BuildOperation;Lorg/gradle/internal/operations/BuildOperationWorker;Lorg/gradle/internal/operations/BuildOperationState;)V+18
j  org.gradle.internal.operations.DefaultBuildOperationRunner.call(Lorg/gradle/internal/operations/CallableBuildOperation;)Ljava/lang/Object;+16
j  org.gradle.launcher.exec.RunAsBuildOperationBuildActionExecutor.execute(Lorg/gradle/internal/invocation/BuildAction;Lorg/gradle/internal/session/BuildSessionContext;)Lorg/gradle/internal/buildtree/BuildActionRunner$Result;+23
j  org.gradle.launcher.exec.RunAsWorkerThreadBuildActionExecutor.lambda$execute$0(Lorg/gradle/internal/invocation/BuildAction;Lorg/gradle/internal/session/BuildSessionContext;)Lorg/gradle/internal/buildtree/BuildActionRunner$Result;+6
j  org.gradle.launcher.exec.RunAsWorkerThreadBuildActionExecutor$$Lambda+0x00000001003a17d0.create()Ljava/lang/Object;+12
j  org.gradle.internal.work.DefaultWorkerLeaseService.withLocks(Ljava/util/Collection;Lorg/gradle/internal/Factory;)Ljava/lang/Object;+28
j  org.gradle.internal.work.DefaultWorkerLeaseService.runAsWorkerThread(Lorg/gradle/internal/Factory;)Ljava/lang/Object;+33
j  org.gradle.launcher.exec.RunAsWorkerThreadBuildActionExecutor.execute(Lorg/gradle/internal/invocation/BuildAction;Lorg/gradle/internal/session/BuildSessionContext;)Lorg/gradle/internal/buildtree/BuildActionRunner$Result;+12
j  org.gradle.tooling.internal.provider.continuous.ContinuousBuildActionExecutor.execute(Lorg/gradle/internal/invocation/BuildAction;Lorg/gradle/internal/session/BuildSessionContext;)Lorg/gradle/internal/buildtree/BuildActionRunner$Result;+58
j  org.gradle.tooling.internal.provider.SubscribableBuildActionExecutor.execute(Lorg/gradle/internal/invocation/BuildAction;Lorg/gradle/internal/session/BuildSessionContext;)Lorg/gradle/internal/buildtree/BuildActionRunner$Result;+30
j  org.gradle.internal.session.DefaultBuildSessionContext.execute(Lorg/gradle/internal/invocation/BuildAction;)Lorg/gradle/internal/buildtree/BuildActionRunner$Result;+64
j  org.gradle.internal.buildprocess.execution.BuildSessionLifecycleBuildActionExecutor$ActionImpl.apply(Lorg/gradle/internal/session/BuildSessionContext;)Lorg/gradle/launcher/exec/BuildActionResult;+6
j  org.gradle.internal.buildprocess.execution.BuildSessionLifecycleBuildActionExecutor$ActionImpl.apply(Ljava/lang/Object;)Ljava/lang/Object;+5
j  org.gradle.internal.session.BuildSessionState.run(Ljava/util/function/Function;)Ljava/lang/Object;+5
j  org.gradle.internal.buildprocess.execution.BuildSessionLifecycleBuildActionExecutor.execute(Lorg/gradle/internal/invocation/BuildAction;Lorg/gradle/launcher/exec/BuildActionParameters;Lorg/gradle/initialization/BuildRequestContext;)Lorg/gradle/launcher/exec/BuildActionResult;+95
j  org.gradle.internal.buildprocess.execution.BuildSessionLifecycleBuildActionExecutor.execute(Lorg/gradle/internal/invocation/BuildAction;Ljava/lang/Object;Ljava/lang/Object;)Lorg/gradle/launcher/exec/BuildActionResult;+10
j  org.gradle.internal.buildprocess.execution.StartParamsValidatingActionExecutor.execute(Lorg/gradle/internal/invocation/BuildAction;Lorg/gradle/launcher/exec/BuildActionParameters;Lorg/gradle/initialization/BuildRequestContext;)Lorg/gradle/launcher/exec/BuildActionResult;+203
j  org.gradle.internal.buildprocess.execution.StartParamsValidatingActionExecutor.execute(Lorg/gradle/internal/invocation/BuildAction;Ljava/lang/Object;Ljava/lang/Object;)Lorg/gradle/launcher/exec/BuildActionResult;+10
j  org.gradle.internal.buildprocess.execution.SessionFailureReportingActionExecutor.execute(Lorg/gradle/internal/invocation/BuildAction;Lorg/gradle/launcher/exec/BuildActionParameters;Lorg/gradle/initialization/BuildRequestContext;)Lorg/gradle/launcher/exec/BuildActionResult;+7
j  org.gradle.internal.buildprocess.execution.SessionFailureReportingActionExecutor.execute(Lorg/gradle/internal/invocation/BuildAction;Ljava/lang/Object;Ljava/lang/Object;)Lorg/gradle/launcher/exec/BuildActionResult;+10
j  org.gradle.internal.buildprocess.execution.SetupLoggingActionExecutor.execute(Lorg/gradle/internal/invocation/BuildAction;Lorg/gradle/launcher/exec/BuildActionParameters;Lorg/gradle/initialization/BuildRequestContext;)Lorg/gradle/launcher/exec/BuildActionResult;+50
j  org.gradle.internal.buildprocess.execution.SetupLoggingActionExecutor.execute(Lorg/gradle/internal/invocation/BuildAction;Ljava/lang/Object;Ljava/lang/Object;)Lorg/gradle/launcher/exec/BuildActionResult;+10
j  org.gradle.launcher.daemon.server.exec.ExecuteBuild.doBuild(Lorg/gradle/launcher/daemon/server/api/DaemonCommandExecution;Lorg/gradle/launcher/daemon/protocol/Build;)V+147
j  org.gradle.launcher.daemon.server.exec.BuildCommandOnly.execute(Lorg/gradle/launcher/daemon/server/api/DaemonCommandExecution;)V+49
j  org.gradle.launcher.daemon.server.api.DaemonCommandExecution.proceed()Z+23
j  org.gradle.launcher.daemon.server.exec.WatchForDisconnection.execute(Lorg/gradle/launcher/daemon/server/api/DaemonCommandExecution;)V+19
j  org.gradle.launcher.daemon.server.api.DaemonCommandExecution.proceed()Z+23
j  org.gradle.launcher.daemon.server.exec.ResetDeprecationLogger.execute(Lorg/gradle/launcher/daemon/server/api/DaemonCommandExecution;)V+7
j  org.gradle.launcher.daemon.server.api.DaemonCommandExecution.proceed()Z+23
j  org.gradle.launcher.daemon.server.exec.RequestStopIfSingleUsedDaemon.execute(Lorg/gradle/launcher/daemon/server/api/DaemonCommandExecution;)V+33
j  org.gradle.launcher.daemon.server.api.DaemonCommandExecution.proceed()Z+23
j  org.gradle.launcher.daemon.server.exec.ForwardClientInput.lambda$execute$0(Lorg/gradle/launcher/daemon/server/api/DaemonCommandExecution;Lorg/gradle/internal/daemon/clientinput/StdinHandler;)Ljava/lang/Object;+11
j  org.gradle.launcher.daemon.server.exec.ForwardClientInput$$Lambda+0x000000010028bb58.apply(Ljava/lang/Object;)Ljava/lang/Object;+8
j  org.gradle.internal.daemon.clientinput.ClientInputForwarder.forwardInput(Ljava/util/function/Function;)Ljava/lang/Object;+46
j  org.gradle.launcher.daemon.server.exec.ForwardClientInput.execute(Lorg/gradle/launcher/daemon/server/api/DaemonCommandExecution;)V+10
j  org.gradle.launcher.daemon.server.api.DaemonCommandExecution.proceed()Z+23
j  org.gradle.launcher.daemon.server.exec.LogAndCheckHealth.execute(Lorg/gradle/launcher/daemon/server/api/DaemonCommandExecution;)V+51
j  org.gradle.launcher.daemon.server.api.DaemonCommandExecution.proceed()Z+23
j  org.gradle.launcher.daemon.server.exec.LogToClient.doBuild(Lorg/gradle/launcher/daemon/server/api/DaemonCommandExecution;Lorg/gradle/launcher/daemon/protocol/Build;)V+87
j  org.gradle.launcher.daemon.server.exec.BuildCommandOnly.execute(Lorg/gradle/launcher/daemon/server/api/DaemonCommandExecution;)V+49
j  org.gradle.launcher.daemon.server.api.DaemonCommandExecution.proceed()Z+23
j  org.gradle.launcher.daemon.server.exec.EstablishBuildEnvironment.doBuild(Lorg/gradle/launcher/daemon/server/api/DaemonCommandExecution;Lorg/gradle/launcher/daemon/protocol/Build;)V+356
j  org.gradle.launcher.daemon.server.exec.BuildCommandOnly.execute(Lorg/gradle/launcher/daemon/server/api/DaemonCommandExecution;)V+49
j  org.gradle.launcher.daemon.server.api.DaemonCommandExecution.proceed()Z+23
j  org.gradle.launcher.daemon.server.exec.StartBuildOrRespondWithBusy$1.run()V+44
j  org.gradle.launcher.daemon.server.DaemonStateCoordinator.lambda$runCommand$0(Ljava/lang/Runnable;)V+1
j  org.gradle.launcher.daemon.server.DaemonStateCoordinator$$Lambda+0x000000010028a300.run()V+8
j  org.gradle.internal.concurrent.ExecutorPolicy$CatchAndRecordFailures.onExecute(Ljava/lang/Runnable;)V+1
j  org.gradle.internal.concurrent.AbstractManagedExecutor$1.run()V+25
j  java.util.concurrent.ThreadPoolExecutor.runWorker(Ljava/util/concurrent/ThreadPoolExecutor$Worker;)V+92 java.base@21.0.8
j  java.util.concurrent.ThreadPoolExecutor$Worker.run()V+5 java.base@21.0.8
j  java.lang.Thread.runWith(Ljava/lang/Object;Ljava/lang/Runnable;)V+5 java.base@21.0.8
j  java.lang.Thread.run()V+19 java.base@21.0.8
v  ~StubRoutines::call_stub 0x000002b7badd100d
method entry point (kind = zerolocals)  [0x000002b7baddba00, 0x000002b7baddbdc0]  960 bytes
[MachCode]
  0x000002b7baddba00: 488b 5308 | 0fb7 4a2e | 0fb7 522c | 2bd1 81fa | f501 0000 | 0f86 2500 | 0000 488b | c248 c1e0 
  0x000002b7baddba20: 0348 83c0 | 5849 0387 | c804 0000 | 483b e00f | 870a 0000 | 0058 498b | e550 e941 | acff ff58 
  0x000002b7baddba40: 4c8d 74cc | f885 d20f | 8e09 0000 | 0068 0000 | 0000 ffca | 7ff7 5055 | 488b ec41 | 5568 0000 
  0x000002b7baddba60: 0000 4c8b | 6b08 4d8d | 6d38 5348 | 8b53 0848 | 8b52 0848 | 8b52 1848 | 8b52 7048 | 8b12 5248 
  0x000002b7baddba80: 8b53 1048 | 85d2 0f84 | 0700 0000 | 4881 c208 | 0100 0052 | 488b 5308 | 488b 5208 | 488b 5210 
  0x000002b7baddbaa0: 5249 8bc6 | 482b c548 | c1e8 0350 | 4155 6800 | 0000 0048 | 8924 2441 | c687 7104 | 0000 0148 
  0x000002b7baddbac0: 8b45 d848 | 85c0 0f84 | 8800 0000 | 8b48 fc85 | c90f 887d | 0000 0048 | 03c1 488b | 4808 4883 
  0x000002b7baddbae0: e902 488b | 54c8 1048 | f7da 498b | 14d6 4885 | d275 10f6 | 44c8 1801 | 7554 f048 | 834c c818 
  0x000002b7baddbb00: 01eb 4b8b | 5208 48c1 | e203 4c8b | d248 3354 | c818 48f7 | c2fc ffff | ff74 33f6 | c202 752e 
  0x000002b7baddbb20: 4883 7cc8 | 1800 7421 | 4883 7cc8 | 1801 7419 | 498b d248 | 3354 c818 | 48f7 c2fc | ffff ff74 
  0x000002b7baddbb40: 0d48 834c | c818 02eb | 0548 8954 | c818 4883 | e902 798e | 488b 4310 | 4885 c074 | 208b 88cc 
  0x000002b7baddbb60: 0000 0083 | c102 8988 | cc00 0000 | 2388 e000 | 0000 0f84 | 9601 0000 | e9cf 0000 | 0048 8b43 
  0x000002b7baddbb80: 1848 85c0 | 0f85 b000 | 0000 e805 | 0000 00e9 | 9900 0000 | 488b d348 | 8d44 2408 | 4c89 6dc0 
  0x000002b7baddbba0: 498b cfc5 | f877 4989 | afa8 0300 | 0049 8987 | 9803 0000 | 4883 ec20 | 40f6 c40f | 0f84 1900 
  0x000002b7baddbbc0: 0000 4883 | ec08 48b8 | f090 1e67 | fe7f 0000 | ffd0 4883 | c408 e90c | 0000 0048 | b8f0 901e 
  0x000002b7baddbbe0: 67fe 7f00 | 00ff d048 | 83c4 2049 | c787 9803 | 0000 0000 | 0000 49c7 | 87a8 0300 | 0000 0000 
  0x000002b7baddbc00: 0049 c787 | a003 0000 | 0000 0000 | c5f8 7749 | 837f 0800 | 0f84 0500 | 0000 e9e1 | 52ff ff4c 
  0x000002b7baddbc20: 8b6d c04c | 8b75 c84e | 8d74 f500 | c348 8b43 | 1848 85c0 | 0f84 1200 | 0000 8b48 | 0883 c102 
  0x000002b7baddbc40: 8948 0823 | 481c 0f84 | c200 0000 | 493b a7e0 | 0400 000f | 8748 0000 | 0089 8424 | 00f0 ffff 
  0x000002b7baddbc60: 8984 2400 | e0ff ff89 | 8424 00d0 | ffff 8984 | 2400 c0ff | ff89 8424 | 00b0 ffff | 8984 2400 
  0x000002b7baddbc80: a0ff ff89 | 8424 0090 | ffff 8984 | 2400 80ff | ff49 3ba7 | d804 0000 | 7607 4989 | a7e0 0400 
  0x000002b7baddbca0: 0041 c687 | 7104 0000 | 0049 ba18 | fa9a 67fe | 7f00 0041 | 803a 000f | 843e 0000 | 0048 8b55 
  0x000002b7baddbcc0: e849 8bcf | 4883 ec20 | 40f6 c40f | 0f84 1900 | 0000 4883 | ec08 48b8 | 90d7 5467 | fe7f 0000 
  0x000002b7baddbce0: ffd0 4883 | c408 e90c | 0000 0048 | b890 d754 | 67fe 7f00 | 00ff d048 | 83c4 2041 | 0fb6 5d00 
  0x000002b7baddbd00: 49ba b0cd | 9d67 fe7f | 0000 41ff | 24da ba00 | 0000 00e8 | 0500 0000 | e996 0000 | 0048 8d44 
  0x000002b7baddbd20: 2408 4c89 | 6dc0 498b | cfc5 f877 | 4989 afa8 | 0300 0049 | 8987 9803 | 0000 4883 | ec20 40f6 
  0x000002b7baddbd40: c40f 0f84 | 1900 0000 | 4883 ec08 | 48b8 a09b | 1e67 fe7f | 0000 ffd0 | 4883 c408 | e90c 0000 
  0x000002b7baddbd60: 0048 b8a0 | 9b1e 67fe | 7f00 00ff | d048 83c4 | 2049 c787 | 9803 0000 | 0000 0000 | 49c7 87a8 
  0x000002b7baddbd80: 0300 0000 | 0000 0049 | c787 a003 | 0000 0000 | 0000 c5f8 | 7749 837f | 0800 0f84 | 0500 0000 
  0x000002b7baddbda0: e95b 51ff | ff4c 8b6d | c04c 8b75 | c84e 8d74 | f500 c348 | 8b5d e8e9 | 90fe ffff | 0f1f 4000 
[/MachCode]

Compiled method (n/a) 11195 1561     n 0       jdk.internal.misc.Unsafe::ensureClassInitialized0 (native)
 total in heap  [0x000002b7bb438e10,0x000002b7bb4391c0] = 944
 relocation     [0x000002b7bb438f70,0x000002b7bb438fa0] = 48
 main code      [0x000002b7bb438fa0,0x000002b7bb4391ba] = 538
 stub code      [0x000002b7bb4391ba,0x000002b7bb4391c0] = 6

[Constant Pool (empty)]

[MachCode]
[Entry Point]
  # {method} {0x000002b7c80ec1e0} 'ensureClassInitialized0' '(Ljava/lang/Class;)V' in 'jdk/internal/misc/Unsafe'
  # this:     rdx:rdx   = 'jdk/internal/misc/Unsafe'
  # parm0:    r8:r8     = 'java/lang/Class'
  #           [sp+0x70]  (sp of caller)
  0x000002b7bb438fa0: 448b 5208 | 49c1 e203 | 493b c20f | 8407 0000 

  0x000002b7bb438fb0: ;   {runtime_call ic_miss_stub}
  0x000002b7bb438fb0: 00e9 ca57 | 9eff 6690 
[Verified Entry Point]
  0x000002b7bb438fb8: 8984 2400 | 80ff ff55 | 488b ec48 | 83ec 6090 | 4181 7f20 | 1100 0000 

  0x000002b7bb438fd0: ;   {runtime_call StubRoutines (final stubs)}
  0x000002b7bb438fd0: 7405 e849 | 0b9d ff4c | 8944 2428 | 4983 f800 | 4c8d 4424 | 284c 0f44 | 4424 2848 | 8954 2420 
  0x000002b7bb438ff0: 4883 fa00 | 488d 5424 | 2048 0f44 | 5424 20c5 

  0x000002b7bb439000: ;   {internal_word}
  0x000002b7bb439000: f877 49ba | ff8f 43bb | b702 0000 | 4d89 97a0 | 0300 0049 | 89a7 9803 

  0x000002b7bb439018: ;   {external_word}
  0x000002b7bb439018: 0000 49ba | 18fa 9a67 | fe7f 0000 | 4180 3a00 | 0f84 4a00 | 0000 5241 

  0x000002b7bb439030: ;   {metadata({method} {0x000002b7c80ec1e0} 'ensureClassInitialized0' '(Ljava/lang/Class;)V' in 'jdk/internal/misc/Unsafe')}
  0x000002b7bb439030: 5048 bad8 | c10e c8b7 | 0200 0049 | 8bcf 4883 | ec20 40f6 | c40f 0f84 | 1900 0000 | 4883 ec08 
  0x000002b7bb439050: ;   {runtime_call}
  0x000002b7bb439050: 48b8 90d7 | 5467 fe7f | 0000 ffd0 | 4883 c408 | e90c 0000 

  0x000002b7bb439064: ;   {runtime_call}
  0x000002b7bb439064: 0048 b890 | d754 67fe | 7f00 00ff | d048 83c4 | 2041 585a | 498d 8fb8 | 0300 0041 | c787 4404 
  0x000002b7bb439084: 0000 0400 

  0x000002b7bb439088: ;   {runtime_call}
  0x000002b7bb439088: 0000 48b8 | a02a 6467 | fe7f 0000 | ffd0 c5f8 | 7741 c787 | 4404 0000 | 0500 0000 | f083 4424 
  0x000002b7bb4390a8: c000 493b | af48 0400 | 000f 870e | 0000 0041 | 83bf 4004 | 0000 000f | 8423 0000 | 00c5 f877 
  0x000002b7bb4390c8: 498b cf4c | 8be4 4883 | ec20 4883 

  0x000002b7bb4390d4: ;   {runtime_call}
  0x000002b7bb4390d4: e4f0 48b8 | 2014 2067 | fe7f 0000 | ffd0 498b | e44d 33e4 | 41c7 8744 | 0400 0008 | 0000 0041 
  0x000002b7bb4390f4: 83bf c004 | 0000 020f | 8494 0000 

  0x000002b7bb439100: ;   {external_word}
  0x000002b7bb439100: 0049 ba18 | fa9a 67fe | 7f00 0041 | 803a 000f | 8444 0000 

  0x000002b7bb439114: ;   {metadata({method} {0x000002b7c80ec1e0} 'ensureClassInitialized0' '(Ljava/lang/Class;)V' in 'jdk/internal/misc/Unsafe')}
  0x000002b7bb439114: 0048 bad8 | c10e c8b7 | 0200 0049 | 8bcf 4883 | ec20 40f6 | c40f 0f84 | 1900 0000 | 4883 ec08 
  0x000002b7bb439134: ;   {runtime_call}
  0x000002b7bb439134: 48b8 90d7 | 5467 fe7f | 0000 ffd0 | 4883 c408 | e90c 0000 

  0x000002b7bb439148: ;   {runtime_call}
  0x000002b7bb439148: 0048 b890 | d754 67fe | 7f00 00ff | d048 83c4 | 2049 c787 | 9803 0000 | 0000 0000 | 49c7 87a0 
  0x000002b7bb439168: 0300 0000 | 0000 00c5 | f877 498b | 8f28 0400 | 00c7 8100 | 0100 0000 | 0000 00c9 | 4983 7f08 
  0x000002b7bb439188: 000f 8501 | 0000 00c3 

  0x000002b7bb439190: ;   {runtime_call StubRoutines (initial stubs)}
  0x000002b7bb439190: e96b 7d99 | ffc5 f877 | 4c8b e448 | 83ec 2048 

  0x000002b7bb4391a0: ;   {runtime_call}
  0x000002b7bb4391a0: 83e4 f048 | b8e0 0e55 | 67fe 7f00 | 00ff d049 | 8be4 4d33 | e4e9 47ff | ffff f4f4 | f4f4 f4f4 
[/MachCode]


Compiled method (c1) 11198 3476   !   3       jdk.internal.reflect.MethodHandleAccessorFactory::newConstructorAccessor (84 bytes)
 total in heap  [0x000002b7b38b7790,0x000002b7b38b9780] = 8176
 relocation     [0x000002b7b38b78f0,0x000002b7b38b7af0] = 512
 main code      [0x000002b7b38b7b00,0x000002b7b38b8dd0] = 4816
 stub code      [0x000002b7b38b8dd0,0x000002b7b38b8ec0] = 240
 oops           [0x000002b7b38b8ec0,0x000002b7b38b8ed0] = 16
 metadata       [0x000002b7b38b8ed0,0x000002b7b38b8f78] = 168
 scopes data    [0x000002b7b38b8f78,0x000002b7b38b9238] = 704
 scopes pcs     [0x000002b7b38b9238,0x000002b7b38b9578] = 832
 dependencies   [0x000002b7b38b9578,0x000002b7b38b95b0] = 56
 handler table  [0x000002b7b38b95b0,0x000002b7b38b9730] = 384
 nul chk table  [0x000002b7b38b9730,0x000002b7b38b9780] = 80

[Constant Pool (empty)]

[MachCode]
[Verified Entry Point]
  # {method} {0x000002b7c820f700} 'newConstructorAccessor' '(Ljava/lang/reflect/Constructor;)Ljdk/internal/reflect/ConstructorAccessorImpl;' in 'jdk/internal/reflect/MethodHandleAccessorFactory'
  # parm0:    rdx:rdx   = 'java/lang/reflect/Constructor'
  #           [sp+0xf0]  (sp of caller)
  0x000002b7b38b7b00: 8984 2400 | 80ff ff55 | 4881 ece0 | 0000 0090 | 4181 7f20 | 1100 0000 

  0x000002b7b38b7b18: ;   {runtime_call StubRoutines (final stubs)}
  0x000002b7b38b7b18: 7405 e801 | 2055 0748 | 8994 2488 

  0x000002b7b38b7b24: ;   {metadata(method data for {method} {0x000002b7c820f700} 'newConstructorAccessor' '(Ljava/lang/reflect/Constructor;)Ljdk/internal/reflect/ConstructorAccessorImpl;' in 'jdk/internal/reflect/MethodHandleAccessorFactory')}
  0x000002b7b38b7b24: 0000 0048 | be60 3910 | cab7 0200 | 008b becc | 0000 0083 | c702 89be | cc00 0000 | 81e7 fe07 
  0x000002b7b38b7b44: 0000 85ff | 0f84 730e 

  0x000002b7b38b7b4c: ;   {metadata(method data for {method} {0x000002b7c820f700} 'newConstructorAccessor' '(Ljava/lang/reflect/Constructor;)Ljdk/internal/reflect/ConstructorAccessorImpl;' in 'jdk/internal/reflect/MethodHandleAccessorFactory')}
  0x000002b7b38b7b4c: 0000 48be | 6039 10ca | b702 0000 | 4883 8610 | 0100 0001 | 488b f248 

  0x000002b7b38b7b64: ;   {static_call}
  0x000002b7b38b7b64: 8bd6 90e8 

  0x000002b7b38b7b68: ; ImmutableOopMap {[136]=Oop }
                      ;*invokestatic useNativeAccessor {reexecute=0 rethrow=0 return_oop=0}
                      ; - jdk.internal.reflect.MethodHandleAccessorFactory::newConstructorAccessor@1
  0x000002b7b38b7b68: 745d 5200 

  0x000002b7b38b7b6c: ;   {other}
  0x000002b7b38b7b6c: 0f1f 8400 | dc03 0000 

  0x000002b7b38b7b74: ;   {metadata(method data for {method} {0x000002b7c820f700} 'newConstructorAccessor' '(Ljava/lang/reflect/Constructor;)Ljdk/internal/reflect/ConstructorAccessorImpl;' in 'jdk/internal/reflect/MethodHandleAccessorFactory')}
  0x000002b7b38b7b74: 85c0 49b8 | 6039 10ca | b702 0000 | 48c7 c230 | 0100 0075 | 0748 c7c2 | 2001 0000 | 498b 3410 
  0x000002b7b38b7b94: 488d 7601 | 4989 3410 | 0f85 9c0a | 0000 488b | 9424 8800 | 0000 483b | 024c 8bc2 

  0x000002b7b38b7bb0: ;   {metadata(method data for {method} {0x000002b7c820f700} 'newConstructorAccessor' '(Ljava/lang/reflect/Constructor;)Ljdk/internal/reflect/ConstructorAccessorImpl;' in 'jdk/internal/reflect/MethodHandleAccessorFactory')}
  0x000002b7b38b7bb0: 48be 6039 | 10ca b702 | 0000 4883 | 8650 0100 | 0001 8b72 | 2448 89b4 | 2490 0000 

  0x000002b7b38b7bcc: ;   {metadata(method data for {method} {0x000002b7c820f700} 'newConstructorAccessor' '(Ljava/lang/reflect/Constructor;)Ljdk/internal/reflect/ConstructorAccessorImpl;' in 'jdk/internal/reflect/MethodHandleAccessorFactory')}
  0x000002b7b38b7bcc: 0049 b860 | 3910 cab7 | 0200 0049 | 8380 8801 

  0x000002b7b38b7bdc: ;   {metadata(method data for {method} {0x000002b7c82101c8} 'ensureClassInitialized' '(Ljava/lang/Class;)V' in 'jdk/internal/reflect/MethodHandleAccessorFactory')}
  0x000002b7b38b7bdc: 0000 0149 | b8d8 4836 | c9b7 0200 | 0041 8bb8 | cc00 0000 | 83c7 0241 | 89b8 cc00 | 0000 81e7 
  0x000002b7b38b7bfc: feff 1f00 | 85ff 0f84 | df0d 0000 

  0x000002b7b38b7c08: ;   {oop(a 'jdk/internal/misc/Unsafe'{0x00000000a0402108})}
  0x000002b7b38b7c08: 49b8 0821 | 40a0 0000 

  0x000002b7b38b7c10: ;   {metadata(method data for {method} {0x000002b7c82101c8} 'ensureClassInitialized' '(Ljava/lang/Class;)V' in 'jdk/internal/reflect/MethodHandleAccessorFactory')}
  0x000002b7b38b7c10: 0000 48bf | d848 36c9 | b702 0000 | 4883 8710 | 0100 0001 

  0x000002b7b38b7c24: ;   {metadata(method data for {method} {0x000002b7c80db9f8} 'shouldBeInitialized' '(Ljava/lang/Class;)Z' in 'jdk/internal/misc/Unsafe')}
  0x000002b7b38b7c24: 49b8 f828 | 0dc9 b702 | 0000 418b | b8cc 0000 | 0083 c702 | 4189 b8cc | 0000 0081 | e7fe ff1f 
  0x000002b7b38b7c44: 0085 ff0f | 84bb 0d00 | 0048 85f6 

  0x000002b7b38b7c50: ;   {metadata(method data for {method} {0x000002b7c80db9f8} 'shouldBeInitialized' '(Ljava/lang/Class;)Z' in 'jdk/internal/misc/Unsafe')}
  0x000002b7b38b7c50: 49b8 f828 | 0dc9 b702 | 0000 48c7 | c720 0100 | 0074 0748 | c7c7 1001 | 0000 498b | 1c38 488d 
  0x000002b7b38b7c70: 5b01 4989 | 1c38 0f84 | 050c 0000 

  0x000002b7b38b7c7c: ;   {oop(a 'jdk/internal/misc/Unsafe'{0x00000000a0402108})}
  0x000002b7b38b7c7c: 48bf 0821 | 40a0 0000 | 0000 4c8b 

  0x000002b7b38b7c88: ;   {metadata(method data for {method} {0x000002b7c80db9f8} 'shouldBeInitialized' '(Ljava/lang/Class;)Z' in 'jdk/internal/misc/Unsafe')}
  0x000002b7b38b7c88: c748 bbf8 | 280d c9b7 | 0200 0048 | 8383 4001 | 0000 014c | 8bc6 488b | d766 0f1f 

  0x000002b7b38b7ca4: ;   {optimized virtual_call}
  0x000002b7b38b7ca4: 4400 00e8 

  0x000002b7b38b7ca8: ; ImmutableOopMap {[136]=Oop [144]=Oop }
                      ;*invokevirtual shouldBeInitialized0 {reexecute=0 rethrow=0 return_oop=0}
                      ; - jdk.internal.misc.Unsafe::shouldBeInitialized@14
                      ; - jdk.internal.reflect.MethodHandleAccessorFactory::ensureClassInitialized@4
                      ; - jdk.internal.reflect.MethodHandleAccessorFactory::newConstructorAccessor@16
  0x000002b7b38b7ca8: 8c46 b807 

  0x000002b7b38b7cac: ;   {other}
  0x000002b7b38b7cac: 0f1f 8400 | 1c05 0001 | 83e0 0185 

  0x000002b7b38b7cb8: ;   {metadata(method data for {method} {0x000002b7c82101c8} 'ensureClassInitialized' '(Ljava/lang/Class;)V' in 'jdk/internal/reflect/MethodHandleAccessorFactory')}
  0x000002b7b38b7cb8: c049 b8d8 | 4836 c9b7 | 0200 0048 | c7c2 4801 | 0000 7407 | 48c7 c258 | 0100 0049 | 8b34 1048 
  0x000002b7b38b7cd8: 8d76 0149 | 8934 100f | 84af 0000 | 0048 8bb4 | 2490 0000 

  0x000002b7b38b7cec: ;   {oop(a 'jdk/internal/misc/Unsafe'{0x00000000a0402108})}
  0x000002b7b38b7cec: 0049 b808 | 2140 a000 

  0x000002b7b38b7cf4: ;   {metadata(method data for {method} {0x000002b7c82101c8} 'ensureClassInitialized' '(Ljava/lang/Class;)V' in 'jdk/internal/reflect/MethodHandleAccessorFactory')}
  0x000002b7b38b7cf4: 0000 0048 | bad8 4836 | c9b7 0200 | 0048 8382 | 6801 0000 

  0x000002b7b38b7d08: ;   {metadata(method data for {method} {0x000002b7c80dbac8} 'ensureClassInitialized' '(Ljava/lang/Class;)V' in 'jdk/internal/misc/Unsafe')}
  0x000002b7b38b7d08: 0149 b8d8 | 3efe c8b7 | 0200 0041 | 8b90 cc00 | 0000 83c2 | 0241 8990 | cc00 0000 | 81e2 feff 
  0x000002b7b38b7d28: 1f00 85d2 | 0f84 f70c | 0000 4885 

  0x000002b7b38b7d34: ;   {metadata(method data for {method} {0x000002b7c80dbac8} 'ensureClassInitialized' '(Ljava/lang/Class;)V' in 'jdk/internal/misc/Unsafe')}
  0x000002b7b38b7d34: f649 b8d8 | 3efe c8b7 | 0200 0048 | c7c2 2001 | 0000 7407 | 48c7 c210 | 0100 0049 | 8b3c 1048 
  0x000002b7b38b7d54: 8d7f 0149 | 893c 100f | 848f 0a00 

  0x000002b7b38b7d60: ;   {oop(a 'jdk/internal/misc/Unsafe'{0x00000000a0402108})}
  0x000002b7b38b7d60: 0048 ba08 | 2140 a000 | 0000 004c 

  0x000002b7b38b7d6c: ;   {metadata(method data for {method} {0x000002b7c80dbac8} 'ensureClassInitialized' '(Ljava/lang/Class;)V' in 'jdk/internal/misc/Unsafe')}
  0x000002b7b38b7d6c: 8bc2 48bf | d83e fec8 | b702 0000 | 4883 8740 | 0100 0001 | 4c8b c60f 

  0x000002b7b38b7d84: ;   {optimized virtual_call}
  0x000002b7b38b7d84: 1f40 00e8 

  0x000002b7b38b7d88: ; ImmutableOopMap {[136]=Oop }
                      ;*invokevirtual ensureClassInitialized0 {reexecute=0 rethrow=0 return_oop=0}
                      ; - jdk.internal.misc.Unsafe::ensureClassInitialized@14
                      ; - jdk.internal.reflect.MethodHandleAccessorFactory::ensureClassInitialized@14
                      ; - jdk.internal.reflect.MethodHandleAccessorFactory::newConstructorAccessor@16
  0x000002b7b38b7d88: 2c12 b807 

  0x000002b7b38b7d8c: ;   {other}
  0x000002b7b38b7d8c: 0f1f 8400 | fc05 0002 

  0x000002b7b38b7d94: ;   {oop(a 'java/lang/invoke/MethodHandleImpl$1'{0x00000000a0409f78})}
  0x000002b7b38b7d94: 49b8 789f | 40a0 0000 

  0x000002b7b38b7d9c: ;   {metadata(method data for {method} {0x000002b7c820f700} 'newConstructorAccessor' '(Ljava/lang/reflect/Constructor;)Ljdk/internal/reflect/ConstructorAccessorImpl;' in 'jdk/internal/reflect/MethodHandleAccessorFactory')}
  0x000002b7b38b7d9c: 0000 48ba | 6039 10ca | b702 0000 | 4883 82b0 | 0100 0001 

  0x000002b7b38b7db0: ;   {metadata(method data for {method} {0x000002b7c83c5590} 'unreflectConstructor' '(Ljava/lang/reflect/Constructor;)Ljava/lang/invoke/MethodHandle;' in 'java/lang/invoke/MethodHandleImpl$1')}
  0x000002b7b38b7db0: 49b8 b840 | 10ca b702 | 0000 418b | 90cc 0000 | 0083 c202 | 4189 90cc | 0000 0081 | e2fe ff1f 
  0x000002b7b38b7dd0: 0085 d20f | 8471 0c00 

  0x000002b7b38b7dd8: ;   {oop(a 'java/lang/invoke/MethodHandles$Lookup'{0x00000000a063f530})}
  0x000002b7b38b7dd8: 0048 ba30 | f563 a000 | 0000 004c 

  0x000002b7b38b7de4: ;   {metadata(method data for {method} {0x000002b7c83c5590} 'unreflectConstructor' '(Ljava/lang/reflect/Constructor;)Ljava/lang/invoke/MethodHandle;' in 'java/lang/invoke/MethodHandleImpl$1')}
  0x000002b7b38b7de4: 8bc2 48be | b840 10ca | b702 0000 | 4883 8610 | 0100 0001 | 4c8b 8424 | 8800 0000 | 0f1f 8000 
  0x000002b7b38b7e04: ;   {optimized virtual_call}
  0x000002b7b38b7e04: 0000 00e8 

  0x000002b7b38b7e08: ; ImmutableOopMap {[136]=Oop }
                      ;*invokevirtual unreflectConstructor {reexecute=0 rethrow=0 return_oop=0}
                      ; - java.lang.invoke.MethodHandleImpl$1::unreflectConstructor@4
                      ; - jdk.internal.reflect.MethodHandleAccessorFactory::newConstructorAccessor@23
  0x000002b7b38b7e08: 7458 7a00 

  0x000002b7b38b7e0c: ;   {other}
  0x000002b7b38b7e0c: 0f1f 8400 | 7c06 0003 

  0x000002b7b38b7e14: ; implicit exception: dispatches to 0x000002b7b38b8a6b
  0x000002b7b38b7e14: 483b 0048 

  0x000002b7b38b7e18: ;   {metadata(method data for {method} {0x000002b7c820f700} 'newConstructorAccessor' '(Ljava/lang/reflect/Constructor;)Ljdk/internal/reflect/ConstructorAccessorImpl;' in 'jdk/internal/reflect/MethodHandleAccessorFactory')}
  0x000002b7b38b7e18: 8bd0 48be | 6039 10ca | b702 0000 | 8b52 0848 | c1e2 0348 | 3b96 e001 | 0000 750d | 4883 86e8 
  0x000002b7b38b7e38: 0100 0001 | e960 0000 | 0048 3b96 | f001 0000 | 750d 4883 | 86f8 0100 | 0001 e94a | 0000 0048 
  0x000002b7b38b7e58: 83be e001 | 0000 0075 | 1748 8996 | e001 0000 | 48c7 86e8 | 0100 0001 | 0000 00e9 | 2900 0000 
  0x000002b7b38b7e78: 4883 bef0 | 0100 0000 | 7517 4889 | 96f0 0100 | 0048 c786 | f801 0000 | 0100 0000 | e908 0000 
  0x000002b7b38b7e98: 0048 8386 | d001 0000 | 018b 5010 

  0x000002b7b38b7ea4: ; implicit exception: dispatches to 0x000002b7b38b8a70
  0x000002b7b38b7ea4: 483b 0248 

  0x000002b7b38b7ea8: ;   {metadata(method data for {method} {0x000002b7c820f700} 'newConstructorAccessor' '(Ljava/lang/reflect/Constructor;)Ljdk/internal/reflect/ConstructorAccessorImpl;' in 'jdk/internal/reflect/MethodHandleAccessorFactory')}
  0x000002b7b38b7ea8: 8bf2 48bf | 6039 10ca | b702 0000 | 4883 8708 | 0200 0001 

  0x000002b7b38b7ebc: ;   {metadata(method data for {method} {0x000002b7c80b8e10} 'parameterCount' '()I' in 'java/lang/invoke/MethodType')}
  0x000002b7b38b7ebc: 48be b055 | 50c8 b702 | 0000 8bbe | cc00 0000 | 83c7 0289 | becc 0000 | 0081 e7fe | ff1f 0085 
  0x000002b7b38b7edc: ff0f 8492 | 0b00 008b | 5210 8b72 | 0c48 8bd0 

  0x000002b7b38b7eec: ;   {metadata(method data for {method} {0x000002b7c820f700} 'newConstructorAccessor' '(Ljava/lang/reflect/Constructor;)Ljdk/internal/reflect/ConstructorAccessorImpl;' in 'jdk/internal/reflect/MethodHandleAccessorFactory')}
  0x000002b7b38b7eec: 48bf 6039 | 10ca b702 | 0000 8b52 | 0848 c1e2 | 0348 3b97 | 5002 0000 | 750d 4883 | 8758 0200 
  0x000002b7b38b7f0c: 0001 e960 | 0000 0048 | 3b97 6002 | 0000 750d | 4883 8768 | 0200 0001 | e94a 0000 | 0048 83bf 
  0x000002b7b38b7f2c: 5002 0000 | 0075 1748 | 8997 5002 | 0000 48c7 | 8758 0200 | 0001 0000 | 00e9 2900 | 0000 4883 
  0x000002b7b38b7f4c: bf60 0200 | 0000 7517 | 4889 9760 | 0200 0048 | c787 6802 | 0000 0100 | 0000 e908 | 0000 0048 
  0x000002b7b38b7f6c: 8387 4002 | 0000 0148 | 8bd0 89b4 | 2498 0000 | 0048 b848 | d801 0001 

  0x000002b7b38b7f84: ;   {virtual_call}
  0x000002b7b38b7f84: 0000 00e8 

  0x000002b7b38b7f88: ; ImmutableOopMap {[136]=Oop }
                      ;*invokevirtual asFixedArity {reexecute=0 rethrow=0 return_oop=0}
                      ; - jdk.internal.reflect.MethodHandleAccessorFactory::newConstructorAccessor@38
  0x000002b7b38b7f88: 14e5 5100 

  0x000002b7b38b7f8c: ;   {other}
  0x000002b7b38b7f8c: 0f1f 8400 | fc07 0004 

  0x000002b7b38b7f94: ;   {metadata(method data for {method} {0x000002b7c820f700} 'newConstructorAccessor' '(Ljava/lang/reflect/Constructor;)Ljdk/internal/reflect/ConstructorAccessorImpl;' in 'jdk/internal/reflect/MethodHandleAccessorFactory')}
  0x000002b7b38b7f94: 48ba 6039 | 10ca b702 | 0000 4883 | 8278 0200 | 0001 8b94 | 2498 0000 | 0048 8984 | 24a0 0000 
  0x000002b7b38b7fb4: ;   {static_call}
  0x000002b7b38b7fb4: 0066 90e8 

  0x000002b7b38b7fb8: ; ImmutableOopMap {[136]=Oop [160]=Oop }
                      ;*invokestatic specializedMethodTypeForConstructor {reexecute=0 rethrow=0 return_oop=0}
                      ; - jdk.internal.reflect.MethodHandleAccessorFactory::newConstructorAccessor@43
  0x000002b7b38b7fb8: 045d 7a00 

  0x000002b7b38b7fbc: ;   {other}
  0x000002b7b38b7fbc: 0f1f 8400 | 2c08 0005 | 4889 8424 | a800 0000 | 8bb4 2498 | 0000 0083 

  0x000002b7b38b7fd4: ;   {metadata(method data for {method} {0x000002b7c820f700} 'newConstructorAccessor' '(Ljava/lang/reflect/Constructor;)Ljdk/internal/reflect/ConstructorAccessorImpl;' in 'jdk/internal/reflect/MethodHandleAccessorFactory')}
  0x000002b7b38b7fd4: fe03 49b8 | 6039 10ca | b702 0000 | 49c7 c198 | 0200 007f | 0749 c7c1 | 8802 0000 | 4b8b 3c08 
  0x000002b7b38b7ff4: 488d 7f01 | 4b89 3c08 | 0f8f 0d00 | 0000 488b | b424 a000 | 0000 e950 | 0200 0048 | 8b84 24a0 
  0x000002b7b38b8014: 0000 0048 | 3b00 4c8b 

  0x000002b7b38b801c: ;   {metadata(method data for {method} {0x000002b7c820f700} 'newConstructorAccessor' '(Ljava/lang/reflect/Constructor;)Ljdk/internal/reflect/ConstructorAccessorImpl;' in 'jdk/internal/reflect/MethodHandleAccessorFactory')}
  0x000002b7b38b801c: c049 b960 | 3910 cab7 | 0200 0045 | 8b40 0849 | c1e0 034d | 3b81 b802 | 0000 750d | 4983 81c0 
  0x000002b7b38b803c: 0200 0001 | e960 0000 | 004d 3b81 | c802 0000 | 750d 4983 | 81d0 0200 | 0001 e94a | 0000 0049 
  0x000002b7b38b805c: 83b9 b802 | 0000 0075 | 174d 8981 | b802 0000 | 49c7 81c0 | 0200 0001 | 0000 00e9 | 2900 0000 
  0x000002b7b38b807c: 4983 b9c8 | 0200 0000 | 7517 4d89 | 81c8 0200 | 0049 c781 | d002 0000 | 0100 0000 | e908 0000 
  0x000002b7b38b809c: 0049 8381 | a802 0000 

  0x000002b7b38b80a4: ;   {metadata(method data for {method} {0x000002b7c80981e8} 'asSpreader' '(Ljava/lang/Class;I)Ljava/lang/invoke/MethodHandle;' in 'java/lang/invoke/MethodHandle')}
  0x000002b7b38b80a4: 0149 b878 | 4710 cab7 | 0200 0045 | 8b88 cc00 | 0000 4183 | c102 4589 | 88cc 0000 | 0041 81e1 
  0x000002b7b38b80c4: feff 1f00 | 4585 c90f | 84cf 0900 | 004c 8bc0 

  0x000002b7b38b80d4: ;   {metadata(method data for {method} {0x000002b7c80981e8} 'asSpreader' '(Ljava/lang/Class;I)Ljava/lang/invoke/MethodHandle;' in 'java/lang/invoke/MethodHandle')}
  0x000002b7b38b80d4: 49b9 7847 | 10ca b702 | 0000 458b | 4008 49c1 | e003 4d3b | 8120 0100 | 0075 0d49 | 8381 2801 
  0x000002b7b38b80f4: 0000 01e9 | 6000 0000 | 4d3b 8130 | 0100 0075 | 0d49 8381 | 3801 0000 | 01e9 4a00 | 0000 4983 
  0x000002b7b38b8114: b920 0100 | 0000 7517 | 4d89 8120 | 0100 0049 | c781 2801 | 0000 0100 | 0000 e929 | 0000 0049 
  0x000002b7b38b8134: 83b9 3001 | 0000 0075 | 174d 8981 | 3001 0000 | 49c7 8138 | 0100 0001 | 0000 00e9 | 0800 0000 
  0x000002b7b38b8154: 4983 8110 | 0100 0001 | 448b 4010 

  0x000002b7b38b8160: ; implicit exception: dispatches to 0x000002b7b38b8ac1
  0x000002b7b38b8160: 493b 004d 

  0x000002b7b38b8164: ;   {metadata(method data for {method} {0x000002b7c80981e8} 'asSpreader' '(Ljava/lang/Class;I)Ljava/lang/invoke/MethodHandle;' in 'java/lang/invoke/MethodHandle')}
  0x000002b7b38b8164: 8bc8 48bf | 7847 10ca | b702 0000 | 4883 8748 | 0100 0001 

  0x000002b7b38b8178: ;   {metadata(method data for {method} {0x000002b7c80b8e10} 'parameterCount' '()I' in 'java/lang/invoke/MethodType')}
  0x000002b7b38b8178: 49b9 b055 | 50c8 b702 | 0000 418b | b9cc 0000 | 0083 c702 | 4189 b9cc | 0000 0081 | e7fe ff1f 
  0x000002b7b38b8198: 0085 ff0f | 8425 0900 | 0045 8b40 | 1045 8b40 | 0c4c 8bc8 

  0x000002b7b38b81ac: ;   {metadata(method data for {method} {0x000002b7c80981e8} 'asSpreader' '(Ljava/lang/Class;I)Ljava/lang/invoke/MethodHandle;' in 'java/lang/invoke/MethodHandle')}
  0x000002b7b38b81ac: 48bf 7847 | 10ca b702 | 0000 458b | 4908 49c1 | e103 4c3b | 8f90 0100 | 0075 0d48 | 8387 9801 
  0x000002b7b38b81cc: 0000 01e9 | 6000 0000 | 4c3b 8fa0 | 0100 0075 | 0d48 8387 | a801 0000 | 01e9 4a00 | 0000 4883 
  0x000002b7b38b81ec: bf90 0100 | 0000 7517 | 4c89 8f90 | 0100 0048 | c787 9801 | 0000 0100 | 0000 e929 | 0000 0048 
  0x000002b7b38b820c: 83bf a001 | 0000 0075 | 174c 898f | a001 0000 | 48c7 87a8 | 0100 0001 | 0000 00e9 | 0800 0000 
  0x000002b7b38b822c: 4883 8780 | 0100 0001 

  0x000002b7b38b8234: ;   {oop(a 'java/lang/Class'{0x00000000a042e898} = 'java/lang/Object'[])}
  0x000002b7b38b8234: 442b c649 | b998 e842 | a000 0000 | 0048 8bfe 

  0x000002b7b38b8244: ;   {optimized virtual_call}
  0x000002b7b38b8244: 488b d0e8 

  0x000002b7b38b8248: ; ImmutableOopMap {[136]=Oop [168]=Oop }
                      ;*invokevirtual asSpreader {reexecute=0 rethrow=0 return_oop=0}
                      ; - java.lang.invoke.MethodHandle::asSpreader@12
                      ; - jdk.internal.reflect.MethodHandleAccessorFactory::newConstructorAccessor@57
  0x000002b7b38b8248: 990b 0000 

  0x000002b7b38b824c: ;   {other}
  0x000002b7b38b824c: 0f1f 8400 | bc0a 0006 | 488b f048 | 8b84 24a8 | 0000 0048 | 3b06 4c8b 

  0x000002b7b38b8264: ;   {metadata(method data for {method} {0x000002b7c820f700} 'newConstructorAccessor' '(Ljava/lang/reflect/Constructor;)Ljdk/internal/reflect/ConstructorAccessorImpl;' in 'jdk/internal/reflect/MethodHandleAccessorFactory')}
  0x000002b7b38b8264: c648 ba60 | 3910 cab7 | 0200 0048 | 8382 e002 

  0x000002b7b38b8274: ;   {metadata(method data for {method} {0x000002b7c8097910} 'asType' '(Ljava/lang/invoke/MethodType;)Ljava/lang/invoke/MethodHandle;' in 'java/lang/invoke/MethodHandle')}
  0x000002b7b38b8274: 0000 0149 | b8e8 72bb | c8b7 0200 | 0041 8b90 | cc00 0000 | 83c2 0241 | 8990 cc00 | 0000 81e2 
  0x000002b7b38b8294: feff 1f00 | 85d2 0f84 | 5108 0000 | 448b 4610 

  0x000002b7b38b82a4: ;   {metadata(method data for {method} {0x000002b7c8097910} 'asType' '(Ljava/lang/invoke/MethodType;)Ljava/lang/invoke/MethodHandle;' in 'java/lang/invoke/MethodHandle')}
  0x000002b7b38b82a4: 493b c049 | b8e8 72bb | c8b7 0200 | 0048 c7c2 | 1001 0000 | 7507 48c7 | c220 0100 | 0049 8b3c 
  0x000002b7b38b82c4: 1048 8d7f | 0149 893c | 100f 8508 | 0000 0048 | 8bde e964 | 0100 004c 

  0x000002b7b38b82dc: ;   {metadata(method data for {method} {0x000002b7c8097910} 'asType' '(Ljava/lang/invoke/MethodType;)Ljava/lang/invoke/MethodHandle;' in 'java/lang/invoke/MethodHandle')}
  0x000002b7b38b82dc: 8bc6 48ba | e872 bbc8 | b702 0000 | 4883 8230 | 0100 0001 | 4c8b c048 | 8bd6 4889 | b424 b000 
  0x000002b7b38b82fc: ;   {optimized virtual_call}
  0x000002b7b38b82fc: 0000 90e8 

  0x000002b7b38b8300: ; ImmutableOopMap {[136]=Oop [168]=Oop [176]=Oop }
                      ;*invokevirtual asTypeCached {reexecute=0 rethrow=0 return_oop=0}
                      ; - java.lang.invoke.MethodHandle::asType@12
                      ; - jdk.internal.reflect.MethodHandleAccessorFactory::newConstructorAccessor@64
  0x000002b7b38b8300: fc3f 4400 

  0x000002b7b38b8304: ;   {other}
  0x000002b7b38b8304: 0f1f 8400 | 740b 0007 

  0x000002b7b38b830c: ;   {metadata(method data for {method} {0x000002b7c8097910} 'asType' '(Ljava/lang/invoke/MethodType;)Ljava/lang/invoke/MethodHandle;' in 'java/lang/invoke/MethodHandle')}
  0x000002b7b38b830c: 4885 c049 | b8e8 72bb | c8b7 0200 | 0048 c7c2 | 6801 0000 | 7407 48c7 | c278 0100 | 0049 8b34 
  0x000002b7b38b832c: 1048 8d76 | 0149 8934 | 100f 8408 | 0000 0048 | 8bd8 e9fc | 0000 0048 | 8bb4 24b0 | 0000 0048 
  0x000002b7b38b834c: 8b84 24a8 | 0000 004c 

  0x000002b7b38b8354: ;   {metadata(method data for {method} {0x000002b7c8097910} 'asType' '(Ljava/lang/invoke/MethodType;)Ljava/lang/invoke/MethodHandle;' in 'java/lang/invoke/MethodHandle')}
  0x000002b7b38b8354: 8bc6 48ba | e872 bbc8 | b702 0000 | 458b 4008 | 49c1 e003 | 4c3b 8298 | 0100 0075 | 0d48 8382 
  0x000002b7b38b8374: a001 0000 | 01e9 6000 | 0000 4c3b | 82a8 0100 | 0075 0d48 | 8382 b001 | 0000 01e9 | 4a00 0000 
  0x000002b7b38b8394: 4883 ba98 | 0100 0000 | 7517 4c89 | 8298 0100 | 0048 c782 | a001 0000 | 0100 0000 | e929 0000 
  0x000002b7b38b83b4: 0048 83ba | a801 0000 | 0075 174c | 8982 a801 | 0000 48c7 | 82b0 0100 | 0001 0000 | 00e9 0800 
  0x000002b7b38b83d4: 0000 4883 | 8288 0100 | 0001 4c8b | c048 8bd6 | 4889 b424 | b000 0000 | 9048 b8ff | ffff ffff 
  0x000002b7b38b83f4: ;   {virtual_call}
  0x000002b7b38b83f4: ffff ffe8 

  0x000002b7b38b83f8: ; ImmutableOopMap {[136]=Oop [176]=Oop }
                      ;*invokevirtual asTypeUncached {reexecute=0 rethrow=0 return_oop=0}
                      ; - java.lang.invoke.MethodHandle::asType@25
                      ; - jdk.internal.reflect.MethodHandleAccessorFactory::newConstructorAccessor@64
  0x000002b7b38b83f8: 941a 6807 

  0x000002b7b38b83fc: ;   {other}
  0x000002b7b38b83fc: 0f1f 8400 | 6c0c 0008 | 488b b424 | b000 0000 

  0x000002b7b38b840c: ;   {metadata(method data for {method} {0x000002b7c8097910} 'asType' '(Ljava/lang/invoke/MethodType;)Ljava/lang/invoke/MethodHandle;' in 'java/lang/invoke/MethodHandle')}
  0x000002b7b38b840c: 49b8 e872 | bbc8 b702 | 0000 4983 | 80c0 0100 | 0001 4c8b | c048 8b94 | 24b0 0000 | 0066 0f1f 
  0x000002b7b38b842c: ;   {optimized virtual_call}
  0x000002b7b38b842c: 4400 00e8 

  0x000002b7b38b8430: ; ImmutableOopMap {[136]=Oop }
                      ;*invokevirtual setAsTypeCache {reexecute=0 rethrow=0 return_oop=0}
                      ; - java.lang.invoke.MethodHandle::asType@28
                      ; - jdk.internal.reflect.MethodHandleAccessorFactory::newConstructorAccessor@64
  0x000002b7b38b8430: 0c57 4400 

  0x000002b7b38b8434: ;   {other}
  0x000002b7b38b8434: 0f1f 8400 | a40c 0009 | 488b d848 | 8b94 2488 

  0x000002b7b38b8444: ;   {metadata(method data for {method} {0x000002b7c820f700} 'newConstructorAccessor' '(Ljava/lang/reflect/Constructor;)Ljdk/internal/reflect/ConstructorAccessorImpl;' in 'jdk/internal/reflect/MethodHandleAccessorFactory')}
  0x000002b7b38b8444: 0000 0048 | be60 3910 | cab7 0200 | 0048 8386 | 1803 0000 

  0x000002b7b38b8458: ;   {metadata(method data for {method} {0x000002b7c82116d0} 'constructorAccessor' '(Ljava/lang/reflect/Constructor;Ljava/lang/invoke/MethodHandle;)Ljdk/internal/reflect/ConstructorAccessorImpl;' in 'jdk/internal/reflect/DirectConstructorHandleAccessor')}
  0x000002b7b38b8458: 0148 bea8 | 4c10 cab7 | 0200 008b | becc 0000 | 0083 c702 | 89be cc00 | 0000 81e7 | feff 1f00 
  0x000002b7b38b8478: 85ff 0f84 | 9206 0000 

  0x000002b7b38b8480: ;   {metadata('jdk/internal/reflect/DirectConstructorHandleAccessor')}
  0x000002b7b38b8480: 4c8b c248 | baa8 0c07 | 0001 0000 | 0049 8b87 | b801 0000 | 488d 7818 | 493b bfc8 | 0100 000f 
  0x000002b7b38b84a0: 878e 0600 | 0049 89bf | b801 0000 | 48c7 0001 | 0000 0048 | 8bca 48c1 | e903 8948 | 0848 33c9 
  0x000002b7b38b84c0: 8948 0c48 | 33c9 4889 | 4810 488b 

  0x000002b7b38b84cc: ;   {metadata(method data for {method} {0x000002b7c82116d0} 'constructorAccessor' '(Ljava/lang/reflect/Constructor;Ljava/lang/invoke/MethodHandle;)Ljdk/internal/reflect/ConstructorAccessorImpl;' in 'jdk/internal/reflect/DirectConstructorHandleAccessor')}
  0x000002b7b38b84cc: d048 bea8 | 4c10 cab7 | 0200 0048 | 8386 1001 

  0x000002b7b38b84dc: ;   {metadata(method data for {method} {0x000002b7c8211848} '<init>' '(Ljava/lang/reflect/Constructor;Ljava/lang/invoke/MethodHandle;)V' in 'jdk/internal/reflect/DirectConstructorHandleAccessor')}
  0x000002b7b38b84dc: 0000 0148 | baf8 4d10 | cab7 0200 | 008b b2cc | 0000 0083 | c602 89b2 | cc00 0000 | 81e6 feff 
  0x000002b7b38b84fc: 1f00 85f6 | 0f84 3a06 | 0000 488b 

  0x000002b7b38b8508: ;   {metadata(method data for {method} {0x000002b7c8211848} '<init>' '(Ljava/lang/reflect/Constructor;Ljava/lang/invoke/MethodHandle;)V' in 'jdk/internal/reflect/DirectConstructorHandleAccessor')}
  0x000002b7b38b8508: d048 bef8 | 4d10 cab7 | 0200 0048 | 8386 1001 

  0x000002b7b38b8518: ;   {metadata(method data for {method} {0x000002b7c8087930} '<init>' '()V' in 'jdk/internal/reflect/ConstructorAccessorImpl')}
  0x000002b7b38b8518: 0000 0148 | ba78 3f10 | cab7 0200 | 008b b2cc | 0000 0083 | c602 89b2 | cc00 0000 | 81e6 feff 
  0x000002b7b38b8538: 1f00 85f6 | 0f84 1f06 | 0000 488b 

  0x000002b7b38b8544: ;   {metadata(method data for {method} {0x000002b7c8087930} '<init>' '()V' in 'jdk/internal/reflect/ConstructorAccessorImpl')}
  0x000002b7b38b8544: d048 be78 | 3f10 cab7 | 0200 0048 | 8386 1001 

  0x000002b7b38b8554: ;   {metadata(method data for {method} {0x000002b7c8086de0} '<init>' '()V' in 'jdk/internal/reflect/MagicAccessorImpl')}
  0x000002b7b38b8554: 0000 0148 | ba68 4636 | c9b7 0200 | 008b b2cc | 0000 0083 | c602 89b2 | cc00 0000 | 81e6 feff 
  0x000002b7b38b8574: 1f00 85f6 | 0f84 0406 | 0000 488b 

  0x000002b7b38b8580: ;   {metadata(method data for {method} {0x000002b7c8086de0} '<init>' '()V' in 'jdk/internal/reflect/MagicAccessorImpl')}
  0x000002b7b38b8580: d048 be68 | 4636 c9b7 | 0200 0048 | 8386 1001 

  0x000002b7b38b8590: ;   {metadata(method data for {method} {0x000002b7c8000638} '<init>' '()V' in 'java/lang/Object')}
  0x000002b7b38b8590: 0000 0148 | ba98 1f29 | c8b7 0200 | 008b b2cc | 0000 0083 | c602 89b2 | cc00 0000 | 81e6 feff 
  0x000002b7b38b85b0: 1f00 85f6 | 0f84 e905 | 0000 498b 

  0x000002b7b38b85bc: ;   {metadata(method data for {method} {0x000002b7c8211848} '<init>' '(Ljava/lang/reflect/Constructor;Ljava/lang/invoke/MethodHandle;)V' in 'jdk/internal/reflect/DirectConstructorHandleAccessor')}
  0x000002b7b38b85bc: d048 bef8 | 4d10 cab7 | 0200 0048 | 8386 2001 

  0x000002b7b38b85cc: ;   {metadata(method data for {method} {0x000002b7c80808a8} 'getParameterCount' '()I' in 'java/lang/reflect/Constructor')}
  0x000002b7b38b85cc: 0000 0148 | bac8 9637 | c9b7 0200 | 008b b2cc | 0000 0083 | c602 89b2 | cc00 0000 | 81e6 feff 
  0x000002b7b38b85ec: 1f00 85f6 | 0f84 ce05 | 0000 418b | 5028 8b52 | 0c89 500c | 410f be57 | 4085 d20f | 85dd 0500 
  0x000002b7b38b860c: 004c 8bd3 | 4489 5010 | 488b d048 | 33d3 48c1 | ea14 4883 | fa00 0f85 | dd05 0000 | 4881 c4e0 
  0x000002b7b38b862c: 0000 005d 

  0x000002b7b38b8630: ;   {poll_return}
  0x000002b7b38b8630: 493b a748 | 0400 000f | 87e0 0500 | 00c3 4c8b | 8424 8800 

  0x000002b7b38b8644: ;   {metadata(method data for {method} {0x000002b7c820f700} 'newConstructorAccessor' '(Ljava/lang/reflect/Constructor;)Ljdk/internal/reflect/ConstructorAccessorImpl;' in 'jdk/internal/reflect/MethodHandleAccessorFactory')}
  0x000002b7b38b8644: 0000 48ba | 6039 10ca | b702 0000 | 4883 8240 | 0100 0001 

  0x000002b7b38b8658: ;   {metadata(method data for {method} {0x000002b7c8211788} 'nativeAccessor' '(Ljava/lang/reflect/Constructor;)Ljdk/internal/reflect/ConstructorAccessorImpl;' in 'jdk/internal/reflect/DirectConstructorHandleAccessor')}
  0x000002b7b38b8658: 48ba d83c | 10ca b702 | 0000 8bb2 | cc00 0000 | 83c6 0289 | b2cc 0000 | 0081 e6fe | ff1f 0085 
  0x000002b7b38b8678: f60f 84b4 

  0x000002b7b38b867c: ;   {metadata('jdk/internal/reflect/DirectConstructorHandleAccessor$NativeAccessor')}
  0x000002b7b38b867c: 0500 0048 | ba10 0f07 | 0001 0000 | 0049 8b87 | b801 0000 | 488d 7810 | 493b bfc8 | 0100 000f 
  0x000002b7b38b869c: 87b3 0500 | 0049 89bf | b801 0000 | 48c7 0001 | 0000 0048 | 8bca 48c1 | e903 8948 | 0848 33c9 
  0x000002b7b38b86bc: 8948 0c48 | 33c9 488b 

  0x000002b7b38b86c4: ;   {metadata(method data for {method} {0x000002b7c8211788} 'nativeAccessor' '(Ljava/lang/reflect/Constructor;)Ljdk/internal/reflect/ConstructorAccessorImpl;' in 'jdk/internal/reflect/DirectConstructorHandleAccessor')}
  0x000002b7b38b86c4: d048 bed8 | 3c10 cab7 | 0200 0048 | 8386 1001 

  0x000002b7b38b86d4: ;   {metadata(method data for {method} {0x000002b7c8212340} '<init>' '(Ljava/lang/reflect/Constructor;)V' in 'jdk/internal/reflect/DirectConstructorHandleAccessor$NativeAccessor')}
  0x000002b7b38b86d4: 0000 0148 | ba20 3e10 | cab7 0200 | 008b b2cc | 0000 0083 | c602 89b2 | cc00 0000 | 81e6 feff 
  0x000002b7b38b86f4: 1f00 85f6 | 0f84 6305 | 0000 488b 

  0x000002b7b38b8700: ;   {metadata(method data for {method} {0x000002b7c8212340} '<init>' '(Ljava/lang/reflect/Constructor;)V' in 'jdk/internal/reflect/DirectConstructorHandleAccessor$NativeAccessor')}
  0x000002b7b38b8700: d048 be20 | 3e10 cab7 | 0200 0048 | 8386 1001 

  0x000002b7b38b8710: ;   {metadata(method data for {method} {0x000002b7c8087930} '<init>' '()V' in 'jdk/internal/reflect/ConstructorAccessorImpl')}
  0x000002b7b38b8710: 0000 0148 | ba78 3f10 | cab7 0200 | 008b b2cc | 0000 0083 | c602 89b2 | cc00 0000 | 81e6 feff 
  0x000002b7b38b8730: 1f00 85f6 | 0f84 4805 | 0000 488b 

  0x000002b7b38b873c: ;   {metadata(method data for {method} {0x000002b7c8087930} '<init>' '()V' in 'jdk/internal/reflect/ConstructorAccessorImpl')}
  0x000002b7b38b873c: d048 be78 | 3f10 cab7 | 0200 0048 | 8386 1001 

  0x000002b7b38b874c: ;   {metadata(method data for {method} {0x000002b7c8086de0} '<init>' '()V' in 'jdk/internal/reflect/MagicAccessorImpl')}
  0x000002b7b38b874c: 0000 0148 | ba68 4636 | c9b7 0200 | 008b b2cc | 0000 0083 | c602 89b2 | cc00 0000 | 81e6 feff 
  0x000002b7b38b876c: 1f00 85f6 | 0f84 2d05 | 0000 488b 

  0x000002b7b38b8778: ;   {metadata(method data for {method} {0x000002b7c8086de0} '<init>' '()V' in 'jdk/internal/reflect/MagicAccessorImpl')}
  0x000002b7b38b8778: d048 be68 | 4636 c9b7 | 0200 0048 | 8386 1001 

  0x000002b7b38b8788: ;   {metadata(method data for {method} {0x000002b7c8000638} '<init>' '()V' in 'java/lang/Object')}
  0x000002b7b38b8788: 0000 0148 | ba98 1f29 | c8b7 0200 | 008b b2cc | 0000 0083 | c602 89b2 | cc00 0000 | 81e6 feff 
  0x000002b7b38b87a8: 1f00 85f6 | 0f84 1205 | 0000 410f | be57 4085 | d20f 8526 | 0500 004d | 8bd0 4489 | 500c 488b 
  0x000002b7b38b87c8: d049 33d0 | 48c1 ea14 | 4883 fa00 | 0f85 2605 | 0000 4881 | c4e0 0000 

  0x000002b7b38b87e0: ;   {poll_return}
  0x000002b7b38b87e0: 005d 493b | a748 0400 | 000f 8729 | 0500 00c3 

  0x000002b7b38b87f0: ;   {no_reloc}
  0x000002b7b38b87f0: e948 0500 | 0000 0000 | 0000 498b | 87b8 0100 | 0048 8d78 | 3049 3bbf | c801 0000 | 0f87 3505 
  0x000002b7b38b8810: 0000 4989 | bfb8 0100 | 0048 c700 | 0100 0000 | 488b ca48 | c1e9 0389 | 4808 4833 | c989 480c 
  0x000002b7b38b8830: 4833 c948 | 8948 1048 | 8948 1848 | 8948 2048 | 8948 2848 

  0x000002b7b38b8844: ;   {metadata(method data for {method} {0x000002b7c80dbac8} 'ensureClassInitialized' '(Ljava/lang/Class;)V' in 'jdk/internal/misc/Unsafe')}
  0x000002b7b38b8844: 8bd0 48be | d83e fec8 | b702 0000 | 4883 8630 | 0100 0001 | 488b d048 | 8984 24b8 | 0000 000f 
  0x000002b7b38b8864: ;   {optimized virtual_call}
  0x000002b7b38b8864: 1f40 00e8 

  0x000002b7b38b8868: ; ImmutableOopMap {[136]=Oop [184]=Oop }
                      ;*invokespecial <init> {reexecute=0 rethrow=0 return_oop=0}
                      ; - jdk.internal.misc.Unsafe::ensureClassInitialized@8
                      ; - jdk.internal.reflect.MethodHandleAccessorFactory::ensureClassInitialized@14
                      ; - jdk.internal.reflect.MethodHandleAccessorFactory::newConstructorAccessor@16
  0x000002b7b38b8868: 1462 5607 

  0x000002b7b38b886c: ;   {other}
  0x000002b7b38b886c: 0f1f 8400 | dc10 000a | 488b 8424 | b800 0000 | e93c 0500 | 000f 1f80 | 0000 0000 

  0x000002b7b38b8888: ;   {no_reloc}
  0x000002b7b38b8888: e9d6 0400 | 0000 0000 | 0000 498b | 87b8 0100 | 0048 8d78 | 3049 3bbf | c801 0000 | 0f87 c304 
  0x000002b7b38b88a8: 0000 4989 | bfb8 0100 | 0048 c700 | 0100 0000 | 488b ca48 | c1e9 0389 | 4808 4833 | c989 480c 
  0x000002b7b38b88c8: 4833 c948 | 8948 1048 | 8948 1848 | 8948 2048 | 8948 2848 

  0x000002b7b38b88dc: ;   {metadata(method data for {method} {0x000002b7c80db9f8} 'shouldBeInitialized' '(Ljava/lang/Class;)Z' in 'jdk/internal/misc/Unsafe')}
  0x000002b7b38b88dc: 8bd0 48be | f828 0dc9 | b702 0000 | 4883 8630 | 0100 0001 | 488b d048 | 8984 24c0 | 0000 000f 
  0x000002b7b38b88fc: ;   {optimized virtual_call}
  0x000002b7b38b88fc: 1f40 00e8 

  0x000002b7b38b8900: ; ImmutableOopMap {[136]=Oop [144]=Oop [192]=Oop }
                      ;*invokespecial <init> {reexecute=0 rethrow=0 return_oop=0}
                      ; - jdk.internal.misc.Unsafe::shouldBeInitialized@8
                      ; - jdk.internal.reflect.MethodHandleAccessorFactory::ensureClassInitialized@4
                      ; - jdk.internal.reflect.MethodHandleAccessorFactory::newConstructorAccessor@16
  0x000002b7b38b8900: 7c61 5607 

  0x000002b7b38b8904: ;   {other}
  0x000002b7b38b8904: 0f1f 8400 | 7411 000b | 488b 8424 | c000 0000 | e9a4 0400 | 0049 8b87 | f804 0000 | 4d33 d24d 
  0x000002b7b38b8924: 8997 f804 | 0000 4d33 | d24d 8997 | 0005 0000 | 4c8b c090 

  0x000002b7b38b8938: ;   {no_reloc}
  0x000002b7b38b8938: e94c 0400 | 0000 0000 | 0000 498b | 87b8 0100 | 0048 8d78 | 2849 3bbf | c801 0000 | 0f87 3904 
  0x000002b7b38b8958: 0000 4989 | bfb8 0100 | 0048 c700 | 0100 0000 | 488b ca48 | c1e9 0389 | 4808 4833 | c989 480c 
  0x000002b7b38b8978: 4833 c948 | 8948 1048 | 8948 1848 | 8948 2048 

  0x000002b7b38b8988: ;   {metadata(method data for {method} {0x000002b7c820f700} 'newConstructorAccessor' '(Ljava/lang/reflect/Constructor;)Ljdk/internal/reflect/ConstructorAccessorImpl;' in 'jdk/internal/reflect/MethodHandleAccessorFactory')}
  0x000002b7b38b8988: 8bd0 48be | 6039 10ca | b702 0000 | 4883 8628 | 0300 0001 | 488b d048 | 8984 24c8 

  0x000002b7b38b89a4: ;   {optimized virtual_call}
  0x000002b7b38b89a4: 0000 00e8 

  0x000002b7b38b89a8: ; ImmutableOopMap {[200]=Oop }
                      ;*invokespecial <init> {reexecute=0 rethrow=0 return_oop=0}
                      ; - jdk.internal.reflect.MethodHandleAccessorFactory::newConstructorAccessor@80
  0x000002b7b38b89a8: d460 5607 

  0x000002b7b38b89ac: ;   {other}
  0x000002b7b38b89ac: 0f1f 8400 | 1c12 000c | 488b 8424 | c800 0000 | e9fc 0300 

  0x000002b7b38b89c0: ;   {metadata({method} {0x000002b7c820f700} 'newConstructorAccessor' '(Ljava/lang/reflect/Constructor;)Ljdk/internal/reflect/ConstructorAccessorImpl;' in 'jdk/internal/reflect/MethodHandleAccessorFactory')}
  0x000002b7b38b89c0: 0049 baf8 | f620 c8b7 | 0200 004c | 8954 2408 | 48c7 0424 | ffff ffff 

  0x000002b7b38b89d8: ;   {runtime_call counter_overflow Runtime1 stub}
  0x000002b7b38b89d8: e823 8f62 

  0x000002b7b38b89dc: ; ImmutableOopMap {rdx=Oop [136]=Oop }
                      ;*synchronization entry
                      ; - jdk.internal.reflect.MethodHandleAccessorFactory::newConstructorAccessor@-1
  0x000002b7b38b89dc: 07e9 6cf1 

  0x000002b7b38b89e0: ;   {runtime_call throw_null_pointer_exception Runtime1 stub}
  0x000002b7b38b89e0: ffff e819 

  0x000002b7b38b89e4: ; ImmutableOopMap {rdx=Oop [136]=Oop }
                      ;*invokevirtual getDeclaringClass {reexecute=0 rethrow=0 return_oop=0}
                      ; - jdk.internal.reflect.MethodHandleAccessorFactory::newConstructorAccessor@13
                      ;   {metadata({method} {0x000002b7c82101c8} 'ensureClassInitialized' '(Ljava/lang/Class;)V' in 'jdk/internal/reflect/MethodHandleAccessorFactory')}
  0x000002b7b38b89e4: 3e62 0749 | bac0 0121 | c8b7 0200 | 004c 8954 | 2408 48c7 | 0424 ffff 

  0x000002b7b38b89fc: ;   {runtime_call counter_overflow Runtime1 stub}
  0x000002b7b38b89fc: ffff e8fd 

  0x000002b7b38b8a00: ; ImmutableOopMap {rdx=Oop rsi=Oop [136]=Oop [144]=Oop }
                      ;*synchronization entry
                      ; - jdk.internal.reflect.MethodHandleAccessorFactory::ensureClassInitialized@-1
                      ; - jdk.internal.reflect.MethodHandleAccessorFactory::newConstructorAccessor@16
  0x000002b7b38b8a00: 8e62 07e9 | 00f2 ffff 

  0x000002b7b38b8a08: ;   {metadata({method} {0x000002b7c80db9f8} 'shouldBeInitialized' '(Ljava/lang/Class;)Z' in 'jdk/internal/misc/Unsafe')}
  0x000002b7b38b8a08: 49ba f0b9 | 0dc8 b702 | 0000 4c89 | 5424 0848 | c704 24ff 

  0x000002b7b38b8a1c: ;   {runtime_call counter_overflow Runtime1 stub}
  0x000002b7b38b8a1c: ffff ffe8 

  0x000002b7b38b8a20: ; ImmutableOopMap {rdx=Oop rsi=Oop [136]=Oop [144]=Oop }
                      ;*synchronization entry
                      ; - jdk.internal.misc.Unsafe::shouldBeInitialized@-1
                      ; - jdk.internal.reflect.MethodHandleAccessorFactory::ensureClassInitialized@4
                      ; - jdk.internal.reflect.MethodHandleAccessorFactory::newConstructorAccessor@16
  0x000002b7b38b8a20: dc8e 6207 | e924 f2ff 

  0x000002b7b38b8a28: ;   {metadata({method} {0x000002b7c80dbac8} 'ensureClassInitialized' '(Ljava/lang/Class;)V' in 'jdk/internal/misc/Unsafe')}
  0x000002b7b38b8a28: ff49 bac0 | ba0d c8b7 | 0200 004c | 8954 2408 | 48c7 0424 | ffff ffff 

  0x000002b7b38b8a40: ;   {runtime_call counter_overflow Runtime1 stub}
  0x000002b7b38b8a40: e8bb 8e62 

  0x000002b7b38b8a44: ; ImmutableOopMap {rsi=Oop [136]=Oop [144]=Oop }
                      ;*synchronization entry
                      ; - jdk.internal.misc.Unsafe::ensureClassInitialized@-1
                      ; - jdk.internal.reflect.MethodHandleAccessorFactory::ensureClassInitialized@14
                      ; - jdk.internal.reflect.MethodHandleAccessorFactory::newConstructorAccessor@16
  0x000002b7b38b8a44: 07e9 e8f2 

  0x000002b7b38b8a48: ;   {metadata({method} {0x000002b7c83c5590} 'unreflectConstructor' '(Ljava/lang/reflect/Constructor;)Ljava/lang/invoke/MethodHandle;' in 'java/lang/invoke/MethodHandleImpl$1')}
  0x000002b7b38b8a48: ffff 49ba | 8855 3cc8 | b702 0000 | 4c89 5424 | 0848 c704 | 24ff ffff 

  0x000002b7b38b8a60: ;   {runtime_call counter_overflow Runtime1 stub}
  0x000002b7b38b8a60: ffe8 9a8e 

  0x000002b7b38b8a64: ; ImmutableOopMap {[136]=Oop }
                      ;*synchronization entry
                      ; - java.lang.invoke.MethodHandleImpl$1::unreflectConstructor@-1
                      ; - jdk.internal.reflect.MethodHandleAccessorFactory::newConstructorAccessor@23
  0x000002b7b38b8a64: 6207 e96e 

  0x000002b7b38b8a68: ;   {runtime_call throw_null_pointer_exception Runtime1 stub}
  0x000002b7b38b8a68: f3ff ffe8 

  0x000002b7b38b8a6c: ; ImmutableOopMap {rax=Oop [136]=Oop }
                      ;*invokevirtual type {reexecute=0 rethrow=0 return_oop=0}
                      ; - jdk.internal.reflect.MethodHandleAccessorFactory::newConstructorAccessor@30
  0x000002b7b38b8a6c: 903d 6207 

  0x000002b7b38b8a70: ;   {runtime_call throw_null_pointer_exception Runtime1 stub}
  0x000002b7b38b8a70: e88b 3d62 

  0x000002b7b38b8a74: ; ImmutableOopMap {rax=Oop rdx=Oop [136]=Oop }
                      ;*invokevirtual parameterCount {reexecute=0 rethrow=0 return_oop=0}
                      ; - jdk.internal.reflect.MethodHandleAccessorFactory::newConstructorAccessor@33
                      ;   {metadata({method} {0x000002b7c80b8e10} 'parameterCount' '()I' in 'java/lang/invoke/MethodType')}
  0x000002b7b38b8a74: 0749 ba08 | 8e0b c8b7 | 0200 004c | 8954 2408 | 48c7 0424 | ffff ffff 

  0x000002b7b38b8a8c: ;   {runtime_call counter_overflow Runtime1 stub}
  0x000002b7b38b8a8c: e86f 8e62 

  0x000002b7b38b8a90: ; ImmutableOopMap {rax=Oop rdx=Oop [136]=Oop }
                      ;*synchronization entry
                      ; - java.lang.invoke.MethodType::parameterCount@-1
                      ; - jdk.internal.reflect.MethodHandleAccessorFactory::newConstructorAccessor@33
  0x000002b7b38b8a90: 07e9 4df4 

  0x000002b7b38b8a94: ;   {runtime_call throw_null_pointer_exception Runtime1 stub}
  0x000002b7b38b8a94: ffff e865 

  0x000002b7b38b8a98: ; ImmutableOopMap {rax=Oop [136]=Oop }
                      ;*arraylength {reexecute=0 rethrow=0 return_oop=0}
                      ; - java.lang.invoke.MethodType::parameterCount@4
                      ; - jdk.internal.reflect.MethodHandleAccessorFactory::newConstructorAccessor@33
                      ;   {runtime_call throw_null_pointer_exception Runtime1 stub}
  0x000002b7b38b8a98: 3d62 07e8 

  0x000002b7b38b8a9c: ; ImmutableOopMap {rax=Oop [136]=Oop [168]=Oop }
                      ;*invokevirtual asSpreader {reexecute=0 rethrow=0 return_oop=0}
                      ; - jdk.internal.reflect.MethodHandleAccessorFactory::newConstructorAccessor@57
  0x000002b7b38b8a9c: 603d 6207 

  0x000002b7b38b8aa0: ;   {metadata({method} {0x000002b7c80981e8} 'asSpreader' '(Ljava/lang/Class;I)Ljava/lang/invoke/MethodHandle;' in 'java/lang/invoke/MethodHandle')}
  0x000002b7b38b8aa0: 49ba e081 | 09c8 b702 | 0000 4c89 | 5424 0848 | c704 24ff 

  0x000002b7b38b8ab4: ;   {runtime_call counter_overflow Runtime1 stub}
  0x000002b7b38b8ab4: ffff ffe8 

  0x000002b7b38b8ab8: ; ImmutableOopMap {rax=Oop [136]=Oop [168]=Oop }
                      ;*synchronization entry
                      ; - java.lang.invoke.MethodHandle::asSpreader@-1
                      ; - jdk.internal.reflect.MethodHandleAccessorFactory::newConstructorAccessor@57
  0x000002b7b38b8ab8: 448e 6207 | e910 f6ff 

  0x000002b7b38b8ac0: ;   {runtime_call throw_null_pointer_exception Runtime1 stub}
  0x000002b7b38b8ac0: ffe8 3a3d 

  0x000002b7b38b8ac4: ; ImmutableOopMap {rax=Oop r8=Oop [136]=Oop [168]=Oop }
                      ;*invokevirtual parameterCount {reexecute=0 rethrow=0 return_oop=0}
                      ; - java.lang.invoke.MethodHandle::asSpreader@5
                      ; - jdk.internal.reflect.MethodHandleAccessorFactory::newConstructorAccessor@57
                      ;   {metadata({method} {0x000002b7c80b8e10} 'parameterCount' '()I' in 'java/lang/invoke/MethodType')}
  0x000002b7b38b8ac4: 6207 49ba | 088e 0bc8 | b702 0000 | 4c89 5424 | 0848 c704 | 24ff ffff 

  0x000002b7b38b8adc: ;   {runtime_call counter_overflow Runtime1 stub}
  0x000002b7b38b8adc: ffe8 1e8e 

  0x000002b7b38b8ae0: ; ImmutableOopMap {rax=Oop r8=Oop [136]=Oop [168]=Oop }
                      ;*synchronization entry
                      ; - java.lang.invoke.MethodType::parameterCount@-1
                      ; - java.lang.invoke.MethodHandle::asSpreader@5
                      ; - jdk.internal.reflect.MethodHandleAccessorFactory::newConstructorAccessor@57
  0x000002b7b38b8ae0: 6207 e9ba 

  0x000002b7b38b8ae4: ;   {runtime_call throw_null_pointer_exception Runtime1 stub}
  0x000002b7b38b8ae4: f6ff ffe8 

  0x000002b7b38b8ae8: ; ImmutableOopMap {rax=Oop [136]=Oop [168]=Oop }
                      ;*arraylength {reexecute=0 rethrow=0 return_oop=0}
                      ; - java.lang.invoke.MethodType::parameterCount@4
                      ; - java.lang.invoke.MethodHandle::asSpreader@5
                      ; - jdk.internal.reflect.MethodHandleAccessorFactory::newConstructorAccessor@57
  0x000002b7b38b8ae8: 143d 6207 

  0x000002b7b38b8aec: ;   {runtime_call throw_null_pointer_exception Runtime1 stub}
  0x000002b7b38b8aec: e80f 3d62 

  0x000002b7b38b8af0: ; ImmutableOopMap {rsi=Oop rax=Oop [136]=Oop [168]=Oop }
                      ;*invokevirtual asType {reexecute=0 rethrow=0 return_oop=0}
                      ; - jdk.internal.reflect.MethodHandleAccessorFactory::newConstructorAccessor@64
                      ;   {metadata({method} {0x000002b7c8097910} 'asType' '(Ljava/lang/invoke/MethodType;)Ljava/lang/invoke/MethodHandle;' in 'java/lang/invoke/MethodHandle')}
  0x000002b7b38b8af0: 0749 ba08 | 7909 c8b7 | 0200 004c | 8954 2408 | 48c7 0424 | ffff ffff 

  0x000002b7b38b8b08: ;   {runtime_call counter_overflow Runtime1 stub}
  0x000002b7b38b8b08: e8f3 8d62 

  0x000002b7b38b8b0c: ; ImmutableOopMap {rsi=Oop rax=Oop [136]=Oop [168]=Oop }
                      ;*synchronization entry
                      ; - java.lang.invoke.MethodHandle::asType@-1
                      ; - jdk.internal.reflect.MethodHandleAccessorFactory::newConstructorAccessor@64
  0x000002b7b38b8b0c: 07e9 8ef7 

  0x000002b7b38b8b10: ;   {metadata({method} {0x000002b7c82116d0} 'constructorAccessor' '(Ljava/lang/reflect/Constructor;Ljava/lang/invoke/MethodHandle;)Ljdk/internal/reflect/ConstructorAccessorImpl;' in 'jdk/internal/reflect/DirectConstructorHandleAccessor')}
  0x000002b7b38b8b10: ffff 49ba | c816 21c8 | b702 0000 | 4c89 5424 | 0848 c704 | 24ff ffff 

  0x000002b7b38b8b28: ;   {runtime_call counter_overflow Runtime1 stub}
  0x000002b7b38b8b28: ffe8 d28d 

  0x000002b7b38b8b2c: ; ImmutableOopMap {rbx=Oop rdx=Oop [136]=Oop }
                      ;*synchronization entry
                      ; - jdk.internal.reflect.DirectConstructorHandleAccessor::constructorAccessor@-1
                      ; - jdk.internal.reflect.MethodHandleAccessorFactory::newConstructorAccessor@70
  0x000002b7b38b8b2c: 6207 e94d | f9ff ff48 

  0x000002b7b38b8b34: ;   {runtime_call fast_new_instance Runtime1 stub}
  0x000002b7b38b8b34: 8bd2 e8c5 

  0x000002b7b38b8b38: ; ImmutableOopMap {rbx=Oop r8=Oop [136]=Oop }
                      ;*new {reexecute=0 rethrow=0 return_oop=0}
                      ; - jdk.internal.reflect.DirectConstructorHandleAccessor::constructorAccessor@0
                      ; - jdk.internal.reflect.MethodHandleAccessorFactory::newConstructorAccessor@70
  0x000002b7b38b8b38: 4562 07e9 | 8af9 ffff 

  0x000002b7b38b8b40: ;   {metadata({method} {0x000002b7c8211848} '<init>' '(Ljava/lang/reflect/Constructor;Ljava/lang/invoke/MethodHandle;)V' in 'jdk/internal/reflect/DirectConstructorHandleAccessor')}
  0x000002b7b38b8b40: 49ba 4018 | 21c8 b702 | 0000 4c89 | 5424 0848 | c704 24ff 

  0x000002b7b38b8b54: ;   {runtime_call counter_overflow Runtime1 stub}
  0x000002b7b38b8b54: ffff ffe8 

  0x000002b7b38b8b58: ; ImmutableOopMap {rbx=Oop r8=Oop rax=Oop [136]=Oop }
                      ;*synchronization entry
                      ; - jdk.internal.reflect.DirectConstructorHandleAccessor::<init>@-1
                      ; - jdk.internal.reflect.DirectConstructorHandleAccessor::constructorAccessor@6
                      ; - jdk.internal.reflect.MethodHandleAccessorFactory::newConstructorAccessor@70
  0x000002b7b38b8b58: a48d 6207 | e9a5 f9ff 

  0x000002b7b38b8b60: ;   {metadata({method} {0x000002b7c8087930} '<init>' '()V' in 'jdk/internal/reflect/ConstructorAccessorImpl')}
  0x000002b7b38b8b60: ff49 ba28 | 7908 c8b7 | 0200 004c | 8954 2408 | 48c7 0424 | ffff ffff 

  0x000002b7b38b8b78: ;   {runtime_call counter_overflow Runtime1 stub}
  0x000002b7b38b8b78: e883 8d62 

  0x000002b7b38b8b7c: ; ImmutableOopMap {rbx=Oop r8=Oop rax=Oop [136]=Oop }
                      ;*synchronization entry
                      ; - jdk.internal.reflect.ConstructorAccessorImpl::<init>@-1
                      ; - jdk.internal.reflect.DirectConstructorHandleAccessor::<init>@1
                      ; - jdk.internal.reflect.DirectConstructorHandleAccessor::constructorAccessor@6
                      ; - jdk.internal.reflect.MethodHandleAccessorFactory::newConstructorAccessor@70
  0x000002b7b38b8b7c: 07e9 c0f9 

  0x000002b7b38b8b80: ;   {metadata({method} {0x000002b7c8086de0} '<init>' '()V' in 'jdk/internal/reflect/MagicAccessorImpl')}
  0x000002b7b38b8b80: ffff 49ba | d86d 08c8 | b702 0000 | 4c89 5424 | 0848 c704 | 24ff ffff 

  0x000002b7b38b8b98: ;   {runtime_call counter_overflow Runtime1 stub}
  0x000002b7b38b8b98: ffe8 628d 

  0x000002b7b38b8b9c: ; ImmutableOopMap {rbx=Oop r8=Oop rax=Oop [136]=Oop }
                      ;*synchronization entry
                      ; - jdk.internal.reflect.MagicAccessorImpl::<init>@-1
                      ; - jdk.internal.reflect.ConstructorAccessorImpl::<init>@1
                      ; - jdk.internal.reflect.DirectConstructorHandleAccessor::<init>@1
                      ; - jdk.internal.reflect.DirectConstructorHandleAccessor::constructorAccessor@6
                      ; - jdk.internal.reflect.MethodHandleAccessorFactory::newConstructorAccessor@70
  0x000002b7b38b8b9c: 6207 e9db 

  0x000002b7b38b8ba0: ;   {metadata({method} {0x000002b7c8000638} '<init>' '()V' in 'java/lang/Object')}
  0x000002b7b38b8ba0: f9ff ff49 | ba30 0600 | c8b7 0200 | 004c 8954 | 2408 48c7 | 0424 ffff 

  0x000002b7b38b8bb8: ;   {runtime_call counter_overflow Runtime1 stub}
  0x000002b7b38b8bb8: ffff e841 

  0x000002b7b38b8bbc: ; ImmutableOopMap {rbx=Oop r8=Oop rax=Oop [136]=Oop }
                      ;*synchronization entry
                      ; - java.lang.Object::<init>@-1
                      ; - jdk.internal.reflect.MagicAccessorImpl::<init>@1
                      ; - jdk.internal.reflect.ConstructorAccessorImpl::<init>@1
                      ; - jdk.internal.reflect.DirectConstructorHandleAccessor::<init>@1
                      ; - jdk.internal.reflect.DirectConstructorHandleAccessor::constructorAccessor@6
                      ; - jdk.internal.reflect.MethodHandleAccessorFactory::newConstructorAccessor@70
  0x000002b7b38b8bbc: 8d62 07e9 | f6f9 ffff 

  0x000002b7b38b8bc4: ;   {metadata({method} {0x000002b7c80808a8} 'getParameterCount' '()I' in 'java/lang/reflect/Constructor')}
  0x000002b7b38b8bc4: 49ba a008 | 08c8 b702 | 0000 4c89 | 5424 0848 | c704 24ff 

  0x000002b7b38b8bd8: ;   {runtime_call counter_overflow Runtime1 stub}
  0x000002b7b38b8bd8: ffff ffe8 

  0x000002b7b38b8bdc: ; ImmutableOopMap {rbx=Oop r8=Oop rax=Oop [136]=Oop }
                      ;*synchronization entry
                      ; - java.lang.reflect.Constructor::getParameterCount@-1
                      ; - jdk.internal.reflect.DirectConstructorHandleAccessor::<init>@6
                      ; - jdk.internal.reflect.DirectConstructorHandleAccessor::constructorAccessor@6
                      ; - jdk.internal.reflect.MethodHandleAccessorFactory::newConstructorAccessor@70
  0x000002b7b38b8bdc: 208d 6207 | e911 faff 

  0x000002b7b38b8be4: ;   {runtime_call throw_null_pointer_exception Runtime1 stub}
  0x000002b7b38b8be4: ffe8 163c 

  0x000002b7b38b8be8: ; ImmutableOopMap {rbx=Oop rax=Oop }
                      ;*arraylength {reexecute=0 rethrow=0 return_oop=0}
                      ; - java.lang.reflect.Constructor::getParameterCount@4
                      ; - jdk.internal.reflect.DirectConstructorHandleAccessor::<init>@6
                      ; - jdk.internal.reflect.DirectConstructorHandleAccessor::constructorAccessor@6
                      ; - jdk.internal.reflect.MethodHandleAccessorFactory::newConstructorAccessor@70
  0x000002b7b38b8be8: 6207 8b50 | 1048 83fa | 000f 8416 | faff ff48 

  0x000002b7b38b8bf8: ;   {runtime_call g1_pre_barrier_slow}
  0x000002b7b38b8bf8: 8914 24e8 | 0093 6207 | e908 faff | ff48 83fb | 000f 8419 | faff ff48 

  0x000002b7b38b8c10: ;   {runtime_call g1_post_barrier_slow}
  0x000002b7b38b8c10: 8904 24e8 | e895 6207 | e90b faff 

  0x000002b7b38b8c1c: ;   {internal_word}
  0x000002b7b38b8c1c: ff49 ba30 | 868b b3b7 | 0200 004d | 8997 6004 

  0x000002b7b38b8c2c: ;   {runtime_call SafepointBlob}
  0x000002b7b38b8c2c: 0000 e9cd 

  0x000002b7b38b8c30: ;   {metadata({method} {0x000002b7c8211788} 'nativeAccessor' '(Ljava/lang/reflect/Constructor;)Ljdk/internal/reflect/ConstructorAccessorImpl;' in 'jdk/internal/reflect/DirectConstructorHandleAccessor')}
  0x000002b7b38b8c30: ca56 0749 | ba80 1721 | c8b7 0200 | 004c 8954 | 2408 48c7 | 0424 ffff 

  0x000002b7b38b8c48: ;   {runtime_call counter_overflow Runtime1 stub}
  0x000002b7b38b8c48: ffff e8b1 

  0x000002b7b38b8c4c: ; ImmutableOopMap {r8=Oop [136]=Oop }
                      ;*synchronization entry
                      ; - jdk.internal.reflect.DirectConstructorHandleAccessor::nativeAccessor@-1
                      ; - jdk.internal.reflect.MethodHandleAccessorFactory::newConstructorAccessor@8
  0x000002b7b38b8c4c: 8c62 07e9 | 2bfa ffff 

  0x000002b7b38b8c54: ;   {runtime_call fast_new_instance Runtime1 stub}
  0x000002b7b38b8c54: 488b d2e8 

  0x000002b7b38b8c58: ; ImmutableOopMap {r8=Oop [136]=Oop }
                      ;*new {reexecute=0 rethrow=0 return_oop=0}
                      ; - jdk.internal.reflect.DirectConstructorHandleAccessor::nativeAccessor@0
                      ; - jdk.internal.reflect.MethodHandleAccessorFactory::newConstructorAccessor@8
  0x000002b7b38b8c58: a444 6207 | e961 faff 

  0x000002b7b38b8c60: ;   {metadata({method} {0x000002b7c8212340} '<init>' '(Ljava/lang/reflect/Constructor;)V' in 'jdk/internal/reflect/DirectConstructorHandleAccessor$NativeAccessor')}
  0x000002b7b38b8c60: ff49 ba38 | 2321 c8b7 | 0200 004c | 8954 2408 | 48c7 0424 | ffff ffff 

  0x000002b7b38b8c78: ;   {runtime_call counter_overflow Runtime1 stub}
  0x000002b7b38b8c78: e883 8c62 

  0x000002b7b38b8c7c: ; ImmutableOopMap {r8=Oop rax=Oop [136]=Oop }
                      ;*synchronization entry
                      ; - jdk.internal.reflect.DirectConstructorHandleAccessor$NativeAccessor::<init>@-1
                      ; - jdk.internal.reflect.DirectConstructorHandleAccessor::nativeAccessor@5
                      ; - jdk.internal.reflect.MethodHandleAccessorFactory::newConstructorAccessor@8
  0x000002b7b38b8c7c: 07e9 7cfa 

  0x000002b7b38b8c80: ;   {metadata({method} {0x000002b7c8087930} '<init>' '()V' in 'jdk/internal/reflect/ConstructorAccessorImpl')}
  0x000002b7b38b8c80: ffff 49ba | 2879 08c8 | b702 0000 | 4c89 5424 | 0848 c704 | 24ff ffff 

  0x000002b7b38b8c98: ;   {runtime_call counter_overflow Runtime1 stub}
  0x000002b7b38b8c98: ffe8 628c 

  0x000002b7b38b8c9c: ; ImmutableOopMap {r8=Oop rax=Oop [136]=Oop }
                      ;*synchronization entry
                      ; - jdk.internal.reflect.ConstructorAccessorImpl::<init>@-1
                      ; - jdk.internal.reflect.DirectConstructorHandleAccessor$NativeAccessor::<init>@1
                      ; - jdk.internal.reflect.DirectConstructorHandleAccessor::nativeAccessor@5
                      ; - jdk.internal.reflect.MethodHandleAccessorFactory::newConstructorAccessor@8
  0x000002b7b38b8c9c: 6207 e997 

  0x000002b7b38b8ca0: ;   {metadata({method} {0x000002b7c8086de0} '<init>' '()V' in 'jdk/internal/reflect/MagicAccessorImpl')}
  0x000002b7b38b8ca0: faff ff49 | bad8 6d08 | c8b7 0200 | 004c 8954 | 2408 48c7 | 0424 ffff 

  0x000002b7b38b8cb8: ;   {runtime_call counter_overflow Runtime1 stub}
  0x000002b7b38b8cb8: ffff e841 

  0x000002b7b38b8cbc: ; ImmutableOopMap {r8=Oop rax=Oop [136]=Oop }
                      ;*synchronization entry
                      ; - jdk.internal.reflect.MagicAccessorImpl::<init>@-1
                      ; - jdk.internal.reflect.ConstructorAccessorImpl::<init>@1
                      ; - jdk.internal.reflect.DirectConstructorHandleAccessor$NativeAccessor::<init>@1
                      ; - jdk.internal.reflect.DirectConstructorHandleAccessor::nativeAccessor@5
                      ; - jdk.internal.reflect.MethodHandleAccessorFactory::newConstructorAccessor@8
  0x000002b7b38b8cbc: 8c62 07e9 | b2fa ffff 

  0x000002b7b38b8cc4: ;   {metadata({method} {0x000002b7c8000638} '<init>' '()V' in 'java/lang/Object')}
  0x000002b7b38b8cc4: 49ba 3006 | 00c8 b702 | 0000 4c89 | 5424 0848 | c704 24ff 

  0x000002b7b38b8cd8: ;   {runtime_call counter_overflow Runtime1 stub}
  0x000002b7b38b8cd8: ffff ffe8 

  0x000002b7b38b8cdc: ; ImmutableOopMap {r8=Oop rax=Oop [136]=Oop }
                      ;*synchronization entry
                      ; - java.lang.Object::<init>@-1
                      ; - jdk.internal.reflect.MagicAccessorImpl::<init>@1
                      ; - jdk.internal.reflect.ConstructorAccessorImpl::<init>@1
                      ; - jdk.internal.reflect.DirectConstructorHandleAccessor$NativeAccessor::<init>@1
                      ; - jdk.internal.reflect.DirectConstructorHandleAccessor::nativeAccessor@5
                      ; - jdk.internal.reflect.MethodHandleAccessorFactory::newConstructorAccessor@8
  0x000002b7b38b8cdc: 208c 6207 | e9cd faff | ff8b 500c | 4883 fa00 | 0f84 cdfa | ffff 4889 

  0x000002b7b38b8cf4: ;   {runtime_call g1_pre_barrier_slow}
  0x000002b7b38b8cf4: 1424 e805 | 9262 07e9 | bffa ffff | 4983 f800 | 0f84 d0fa | ffff 4889 

  0x000002b7b38b8d0c: ;   {runtime_call g1_post_barrier_slow}
  0x000002b7b38b8d0c: 0424 e8ed | 9462 07e9 | c2fa ffff 

  0x000002b7b38b8d18: ;   {internal_word}
  0x000002b7b38b8d18: 49ba e287 | 8bb3 b702 | 0000 4d89 | 9760 0400 

  0x000002b7b38b8d28: ;   {runtime_call SafepointBlob}
  0x000002b7b38b8d28: 00e9 d2c9 

  0x000002b7b38b8d2c: ;   {metadata(nullptr)}
  0x000002b7b38b8d2c: 5607 48ba | 0000 0000 | 0000 0000 | b800 0f05 

  0x000002b7b38b8d3c: ;   {runtime_call load_klass_patching Runtime1 stub}
  0x000002b7b38b8d3c: 0ae8 3e7b 

  0x000002b7b38b8d40: ; ImmutableOopMap {[136]=Oop }
                      ;*new {reexecute=1 rethrow=0 return_oop=0}
                      ; - (reexecute) jdk.internal.misc.Unsafe::ensureClassInitialized@4
                      ; - jdk.internal.reflect.MethodHandleAccessorFactory::ensureClassInitialized@14
                      ; - jdk.internal.reflect.MethodHandleAccessorFactory::newConstructorAccessor@16
  0x000002b7b38b8d40: 6207 e9a9 | faff ff48 

  0x000002b7b38b8d48: ;   {runtime_call fast_new_instance Runtime1 stub}
  0x000002b7b38b8d48: 8bd2 e8b1 

  0x000002b7b38b8d4c: ; ImmutableOopMap {[136]=Oop }
                      ;*new {reexecute=0 rethrow=0 return_oop=0}
                      ; - jdk.internal.misc.Unsafe::ensureClassInitialized@4
                      ; - jdk.internal.reflect.MethodHandleAccessorFactory::ensureClassInitialized@14
                      ; - jdk.internal.reflect.MethodHandleAccessorFactory::newConstructorAccessor@16
  0x000002b7b38b8d4c: 4362 07e9 | effa ffff 

  0x000002b7b38b8d54: ;   {metadata(nullptr)}
  0x000002b7b38b8d54: 48ba 0000 | 0000 0000 | 0000 b800 

  0x000002b7b38b8d60: ;   {runtime_call load_klass_patching Runtime1 stub}
  0x000002b7b38b8d60: 0f05 0ae8 

  0x000002b7b38b8d64: ; ImmutableOopMap {[136]=Oop [144]=Oop }
                      ;*new {reexecute=1 rethrow=0 return_oop=0}
                      ; - (reexecute) jdk.internal.misc.Unsafe::shouldBeInitialized@4
                      ; - jdk.internal.reflect.MethodHandleAccessorFactory::ensureClassInitialized@4
                      ; - jdk.internal.reflect.MethodHandleAccessorFactory::newConstructorAccessor@16
  0x000002b7b38b8d64: 187b 6207 | e91b fbff | ff48 8bd2 

  0x000002b7b38b8d70: ;   {runtime_call fast_new_instance Runtime1 stub}
  0x000002b7b38b8d70: e88b 4362 

  0x000002b7b38b8d74: ; ImmutableOopMap {[136]=Oop [144]=Oop }
                      ;*new {reexecute=0 rethrow=0 return_oop=0}
                      ; - jdk.internal.misc.Unsafe::shouldBeInitialized@4
                      ; - jdk.internal.reflect.MethodHandleAccessorFactory::ensureClassInitialized@4
                      ; - jdk.internal.reflect.MethodHandleAccessorFactory::newConstructorAccessor@16
  0x000002b7b38b8d74: 07e9 61fb 

  0x000002b7b38b8d78: ;   {metadata(nullptr)}
  0x000002b7b38b8d78: ffff 48ba | 0000 0000 | 0000 0000 | b800 0f05 

  0x000002b7b38b8d88: ;   {runtime_call load_klass_patching Runtime1 stub}
  0x000002b7b38b8d88: 0ae8 f27a 

  0x000002b7b38b8d8c: ; ImmutableOopMap {r8=Oop }
                      ;*new {reexecute=1 rethrow=0 return_oop=0}
                      ; - (reexecute) jdk.internal.reflect.MethodHandleAccessorFactory::newConstructorAccessor@75
  0x000002b7b38b8d8c: 6207 e9a5 | fbff ff48 

  0x000002b7b38b8d94: ;   {runtime_call fast_new_instance Runtime1 stub}
  0x000002b7b38b8d94: 8bd2 e865 

  0x000002b7b38b8d98: ; ImmutableOopMap {r8=Oop }
                      ;*new {reexecute=0 rethrow=0 return_oop=0}
                      ; - jdk.internal.reflect.MethodHandleAccessorFactory::newConstructorAccessor@75
  0x000002b7b38b8d98: 4362 07e9 | e7fb ffff | 498b 87f8 | 0400 0049 | c787 f804 | 0000 0000 | 0000 49c7 | 8700 0500 
  0x000002b7b38b8db8: 0000 0000 | 0048 81c4 | e000 0000 

  0x000002b7b38b8dc4: ;   {runtime_call unwind_exception Runtime1 stub}
  0x000002b7b38b8dc4: 5de9 362b | 6207 f4f4 | f4f4 f4f4 
[Stub Code]
  0x000002b7b38b8dd0: ;   {no_reloc}
  0x000002b7b38b8dd0: 0f1f 4400 

  0x000002b7b38b8dd4: ;   {static_stub}
  0x000002b7b38b8dd4: 0048 bb00 | 0000 0000 

  0x000002b7b38b8ddc: ;   {runtime_call nmethod}
  0x000002b7b38b8ddc: 0000 00e9 | fbff ffff 

  0x000002b7b38b8de4: ;   {static_stub}
  0x000002b7b38b8de4: 9048 bbd0 | 8209 c8b7 

  0x000002b7b38b8dec: ;   {runtime_call I2C/C2I adapters}
  0x000002b7b38b8dec: 0200 00e9 | f19d 5407 

  0x000002b7b38b8df4: ;   {static_stub}
  0x000002b7b38b8df4: 9048 bb00 | 0000 0000 

  0x000002b7b38b8dfc: ;   {runtime_call nmethod}
  0x000002b7b38b8dfc: 0000 00e9 | fbff ffff 

  0x000002b7b38b8e04: ;   {static_stub}
  0x000002b7b38b8e04: 48bb 0000 | 0000 0000 

  0x000002b7b38b8e0c: ;   {runtime_call nmethod}
  0x000002b7b38b8e0c: 0000 e9fb 

  0x000002b7b38b8e10: ;   {static_stub}
  0x000002b7b38b8e10: ffff ff48 | bb00 0000 | 0000 0000 

  0x000002b7b38b8e1c: ;   {runtime_call nmethod}
  0x000002b7b38b8e1c: 00e9 fbff 

  0x000002b7b38b8e20: ;   {static_stub}
  0x000002b7b38b8e20: ffff 48bb | 0000 0000 | 0000 0000 

  0x000002b7b38b8e2c: ;   {runtime_call nmethod}
  0x000002b7b38b8e2c: e9fb ffff 

  0x000002b7b38b8e30: ;   {static_stub}
  0x000002b7b38b8e30: ff48 bb00 | 0000 0000 

  0x000002b7b38b8e38: ;   {runtime_call nmethod}
  0x000002b7b38b8e38: 0000 00e9 | fbff ffff 

  0x000002b7b38b8e40: ;   {static_stub}
  0x000002b7b38b8e40: 48bb 7807 | 2dc8 b702 

  0x000002b7b38b8e48: ;   {runtime_call I2C/C2I adapters}
  0x000002b7b38b8e48: 0000 e98f 

  0x000002b7b38b8e4c: ;   {static_stub}
  0x000002b7b38b8e4c: b356 0748 | bb78 ff20 | c8b7 0200 

  0x000002b7b38b8e58: ;   {runtime_call I2C/C2I adapters}
  0x000002b7b38b8e58: 00e9 7baa 

  0x000002b7b38b8e5c: ;   {static_stub}
  0x000002b7b38b8e5c: 5607 48bb | 0000 0000 | 0000 0000 

  0x000002b7b38b8e68: ;   {runtime_call nmethod}
  0x000002b7b38b8e68: e9fb ffff 

  0x000002b7b38b8e6c: ;   {static_stub}
  0x000002b7b38b8e6c: ff48 bb00 | 0000 0000 

  0x000002b7b38b8e74: ;   {runtime_call nmethod}
  0x000002b7b38b8e74: 0000 00e9 | fbff ffff 

  0x000002b7b38b8e7c: ;   {static_stub}
  0x000002b7b38b8e7c: 48bb 0000 | 0000 0000 

  0x000002b7b38b8e84: ;   {runtime_call nmethod}
  0x000002b7b38b8e84: 0000 e9fb 

  0x000002b7b38b8e88: ;   {runtime_call handle_exception_from_callee Runtime1 stub}
  0x000002b7b38b8e88: ffff ffe8 | 7057 6207 

  0x000002b7b38b8e90: ;   {external_word}
  0x000002b7b38b8e90: 48b9 7061 | 7567 fe7f | 0000 4883 

  0x000002b7b38b8e9c: ;   {runtime_call}
  0x000002b7b38b8e9c: e4f0 48b8 | 10cd 4367 | fe7f 0000 

  0x000002b7b38b8ea8: ;   {section_word}
  0x000002b7b38b8ea8: ffd0 f449 | baab 8e8b | b3b7 0200 

  0x000002b7b38b8eb4: ;   {runtime_call DeoptimizationBlob}
  0x000002b7b38b8eb4: 0041 52e9 | e4ba 5607 | f4f4 f4f4 
[/MachCode]


---------------  P R O C E S S  ---------------

Threads class SMR info:
_java_thread_list=0x000002b7cdc8e290, length=87, elements={
0x000002b7b0746d90, 0x000002b7c755b270, 0x000002b7c755e6e0, 0x000002b7c7592380,
0x000002b7c75aa3f0, 0x000002b7c75aae50, 0x000002b7c75ad8c0, 0x000002b7c7593910,
0x000002b7c7594b80, 0x000002b7c7595620, 0x000002b7cc024530, 0x000002b7cc566090,
0x000002b7cde75960, 0x000002b7cdba23c0, 0x000002b7cdc106a0, 0x000002b7cde72080,
0x000002b7cdc70010, 0x000002b7cdc72170, 0x000002b7cde6e340, 0x000002b7cde6e9d0,
0x000002b7cde71130, 0x000002b7cde6f6f0, 0x000002b7cde70aa0, 0x000002b7cde6dcb0,
0x000002b7cde70410, 0x000002b7cfea35d0, 0x000002b7cfea4980, 0x000002b7cfea5010,
0x000002b7cfea56a0, 0x000002b7cfea5d30, 0x000002b7cfea63c0, 0x000002b7cfea3c60,
0x000002b7cfea42f0, 0x000002b7cfea6a50, 0x000002b7cfea70e0, 0x000002b7cfea7770,
0x000002b7cfea7e00, 0x000002b7cfea9840, 0x000002b7cfea8490, 0x000002b7cfea91b0,
0x000002b7cfea9ed0, 0x000002b7cf0e40b0, 0x000002b7cf0e2d00, 0x000002b7cf0e12c0,
0x000002b7cf0e3390, 0x000002b7cf0e3a20, 0x000002b7cf0e1fe0, 0x000002b7cf0e0c30,
0x000002b7cf0e4dd0, 0x000002b7cf0e4740, 0x000002b7cf0e1950, 0x000002b7cf0e5460,
0x000002b7cf0e7bc0, 0x000002b7cfc641f0, 0x000002b7cfc634d0, 0x000002b7cfc64880,
0x000002b7cfc655a0, 0x000002b7cfc63b60, 0x000002b7cfc65c30, 0x000002b7cfc64f10,
0x000002b7cfc627b0, 0x000002b7cfc662c0, 0x000002b7cfc62e40, 0x000002b7cfc66950,
0x000002b7cfc690b0, 0x000002b7cfc68390, 0x000002b7cfc67670, 0x000002b7cfc67d00,
0x000002b7cfc69740, 0x000002b7d2797c00, 0x000002b7d2798920, 0x000002b7d2798290,
0x000002b7d2798fb0, 0x000002b7d279a360, 0x000002b7d2799cd0, 0x000002b7d2796ee0,
0x000002b7d279a9f0, 0x000002b7d2797570, 0x000002b7d279c430, 0x000002b7d279b080,
0x000002b7d279b710, 0x000002b7d279cac0, 0x000002b7d279bda0, 0x000002b7d279de70,
0x000002b7cfc66fe0, 0x000002b7cfc69dd0, 0x000002b7d36972f0
}

Java Threads: ( => current thread )
  0x000002b7b0746d90 JavaThread "main"                              [_thread_blocked, id=9048, stack(0x000000c9e1300000,0x000000c9e1400000) (1024K)]
  0x000002b7c755b270 JavaThread "Common-Cleaner"             daemon [_thread_blocked, id=14716, stack(0x000000c9e1b00000,0x000000c9e1c00000) (1024K)]
  0x000002b7c755e6e0 JavaThread "Reference Handler"          daemon [_thread_blocked, id=18288, stack(0x000000c9e1c00000,0x000000c9e1d00000) (1024K)]
  0x000002b7c7592380 JavaThread "Finalizer"                  daemon [_thread_blocked, id=12348, stack(0x000000c9e1d00000,0x000000c9e1e00000) (1024K)]
  0x000002b7c75aa3f0 JavaThread "Signal Dispatcher"          daemon [_thread_blocked, id=12028, stack(0x000000c9e1e00000,0x000000c9e1f00000) (1024K)]
  0x000002b7c75aae50 JavaThread "Attach Listener"            daemon [_thread_blocked, id=9956, stack(0x000000c9e1f00000,0x000000c9e2000000) (1024K)]
  0x000002b7c75ad8c0 JavaThread "Service Thread"             daemon [_thread_blocked, id=18812, stack(0x000000c9e2000000,0x000000c9e2100000) (1024K)]
  0x000002b7c7593910 JavaThread "Monitor Deflation Thread"   daemon [_thread_blocked, id=7764, stack(0x000000c9e2100000,0x000000c9e2200000) (1024K)]
  0x000002b7c7594b80 JavaThread "C2 CompilerThread0"         daemon [_thread_in_native, id=20884, stack(0x000000c9e2200000,0x000000c9e2300000) (1024K)]
  0x000002b7c7595620 JavaThread "C1 CompilerThread0"         daemon [_thread_blocked, id=24204, stack(0x000000c9e2300000,0x000000c9e2400000) (1024K)]
  0x000002b7cc024530 JavaThread "Notification Thread"        daemon [_thread_blocked, id=10360, stack(0x000000c9e2400000,0x000000c9e2500000) (1024K)]
  0x000002b7cc566090 JavaThread "Daemon health stats"               [_thread_blocked, id=11248, stack(0x000000c9e2700000,0x000000c9e2800000) (1024K)]
  0x000002b7cde75960 JavaThread "Incoming local TCP Connector on port 55082"        [_thread_in_native, id=31160, stack(0x000000c9e2800000,0x000000c9e2900000) (1024K)]
  0x000002b7cdba23c0 JavaThread "Daemon periodic checks"            [_thread_blocked, id=29768, stack(0x000000c9e2900000,0x000000c9e2a00000) (1024K)]
  0x000002b7cdc106a0 JavaThread "Daemon"                            [_thread_blocked, id=8504, stack(0x000000c9e2a00000,0x000000c9e2b00000) (1024K)]
  0x000002b7cde72080 JavaThread "Handler for socket connection from /127.0.0.1:55082 to /127.0.0.1:55083"        [_thread_in_native, id=30264, stack(0x000000c9e2b00000,0x000000c9e2c00000) (1024K)]
  0x000002b7cdc70010 JavaThread "Cancel handler"                    [_thread_blocked, id=5968, stack(0x000000c9e2c00000,0x000000c9e2d00000) (1024K)]
=>0x000002b7cdc72170 JavaThread "Daemon worker"                     [_thread_in_vm, id=4764, stack(0x000000c9e2d00000,0x000000c9e2e00000) (1024K)]
  0x000002b7cde6e340 JavaThread "Asynchronous log dispatcher for DefaultDaemonConnection: socket connection from /127.0.0.1:55082 to /127.0.0.1:55083"        [_thread_blocked, id=17740, stack(0x000000c9e2e00000,0x000000c9e2f00000) (1024K)]
  0x000002b7cde6e9d0 JavaThread "Stdin handler"                     [_thread_blocked, id=4412, stack(0x000000c9e2f00000,0x000000c9e3000000) (1024K)]
  0x000002b7cde71130 JavaThread "Daemon client event forwarder"        [_thread_blocked, id=23480, stack(0x000000c9e3000000,0x000000c9e3100000) (1024K)]
  0x000002b7cde6f6f0 JavaThread "Cache worker for journal cache (C:\Users\ajays\.gradle\caches\journal-1)"        [_thread_blocked, id=10896, stack(0x000000c9e3900000,0x000000c9e3a00000) (1024K)]
  0x000002b7cde70aa0 JavaThread "File lock request listener"        [_thread_in_native, id=13396, stack(0x000000c9e3a00000,0x000000c9e3b00000) (1024K)]
  0x000002b7cde6dcb0 JavaThread "Cache worker for file hash cache (C:\Users\ajays\.gradle\caches\8.13\fileHashes)"        [_thread_blocked, id=32708, stack(0x000000c9e3b00000,0x000000c9e3c00000) (1024K)]
  0x000002b7cde70410 JavaThread "Cache worker for file hash cache (D:\android\Teamozy\.gradle\8.13\fileHashes)"        [_thread_blocked, id=28064, stack(0x000000c9e3c00000,0x000000c9e3d00000) (1024K)]
  0x000002b7cfea35d0 JavaThread "Cache worker for Build Output Cleanup Cache (D:\android\Teamozy\.gradle\buildOutputCleanup)"        [_thread_blocked, id=25068, stack(0x000000c9e3d00000,0x000000c9e3e00000) (1024K)]
  0x000002b7cfea4980 JavaThread "File watcher server"        daemon [_thread_in_native, id=26540, stack(0x000000c9e2600000,0x000000c9e2700000) (1024K)]
  0x000002b7cfea5010 JavaThread "File watcher consumer"      daemon [_thread_blocked, id=31940, stack(0x000000c9e3e00000,0x000000c9e3f00000) (1024K)]
  0x000002b7cfea56a0 JavaThread "jar transforms"                    [_thread_blocked, id=22924, stack(0x000000c9e3f00000,0x000000c9e4000000) (1024K)]
  0x000002b7cfea5d30 JavaThread "jar transforms Thread 2"           [_thread_blocked, id=19872, stack(0x000000c9e4000000,0x000000c9e4100000) (1024K)]
  0x000002b7cfea63c0 JavaThread "Cache worker for checksums cache (D:\android\Teamozy\.gradle\8.13\checksums)"        [_thread_blocked, id=24296, stack(0x000000c9e4200000,0x000000c9e4300000) (1024K)]
  0x000002b7cfea3c60 JavaThread "Cache worker for file content cache (C:\Users\ajays\.gradle\caches\8.13\fileContent)"        [_thread_blocked, id=22672, stack(0x000000c9e4300000,0x000000c9e4400000) (1024K)]
  0x000002b7cfea42f0 JavaThread "jar transforms Thread 3"           [_thread_blocked, id=4720, stack(0x000000c9e4400000,0x000000c9e4500000) (1024K)]
  0x000002b7cfea6a50 JavaThread "Cache worker for cache directory md-supplier (C:\Users\ajays\.gradle\caches\8.13\md-supplier)"        [_thread_blocked, id=30292, stack(0x000000c9e4500000,0x000000c9e4600000) (1024K)]
  0x000002b7cfea70e0 JavaThread "Cache worker for cache directory md-rule (C:\Users\ajays\.gradle\caches\8.13\md-rule)"        [_thread_blocked, id=27676, stack(0x000000c9e4600000,0x000000c9e4700000) (1024K)]
  0x000002b7cfea7770 JavaThread "Unconstrained build operations"        [_thread_blocked, id=10408, stack(0x000000c9e2500000,0x000000c9e2600000) (1024K)]
  0x000002b7cfea7e00 JavaThread "Unconstrained build operations Thread 2"        [_thread_blocked, id=16668, stack(0x000000c9e4100000,0x000000c9e4200000) (1024K)]
  0x000002b7cfea9840 JavaThread "Unconstrained build operations Thread 3"        [_thread_blocked, id=23160, stack(0x000000c9e4700000,0x000000c9e4800000) (1024K)]
  0x000002b7cfea8490 JavaThread "Unconstrained build operations Thread 4"        [_thread_blocked, id=16624, stack(0x000000c9e4900000,0x000000c9e4a00000) (1024K)]
  0x000002b7cfea91b0 JavaThread "Unconstrained build operations Thread 5"        [_thread_blocked, id=21932, stack(0x000000c9e4a00000,0x000000c9e4b00000) (1024K)]
  0x000002b7cfea9ed0 JavaThread "Unconstrained build operations Thread 6"        [_thread_blocked, id=7688, stack(0x000000c9e4b00000,0x000000c9e4c00000) (1024K)]
  0x000002b7cf0e40b0 JavaThread "Unconstrained build operations Thread 7"        [_thread_blocked, id=10324, stack(0x000000c9e4c00000,0x000000c9e4d00000) (1024K)]
  0x000002b7cf0e2d00 JavaThread "Unconstrained build operations Thread 8"        [_thread_blocked, id=26708, stack(0x000000c9e4d00000,0x000000c9e4e00000) (1024K)]
  0x000002b7cf0e12c0 JavaThread "jar transforms Thread 4"           [_thread_blocked, id=13276, stack(0x000000c9e4e00000,0x000000c9e4f00000) (1024K)]
  0x000002b7cf0e3390 JavaThread "jar transforms Thread 5"           [_thread_blocked, id=9080, stack(0x000000c9e4f00000,0x000000c9e5000000) (1024K)]
  0x000002b7cf0e3a20 JavaThread "Unconstrained build operations Thread 9"        [_thread_blocked, id=26688, stack(0x000000c9e5000000,0x000000c9e5100000) (1024K)]
  0x000002b7cf0e1fe0 JavaThread "Unconstrained build operations Thread 10"        [_thread_blocked, id=31480, stack(0x000000c9e5100000,0x000000c9e5200000) (1024K)]
  0x000002b7cf0e0c30 JavaThread "Unconstrained build operations Thread 11"        [_thread_blocked, id=20592, stack(0x000000c9e5200000,0x000000c9e5300000) (1024K)]
  0x000002b7cf0e4dd0 JavaThread "Unconstrained build operations Thread 12"        [_thread_blocked, id=7028, stack(0x000000c9e5300000,0x000000c9e5400000) (1024K)]
  0x000002b7cf0e4740 JavaThread "jar transforms Thread 6"           [_thread_blocked, id=16700, stack(0x000000c9e5400000,0x000000c9e5500000) (1024K)]
  0x000002b7cf0e1950 JavaThread "jar transforms Thread 7"           [_thread_blocked, id=7084, stack(0x000000c9e5500000,0x000000c9e5600000) (1024K)]
  0x000002b7cf0e5460 JavaThread "jar transforms Thread 8"           [_thread_blocked, id=20148, stack(0x000000c9e5600000,0x000000c9e5700000) (1024K)]
  0x000002b7cf0e7bc0 JavaThread "Unconstrained build operations Thread 13"        [_thread_blocked, id=21112, stack(0x000000c9e5800000,0x000000c9e5900000) (1024K)]
  0x000002b7cfc641f0 JavaThread "Unconstrained build operations Thread 14"        [_thread_blocked, id=14536, stack(0x000000c9e5900000,0x000000c9e5a00000) (1024K)]
  0x000002b7cfc634d0 JavaThread "Unconstrained build operations Thread 15"        [_thread_blocked, id=8288, stack(0x000000c9e5a00000,0x000000c9e5b00000) (1024K)]
  0x000002b7cfc64880 JavaThread "Unconstrained build operations Thread 16"        [_thread_blocked, id=23464, stack(0x000000c9e5b00000,0x000000c9e5c00000) (1024K)]
  0x000002b7cfc655a0 JavaThread "Unconstrained build operations Thread 17"        [_thread_blocked, id=3092, stack(0x000000c9e5c00000,0x000000c9e5d00000) (1024K)]
  0x000002b7cfc63b60 JavaThread "Unconstrained build operations Thread 18"        [_thread_blocked, id=20988, stack(0x000000c9e5d00000,0x000000c9e5e00000) (1024K)]
  0x000002b7cfc65c30 JavaThread "Unconstrained build operations Thread 19"        [_thread_blocked, id=27100, stack(0x000000c9e5e00000,0x000000c9e5f00000) (1024K)]
  0x000002b7cfc64f10 JavaThread "Unconstrained build operations Thread 20"        [_thread_blocked, id=10836, stack(0x000000c9e5f00000,0x000000c9e6000000) (1024K)]
  0x000002b7cfc627b0 JavaThread "Unconstrained build operations Thread 21"        [_thread_blocked, id=15208, stack(0x000000c9e6000000,0x000000c9e6100000) (1024K)]
  0x000002b7cfc662c0 JavaThread "Unconstrained build operations Thread 22"        [_thread_blocked, id=31972, stack(0x000000c9e6100000,0x000000c9e6200000) (1024K)]
  0x000002b7cfc62e40 JavaThread "Unconstrained build operations Thread 23"        [_thread_blocked, id=11316, stack(0x000000c9e6200000,0x000000c9e6300000) (1024K)]
  0x000002b7cfc66950 JavaThread "Unconstrained build operations Thread 24"        [_thread_blocked, id=10536, stack(0x000000c9e6300000,0x000000c9e6400000) (1024K)]
  0x000002b7cfc690b0 JavaThread "Unconstrained build operations Thread 25"        [_thread_blocked, id=18860, stack(0x000000c9e6400000,0x000000c9e6500000) (1024K)]
  0x000002b7cfc68390 JavaThread "Unconstrained build operations Thread 26"        [_thread_blocked, id=6868, stack(0x000000c9e6500000,0x000000c9e6600000) (1024K)]
  0x000002b7cfc67670 JavaThread "Unconstrained build operations Thread 27"        [_thread_blocked, id=12868, stack(0x000000c9e6600000,0x000000c9e6700000) (1024K)]
  0x000002b7cfc67d00 JavaThread "Unconstrained build operations Thread 28"        [_thread_blocked, id=8564, stack(0x000000c9e6700000,0x000000c9e6800000) (1024K)]
  0x000002b7cfc69740 JavaThread "Unconstrained build operations Thread 29"        [_thread_blocked, id=5368, stack(0x000000c9e6800000,0x000000c9e6900000) (1024K)]
  0x000002b7d2797c00 JavaThread "Unconstrained build operations Thread 30"        [_thread_blocked, id=25460, stack(0x000000c9e6900000,0x000000c9e6a00000) (1024K)]
  0x000002b7d2798920 JavaThread "Unconstrained build operations Thread 31"        [_thread_blocked, id=27276, stack(0x000000c9e6a00000,0x000000c9e6b00000) (1024K)]
  0x000002b7d2798290 JavaThread "Unconstrained build operations Thread 32"        [_thread_blocked, id=18492, stack(0x000000c9e6b00000,0x000000c9e6c00000) (1024K)]
  0x000002b7d2798fb0 JavaThread "Unconstrained build operations Thread 33"        [_thread_blocked, id=22392, stack(0x000000c9e6c00000,0x000000c9e6d00000) (1024K)]
  0x000002b7d279a360 JavaThread "Unconstrained build operations Thread 34"        [_thread_blocked, id=26596, stack(0x000000c9e6d00000,0x000000c9e6e00000) (1024K)]
  0x000002b7d2799cd0 JavaThread "Unconstrained build operations Thread 35"        [_thread_blocked, id=10720, stack(0x000000c9e6e00000,0x000000c9e6f00000) (1024K)]
  0x000002b7d2796ee0 JavaThread "Unconstrained build operations Thread 36"        [_thread_blocked, id=31332, stack(0x000000c9e6f00000,0x000000c9e7000000) (1024K)]
  0x000002b7d279a9f0 JavaThread "Unconstrained build operations Thread 37"        [_thread_blocked, id=16556, stack(0x000000c9e7000000,0x000000c9e7100000) (1024K)]
  0x000002b7d2797570 JavaThread "Unconstrained build operations Thread 38"        [_thread_blocked, id=20472, stack(0x000000c9e7100000,0x000000c9e7200000) (1024K)]
  0x000002b7d279c430 JavaThread "Unconstrained build operations Thread 39"        [_thread_blocked, id=32580, stack(0x000000c9e7200000,0x000000c9e7300000) (1024K)]
  0x000002b7d279b080 JavaThread "Unconstrained build operations Thread 40"        [_thread_blocked, id=7328, stack(0x000000c9e7300000,0x000000c9e7400000) (1024K)]
  0x000002b7d279b710 JavaThread "Unconstrained build operations Thread 41"        [_thread_blocked, id=12808, stack(0x000000c9e7400000,0x000000c9e7500000) (1024K)]
  0x000002b7d279cac0 JavaThread "Unconstrained build operations Thread 42"        [_thread_blocked, id=30556, stack(0x000000c9e7500000,0x000000c9e7600000) (1024K)]
  0x000002b7d279bda0 JavaThread "Unconstrained build operations Thread 43"        [_thread_blocked, id=25184, stack(0x000000c9e7600000,0x000000c9e7700000) (1024K)]
  0x000002b7d279de70 JavaThread "Unconstrained build operations Thread 44"        [_thread_blocked, id=7640, stack(0x000000c9e7700000,0x000000c9e7800000) (1024K)]
  0x000002b7cfc66fe0 JavaThread "build event listener"              [_thread_blocked, id=8620, stack(0x000000c9e7800000,0x000000c9e7900000) (1024K)]
  0x000002b7cfc69dd0 JavaThread "Memory manager"                    [_thread_blocked, id=1084, stack(0x000000c9e7900000,0x000000c9e7a00000) (1024K)]
  0x000002b7d36972f0 JavaThread "build event listener"              [_thread_blocked, id=1320, stack(0x000000c9e5700000,0x000000c9e5800000) (1024K)]
Total: 87

Other Threads:
  0x000002b7c74458e0 VMThread "VM Thread"                           [id=29756, stack(0x000000c9e1a00000,0x000000c9e1b00000) (1024K)]
  0x000002b7c73eb860 WatcherThread "VM Periodic Task Thread"        [id=12928, stack(0x000000c9e1900000,0x000000c9e1a00000) (1024K)]
  0x000002b7b0790f90 WorkerThread "GC Thread#0"                     [id=13540, stack(0x000000c9e1400000,0x000000c9e1500000) (1024K)]
  0x000002b7cdaa0640 WorkerThread "GC Thread#1"                     [id=27164, stack(0x000000c9e3100000,0x000000c9e3200000) (1024K)]
  0x000002b7cda9fb60 WorkerThread "GC Thread#2"                     [id=1480, stack(0x000000c9e3200000,0x000000c9e3300000) (1024K)]
  0x000002b7cda9f420 WorkerThread "GC Thread#3"                     [id=18732, stack(0x000000c9e3300000,0x000000c9e3400000) (1024K)]
  0x000002b7cdaa09e0 WorkerThread "GC Thread#4"                     [id=8228, stack(0x000000c9e3400000,0x000000c9e3500000) (1024K)]
  0x000002b7cdaa0d80 WorkerThread "GC Thread#5"                     [id=25220, stack(0x000000c9e3500000,0x000000c9e3600000) (1024K)]
  0x000002b7cdd99eb0 WorkerThread "GC Thread#6"                     [id=18080, stack(0x000000c9e3600000,0x000000c9e3700000) (1024K)]
  0x000002b7cdd981b0 WorkerThread "GC Thread#7"                     [id=7972, stack(0x000000c9e3700000,0x000000c9e3800000) (1024K)]
  0x000002b7b079ecc0 ConcurrentGCThread "G1 Main Marker"            [id=19956, stack(0x000000c9e1500000,0x000000c9e1600000) (1024K)]
  0x000002b7b079f6d0 WorkerThread "G1 Conc#0"                       [id=24356, stack(0x000000c9e1600000,0x000000c9e1700000) (1024K)]
  0x000002b7cdd97e10 WorkerThread "G1 Conc#1"                       [id=5080, stack(0x000000c9e3800000,0x000000c9e3900000) (1024K)]
  0x000002b7c733cb10 ConcurrentGCThread "G1 Refine#0"               [id=16720, stack(0x000000c9e1700000,0x000000c9e1800000) (1024K)]
  0x000002b7c733e440 ConcurrentGCThread "G1 Service"                [id=21768, stack(0x000000c9e1800000,0x000000c9e1900000) (1024K)]
Total: 15

Threads with active compile tasks:
C2 CompilerThread0  11223 10583       4       java.security.SecureClassLoader::defineClass (16 bytes)
Total: 1

VM state: not at safepoint (normal execution)

VM Mutex/Monitor currently owned by a thread:  ([mutex/lock_event])
[0x00007ffe679c6438] Metaspace_lock - owner thread: 0x000002b7cdc72170

Heap address: 0x00000000a0000000, size: 1536 MB, Compressed Oops mode: 32-bit

CDS archive(s) not mapped
Compressed class space mapped at: 0x0000000100000000-0x0000000140000000, reserved size: 1073741824
Narrow klass base: 0x0000000000000000, Narrow klass shift: 3, Narrow klass range: 0x140000000

GC Precious Log:
 CardTable entry size: 512
 Card Set container configuration: InlinePtr #cards 5 size 8 Array Of Cards #cards 12 size 40 Howl #buckets 4 coarsen threshold 1843 Howl Bitmap #cards 512 size 80 coarsen threshold 460 Card regions per heap region 1 cards per card region 2048
 CPUs: 8 total, 8 available
 Memory: 16153M
 Large Page Support: Disabled
 NUMA Support: Disabled
 Compressed Oops: Enabled (32-bit)
 Heap Region Size: 1M
 Heap Min Capacity: 8M
 Heap Initial Capacity: 254M
 Heap Max Capacity: 1536M
 Pre-touch: Disabled
 Parallel Workers: 8
 Concurrent Workers: 2
 Concurrent Refinement Workers: 8
 Periodic GC: Disabled

Heap:
 garbage-first heap   total 147456K, used 125230K [0x00000000a0000000, 0x0000000100000000)
  region size 1024K, 39 young (39936K), 6 survivors (6144K)
 Metaspace       used 95097K, committed 97024K, reserved 1179648K
  class space    used 13228K, committed 14208K, reserved 1048576K

Heap Regions: E=young(eden), S=young(survivor), O=old, HS=humongous(starts), HC=humongous(continues), CS=collection set, F=free, TAMS=top-at-mark-start, PB=parsable bottom
|   0|0x00000000a0000000, 0x00000000a0100000, 0x00000000a0100000|100%|HS|  |TAMS 0x00000000a0000000| PB 0x00000000a0000000| Complete 
|   1|0x00000000a0100000, 0x00000000a0200000, 0x00000000a0200000|100%|HC|  |TAMS 0x00000000a0100000| PB 0x00000000a0100000| Complete 
|   2|0x00000000a0200000, 0x00000000a0300000, 0x00000000a0300000|100%|HC|  |TAMS 0x00000000a0200000| PB 0x00000000a0200000| Complete 
|   3|0x00000000a0300000, 0x00000000a0400000, 0x00000000a0400000|100%|HS|  |TAMS 0x00000000a0300000| PB 0x00000000a0300000| Complete 
|   4|0x00000000a0400000, 0x00000000a0500000, 0x00000000a0500000|100%| O|  |TAMS 0x00000000a0400000| PB 0x00000000a0400000| Untracked 
|   5|0x00000000a0500000, 0x00000000a0600000, 0x00000000a0600000|100%| O|  |TAMS 0x00000000a0500000| PB 0x00000000a0500000| Untracked 
|   6|0x00000000a0600000, 0x00000000a0700000, 0x00000000a0700000|100%| O|  |TAMS 0x00000000a0600000| PB 0x00000000a0600000| Untracked 
|   7|0x00000000a0700000, 0x00000000a0800000, 0x00000000a0800000|100%| O|  |TAMS 0x00000000a0700000| PB 0x00000000a0700000| Untracked 
|   8|0x00000000a0800000, 0x00000000a0900000, 0x00000000a0900000|100%| O|  |TAMS 0x00000000a0800000| PB 0x00000000a0800000| Untracked 
|   9|0x00000000a0900000, 0x00000000a0a00000, 0x00000000a0a00000|100%| O|  |TAMS 0x00000000a0900000| PB 0x00000000a0900000| Untracked 
|  10|0x00000000a0a00000, 0x00000000a0b00000, 0x00000000a0b00000|100%| O|  |TAMS 0x00000000a0a00000| PB 0x00000000a0a00000| Untracked 
|  11|0x00000000a0b00000, 0x00000000a0c00000, 0x00000000a0c00000|100%| O|  |TAMS 0x00000000a0b00000| PB 0x00000000a0b00000| Untracked 
|  12|0x00000000a0c00000, 0x00000000a0d00000, 0x00000000a0d00000|100%| O|  |TAMS 0x00000000a0c00000| PB 0x00000000a0c00000| Untracked 
|  13|0x00000000a0d00000, 0x00000000a0e00000, 0x00000000a0e00000|100%| O|  |TAMS 0x00000000a0d00000| PB 0x00000000a0d00000| Untracked 
|  14|0x00000000a0e00000, 0x00000000a0f00000, 0x00000000a0f00000|100%| O|  |TAMS 0x00000000a0e00000| PB 0x00000000a0e00000| Untracked 
|  15|0x00000000a0f00000, 0x00000000a1000000, 0x00000000a1000000|100%| O|  |TAMS 0x00000000a0f00000| PB 0x00000000a0f00000| Untracked 
|  16|0x00000000a1000000, 0x00000000a1100000, 0x00000000a1100000|100%| O|  |TAMS 0x00000000a1000000| PB 0x00000000a1000000| Untracked 
|  17|0x00000000a1100000, 0x00000000a1200000, 0x00000000a1200000|100%| O|  |TAMS 0x00000000a1100000| PB 0x00000000a1100000| Untracked 
|  18|0x00000000a1200000, 0x00000000a1300000, 0x00000000a1300000|100%| O|  |TAMS 0x00000000a1200000| PB 0x00000000a1200000| Untracked 
|  19|0x00000000a1300000, 0x00000000a1400000, 0x00000000a1400000|100%| O|  |TAMS 0x00000000a1300000| PB 0x00000000a1300000| Untracked 
|  20|0x00000000a1400000, 0x00000000a1500000, 0x00000000a1500000|100%| O|  |TAMS 0x00000000a1400000| PB 0x00000000a1400000| Untracked 
|  21|0x00000000a1500000, 0x00000000a1600000, 0x00000000a1600000|100%| O|  |TAMS 0x00000000a1500000| PB 0x00000000a1500000| Untracked 
|  22|0x00000000a1600000, 0x00000000a1700000, 0x00000000a1700000|100%| O|  |TAMS 0x00000000a1600000| PB 0x00000000a1600000| Untracked 
|  23|0x00000000a1700000, 0x00000000a1800000, 0x00000000a1800000|100%| O|  |TAMS 0x00000000a1700000| PB 0x00000000a1700000| Untracked 
|  24|0x00000000a1800000, 0x00000000a1900000, 0x00000000a1900000|100%| O|  |TAMS 0x00000000a1800000| PB 0x00000000a1800000| Untracked 
|  25|0x00000000a1900000, 0x00000000a1a00000, 0x00000000a1a00000|100%| O|  |TAMS 0x00000000a1900000| PB 0x00000000a1900000| Untracked 
|  26|0x00000000a1a00000, 0x00000000a1b00000, 0x00000000a1b00000|100%| O|  |TAMS 0x00000000a1a00000| PB 0x00000000a1a00000| Untracked 
|  27|0x00000000a1b00000, 0x00000000a1c00000, 0x00000000a1c00000|100%| O|  |TAMS 0x00000000a1b00000| PB 0x00000000a1b00000| Untracked 
|  28|0x00000000a1c00000, 0x00000000a1d00000, 0x00000000a1d00000|100%| O|  |TAMS 0x00000000a1c00000| PB 0x00000000a1c00000| Untracked 
|  29|0x00000000a1d00000, 0x00000000a1e00000, 0x00000000a1e00000|100%| O|  |TAMS 0x00000000a1d00000| PB 0x00000000a1d00000| Untracked 
|  30|0x00000000a1e00000, 0x00000000a1f00000, 0x00000000a1f00000|100%| O|  |TAMS 0x00000000a1e00000| PB 0x00000000a1e00000| Untracked 
|  31|0x00000000a1f00000, 0x00000000a2000000, 0x00000000a2000000|100%| O|  |TAMS 0x00000000a1f00000| PB 0x00000000a1f00000| Untracked 
|  32|0x00000000a2000000, 0x00000000a2100000, 0x00000000a2100000|100%| O|  |TAMS 0x00000000a2000000| PB 0x00000000a2000000| Untracked 
|  33|0x00000000a2100000, 0x00000000a2200000, 0x00000000a2200000|100%| O|  |TAMS 0x00000000a2100000| PB 0x00000000a2100000| Untracked 
|  34|0x00000000a2200000, 0x00000000a2300000, 0x00000000a2300000|100%| O|  |TAMS 0x00000000a2200000| PB 0x00000000a2200000| Untracked 
|  35|0x00000000a2300000, 0x00000000a2400000, 0x00000000a2400000|100%| O|  |TAMS 0x00000000a2300000| PB 0x00000000a2300000| Untracked 
|  36|0x00000000a2400000, 0x00000000a2500000, 0x00000000a2500000|100%| O|  |TAMS 0x00000000a2400000| PB 0x00000000a2400000| Untracked 
|  37|0x00000000a2500000, 0x00000000a2600000, 0x00000000a2600000|100%| O|  |TAMS 0x00000000a2500000| PB 0x00000000a2500000| Untracked 
|  38|0x00000000a2600000, 0x00000000a2700000, 0x00000000a2700000|100%| O|  |TAMS 0x00000000a2600000| PB 0x00000000a2600000| Untracked 
|  39|0x00000000a2700000, 0x00000000a2800000, 0x00000000a2800000|100%| O|Cm|TAMS 0x00000000a2700000| PB 0x00000000a2700000| Complete 
|  40|0x00000000a2800000, 0x00000000a2900000, 0x00000000a2900000|100%| O|  |TAMS 0x00000000a2800000| PB 0x00000000a2800000| Untracked 
|  41|0x00000000a2900000, 0x00000000a2a00000, 0x00000000a2a00000|100%|HS|  |TAMS 0x00000000a2900000| PB 0x00000000a2900000| Complete 
|  42|0x00000000a2a00000, 0x00000000a2b00000, 0x00000000a2b00000|100%| O|  |TAMS 0x00000000a2a00000| PB 0x00000000a2a00000| Untracked 
|  43|0x00000000a2b00000, 0x00000000a2c00000, 0x00000000a2c00000|100%| O|  |TAMS 0x00000000a2b00000| PB 0x00000000a2b00000| Untracked 
|  44|0x00000000a2c00000, 0x00000000a2d00000, 0x00000000a2d00000|100%| O|  |TAMS 0x00000000a2c00000| PB 0x00000000a2c00000| Untracked 
|  45|0x00000000a2d00000, 0x00000000a2e00000, 0x00000000a2e00000|100%| O|  |TAMS 0x00000000a2d00000| PB 0x00000000a2d00000| Untracked 
|  46|0x00000000a2e00000, 0x00000000a2f00000, 0x00000000a2f00000|100%| O|  |TAMS 0x00000000a2e00000| PB 0x00000000a2e00000| Untracked 
|  47|0x00000000a2f00000, 0x00000000a3000000, 0x00000000a3000000|100%|HS|  |TAMS 0x00000000a2f00000| PB 0x00000000a2f00000| Complete 
|  48|0x00000000a3000000, 0x00000000a3100000, 0x00000000a3100000|100%| O|  |TAMS 0x00000000a3000000| PB 0x00000000a3000000| Untracked 
|  49|0x00000000a3100000, 0x00000000a3200000, 0x00000000a3200000|100%| O|  |TAMS 0x00000000a3100000| PB 0x00000000a3100000| Untracked 
|  50|0x00000000a3200000, 0x00000000a3300000, 0x00000000a3300000|100%|HS|  |TAMS 0x00000000a3200000| PB 0x00000000a3200000| Complete 
|  51|0x00000000a3300000, 0x00000000a3400000, 0x00000000a3400000|100%|HC|  |TAMS 0x00000000a3300000| PB 0x00000000a3300000| Complete 
|  52|0x00000000a3400000, 0x00000000a3500000, 0x00000000a3500000|100%|HS|  |TAMS 0x00000000a3400000| PB 0x00000000a3400000| Complete 
|  53|0x00000000a3500000, 0x00000000a3600000, 0x00000000a3600000|100%| O|  |TAMS 0x00000000a3500000| PB 0x00000000a3500000| Untracked 
|  54|0x00000000a3600000, 0x00000000a3700000, 0x00000000a3700000|100%|HS|  |TAMS 0x00000000a3600000| PB 0x00000000a3600000| Complete 
|  55|0x00000000a3700000, 0x00000000a3800000, 0x00000000a3800000|100%| O|  |TAMS 0x00000000a3700000| PB 0x00000000a3700000| Untracked 
|  56|0x00000000a3800000, 0x00000000a3900000, 0x00000000a3900000|100%| O|  |TAMS 0x00000000a3800000| PB 0x00000000a3800000| Untracked 
|  57|0x00000000a3900000, 0x00000000a3a00000, 0x00000000a3a00000|100%| O|  |TAMS 0x00000000a3900000| PB 0x00000000a3900000| Untracked 
|  58|0x00000000a3a00000, 0x00000000a3b00000, 0x00000000a3b00000|100%|HS|  |TAMS 0x00000000a3a00000| PB 0x00000000a3a00000| Complete 
|  59|0x00000000a3b00000, 0x00000000a3c00000, 0x00000000a3c00000|100%|HC|  |TAMS 0x00000000a3b00000| PB 0x00000000a3b00000| Complete 
|  60|0x00000000a3c00000, 0x00000000a3d00000, 0x00000000a3d00000|100%|HS|  |TAMS 0x00000000a3c00000| PB 0x00000000a3c00000| Complete 
|  61|0x00000000a3d00000, 0x00000000a3e00000, 0x00000000a3e00000|100%|HC|  |TAMS 0x00000000a3d00000| PB 0x00000000a3d00000| Complete 
|  62|0x00000000a3e00000, 0x00000000a3f00000, 0x00000000a3f00000|100%|HC|  |TAMS 0x00000000a3e00000| PB 0x00000000a3e00000| Complete 
|  63|0x00000000a3f00000, 0x00000000a4000000, 0x00000000a4000000|100%|HS|  |TAMS 0x00000000a3f00000| PB 0x00000000a3f00000| Complete 
|  64|0x00000000a4000000, 0x00000000a4100000, 0x00000000a4100000|100%|HS|  |TAMS 0x00000000a4000000| PB 0x00000000a4000000| Complete 
|  65|0x00000000a4100000, 0x00000000a4200000, 0x00000000a4200000|100%| O|  |TAMS 0x00000000a4100000| PB 0x00000000a4100000| Untracked 
|  66|0x00000000a4200000, 0x00000000a4300000, 0x00000000a4300000|100%| O|  |TAMS 0x00000000a4200000| PB 0x00000000a4200000| Untracked 
|  67|0x00000000a4300000, 0x00000000a4400000, 0x00000000a4400000|100%| O|  |TAMS 0x00000000a4300000| PB 0x00000000a4300000| Untracked 
|  68|0x00000000a4400000, 0x00000000a4500000, 0x00000000a4500000|100%| O|  |TAMS 0x00000000a4400000| PB 0x00000000a4400000| Untracked 
|  69|0x00000000a4500000, 0x00000000a4600000, 0x00000000a4600000|100%|HS|  |TAMS 0x00000000a4500000| PB 0x00000000a4500000| Complete 
|  70|0x00000000a4600000, 0x00000000a4700000, 0x00000000a4700000|100%| O|  |TAMS 0x00000000a4600000| PB 0x00000000a4600000| Untracked 
|  71|0x00000000a4700000, 0x00000000a4800000, 0x00000000a4800000|100%| O|  |TAMS 0x00000000a4700000| PB 0x00000000a4700000| Untracked 
|  72|0x00000000a4800000, 0x00000000a4900000, 0x00000000a4900000|100%|HS|  |TAMS 0x00000000a4800000| PB 0x00000000a4800000| Complete 
|  73|0x00000000a4900000, 0x00000000a4a00000, 0x00000000a4a00000|100%|HC|  |TAMS 0x00000000a4900000| PB 0x00000000a4900000| Complete 
|  74|0x00000000a4a00000, 0x00000000a4b00000, 0x00000000a4b00000|100%|HC|  |TAMS 0x00000000a4a00000| PB 0x00000000a4a00000| Complete 
|  75|0x00000000a4b00000, 0x00000000a4b00000, 0x00000000a4c00000|  0%| F|  |TAMS 0x00000000a4b00000| PB 0x00000000a4b00000| Untracked 
|  76|0x00000000a4c00000, 0x00000000a4d00000, 0x00000000a4d00000|100%| O|  |TAMS 0x00000000a4c00000| PB 0x00000000a4c00000| Untracked 
|  77|0x00000000a4d00000, 0x00000000a4d25d40, 0x00000000a4e00000| 14%| O|  |TAMS 0x00000000a4d00000| PB 0x00000000a4d00000| Untracked 
|  78|0x00000000a4e00000, 0x00000000a4e00000, 0x00000000a4f00000|  0%| F|  |TAMS 0x00000000a4e00000| PB 0x00000000a4e00000| Untracked 
|  79|0x00000000a4f00000, 0x00000000a4f00000, 0x00000000a5000000|  0%| F|  |TAMS 0x00000000a4f00000| PB 0x00000000a4f00000| Untracked 
|  80|0x00000000a5000000, 0x00000000a5025cc0, 0x00000000a5100000| 14%| S|CS|TAMS 0x00000000a5000000| PB 0x00000000a5000000| Complete 
|  81|0x00000000a5100000, 0x00000000a5200000, 0x00000000a5200000|100%| S|CS|TAMS 0x00000000a5100000| PB 0x00000000a5100000| Complete 
|  82|0x00000000a5200000, 0x00000000a5300000, 0x00000000a5300000|100%| S|CS|TAMS 0x00000000a5200000| PB 0x00000000a5200000| Complete 
|  83|0x00000000a5300000, 0x00000000a5400000, 0x00000000a5400000|100%| S|CS|TAMS 0x00000000a5300000| PB 0x00000000a5300000| Complete 
|  84|0x00000000a5400000, 0x00000000a5400000, 0x00000000a5500000|  0%| F|  |TAMS 0x00000000a5400000| PB 0x00000000a5400000| Untracked 
|  85|0x00000000a5500000, 0x00000000a5500000, 0x00000000a5600000|  0%| F|  |TAMS 0x00000000a5500000| PB 0x00000000a5500000| Untracked 
|  86|0x00000000a5600000, 0x00000000a5600000, 0x00000000a5700000|  0%| F|  |TAMS 0x00000000a5600000| PB 0x00000000a5600000| Untracked 
|  87|0x00000000a5700000, 0x00000000a5800000, 0x00000000a5800000|100%| S|CS|TAMS 0x00000000a5700000| PB 0x00000000a5700000| Complete 
|  88|0x00000000a5800000, 0x00000000a5900000, 0x00000000a5900000|100%| S|CS|TAMS 0x00000000a5800000| PB 0x00000000a5800000| Complete 
|  89|0x00000000a5900000, 0x00000000a5900000, 0x00000000a5a00000|  0%| F|  |TAMS 0x00000000a5900000| PB 0x00000000a5900000| Untracked 
|  90|0x00000000a5a00000, 0x00000000a5a00000, 0x00000000a5b00000|  0%| F|  |TAMS 0x00000000a5a00000| PB 0x00000000a5a00000| Untracked 
|  91|0x00000000a5b00000, 0x00000000a5b00000, 0x00000000a5c00000|  0%| F|  |TAMS 0x00000000a5b00000| PB 0x00000000a5b00000| Untracked 
|  92|0x00000000a5c00000, 0x00000000a5c00000, 0x00000000a5d00000|  0%| F|  |TAMS 0x00000000a5c00000| PB 0x00000000a5c00000| Untracked 
|  93|0x00000000a5d00000, 0x00000000a5d00000, 0x00000000a5e00000|  0%| F|  |TAMS 0x00000000a5d00000| PB 0x00000000a5d00000| Untracked 
|  94|0x00000000a5e00000, 0x00000000a5e00000, 0x00000000a5f00000|  0%| F|  |TAMS 0x00000000a5e00000| PB 0x00000000a5e00000| Untracked 
|  95|0x00000000a5f00000, 0x00000000a5f00000, 0x00000000a6000000|  0%| F|  |TAMS 0x00000000a5f00000| PB 0x00000000a5f00000| Untracked 
|  96|0x00000000a6000000, 0x00000000a6000000, 0x00000000a6100000|  0%| F|  |TAMS 0x00000000a6000000| PB 0x00000000a6000000| Untracked 
|  97|0x00000000a6100000, 0x00000000a6100000, 0x00000000a6200000|  0%| F|  |TAMS 0x00000000a6100000| PB 0x00000000a6100000| Untracked 
|  98|0x00000000a6200000, 0x00000000a6200000, 0x00000000a6300000|  0%| F|  |TAMS 0x00000000a6200000| PB 0x00000000a6200000| Untracked 
|  99|0x00000000a6300000, 0x00000000a6300000, 0x00000000a6400000|  0%| F|  |TAMS 0x00000000a6300000| PB 0x00000000a6300000| Untracked 
| 100|0x00000000a6400000, 0x00000000a6400000, 0x00000000a6500000|  0%| F|  |TAMS 0x00000000a6400000| PB 0x00000000a6400000| Untracked 
| 101|0x00000000a6500000, 0x00000000a6500000, 0x00000000a6600000|  0%| F|  |TAMS 0x00000000a6500000| PB 0x00000000a6500000| Untracked 
| 102|0x00000000a6600000, 0x00000000a6700000, 0x00000000a6700000|100%| E|  |TAMS 0x00000000a6600000| PB 0x00000000a6600000| Complete 
| 103|0x00000000a6700000, 0x00000000a6800000, 0x00000000a6800000|100%| E|CS|TAMS 0x00000000a6700000| PB 0x00000000a6700000| Complete 
| 104|0x00000000a6800000, 0x00000000a6900000, 0x00000000a6900000|100%| E|CS|TAMS 0x00000000a6800000| PB 0x00000000a6800000| Complete 
| 105|0x00000000a6900000, 0x00000000a6a00000, 0x00000000a6a00000|100%| E|CS|TAMS 0x00000000a6900000| PB 0x00000000a6900000| Complete 
| 106|0x00000000a6a00000, 0x00000000a6b00000, 0x00000000a6b00000|100%| E|CS|TAMS 0x00000000a6a00000| PB 0x00000000a6a00000| Complete 
| 107|0x00000000a6b00000, 0x00000000a6c00000, 0x00000000a6c00000|100%| E|CS|TAMS 0x00000000a6b00000| PB 0x00000000a6b00000| Complete 
| 108|0x00000000a6c00000, 0x00000000a6d00000, 0x00000000a6d00000|100%| E|CS|TAMS 0x00000000a6c00000| PB 0x00000000a6c00000| Complete 
| 109|0x00000000a6d00000, 0x00000000a6e00000, 0x00000000a6e00000|100%| E|CS|TAMS 0x00000000a6d00000| PB 0x00000000a6d00000| Complete 
| 110|0x00000000a6e00000, 0x00000000a6f00000, 0x00000000a6f00000|100%| E|CS|TAMS 0x00000000a6e00000| PB 0x00000000a6e00000| Complete 
| 111|0x00000000a6f00000, 0x00000000a7000000, 0x00000000a7000000|100%| E|CS|TAMS 0x00000000a6f00000| PB 0x00000000a6f00000| Complete 
| 112|0x00000000a7000000, 0x00000000a7100000, 0x00000000a7100000|100%| E|CS|TAMS 0x00000000a7000000| PB 0x00000000a7000000| Complete 
| 113|0x00000000a7100000, 0x00000000a7200000, 0x00000000a7200000|100%| E|CS|TAMS 0x00000000a7100000| PB 0x00000000a7100000| Complete 
| 114|0x00000000a7200000, 0x00000000a7300000, 0x00000000a7300000|100%| E|CS|TAMS 0x00000000a7200000| PB 0x00000000a7200000| Complete 
| 115|0x00000000a7300000, 0x00000000a7400000, 0x00000000a7400000|100%| E|CS|TAMS 0x00000000a7300000| PB 0x00000000a7300000| Complete 
| 116|0x00000000a7400000, 0x00000000a7500000, 0x00000000a7500000|100%| E|CS|TAMS 0x00000000a7400000| PB 0x00000000a7400000| Complete 
| 117|0x00000000a7500000, 0x00000000a7600000, 0x00000000a7600000|100%| E|CS|TAMS 0x00000000a7500000| PB 0x00000000a7500000| Complete 
| 118|0x00000000a7600000, 0x00000000a7700000, 0x00000000a7700000|100%| E|CS|TAMS 0x00000000a7600000| PB 0x00000000a7600000| Complete 
| 119|0x00000000a7700000, 0x00000000a7800000, 0x00000000a7800000|100%| E|CS|TAMS 0x00000000a7700000| PB 0x00000000a7700000| Complete 
| 120|0x00000000a7800000, 0x00000000a7900000, 0x00000000a7900000|100%| E|CS|TAMS 0x00000000a7800000| PB 0x00000000a7800000| Complete 
| 121|0x00000000a7900000, 0x00000000a7a00000, 0x00000000a7a00000|100%| E|CS|TAMS 0x00000000a7900000| PB 0x00000000a7900000| Complete 
| 122|0x00000000a7a00000, 0x00000000a7b00000, 0x00000000a7b00000|100%| E|CS|TAMS 0x00000000a7a00000| PB 0x00000000a7a00000| Complete 
| 123|0x00000000a7b00000, 0x00000000a7c00000, 0x00000000a7c00000|100%| E|CS|TAMS 0x00000000a7b00000| PB 0x00000000a7b00000| Complete 
| 124|0x00000000a7c00000, 0x00000000a7d00000, 0x00000000a7d00000|100%| E|CS|TAMS 0x00000000a7c00000| PB 0x00000000a7c00000| Complete 
| 125|0x00000000a7d00000, 0x00000000a7e00000, 0x00000000a7e00000|100%| E|CS|TAMS 0x00000000a7d00000| PB 0x00000000a7d00000| Complete 
| 126|0x00000000a7e00000, 0x00000000a7f00000, 0x00000000a7f00000|100%| E|CS|TAMS 0x00000000a7e00000| PB 0x00000000a7e00000| Complete 
| 127|0x00000000a7f00000, 0x00000000a8000000, 0x00000000a8000000|100%| E|CS|TAMS 0x00000000a7f00000| PB 0x00000000a7f00000| Complete 
| 128|0x00000000a8000000, 0x00000000a8100000, 0x00000000a8100000|100%| E|CS|TAMS 0x00000000a8000000| PB 0x00000000a8000000| Complete 
| 129|0x00000000a8100000, 0x00000000a8200000, 0x00000000a8200000|100%| E|CS|TAMS 0x00000000a8100000| PB 0x00000000a8100000| Complete 
| 130|0x00000000a8200000, 0x00000000a8300000, 0x00000000a8300000|100%| E|CS|TAMS 0x00000000a8200000| PB 0x00000000a8200000| Complete 
| 249|0x00000000af900000, 0x00000000afa00000, 0x00000000afa00000|100%| E|CS|TAMS 0x00000000af900000| PB 0x00000000af900000| Complete 
| 250|0x00000000afa00000, 0x00000000afb00000, 0x00000000afb00000|100%| E|CS|TAMS 0x00000000afa00000| PB 0x00000000afa00000| Complete 
| 253|0x00000000afd00000, 0x00000000afe00000, 0x00000000afe00000|100%| E|CS|TAMS 0x00000000afd00000| PB 0x00000000afd00000| Complete 
|1526|0x00000000ff600000, 0x00000000ff700000, 0x00000000ff700000|100%| O|Cm|TAMS 0x00000000ff600000| PB 0x00000000ff600000| Complete 
|1527|0x00000000ff700000, 0x00000000ff800000, 0x00000000ff800000|100%| O|  |TAMS 0x00000000ff700000| PB 0x00000000ff700000| Untracked 
|1528|0x00000000ff800000, 0x00000000ff900000, 0x00000000ff900000|100%| O|  |TAMS 0x00000000ff800000| PB 0x00000000ff800000| Untracked 
|1529|0x00000000ff900000, 0x00000000ffa00000, 0x00000000ffa00000|100%| O|  |TAMS 0x00000000ff900000| PB 0x00000000ff900000| Untracked 
|1530|0x00000000ffa00000, 0x00000000ffb00000, 0x00000000ffb00000|100%| O|  |TAMS 0x00000000ffa00000| PB 0x00000000ffa00000| Untracked 
|1531|0x00000000ffb00000, 0x00000000ffc00000, 0x00000000ffc00000|100%| O|  |TAMS 0x00000000ffb00000| PB 0x00000000ffb00000| Untracked 
|1532|0x00000000ffc00000, 0x00000000ffd00000, 0x00000000ffd00000|100%| O|  |TAMS 0x00000000ffc00000| PB 0x00000000ffc00000| Untracked 
|1533|0x00000000ffd00000, 0x00000000ffe00000, 0x00000000ffe00000|100%| E|CS|TAMS 0x00000000ffd00000| PB 0x00000000ffd00000| Complete 
|1534|0x00000000ffe00000, 0x00000000fff00000, 0x00000000fff00000|100%| O|  |TAMS 0x00000000ffe00000| PB 0x00000000ffe00000| Untracked 
|1535|0x00000000fff00000, 0x0000000100000000, 0x0000000100000000|100%| O|  |TAMS 0x00000000fff00000| PB 0x00000000fff00000| Untracked 

Card table byte_map: [0x000002b7c2ee0000,0x000002b7c31e0000] _byte_map_base: 0x000002b7c29e0000

Marking Bits: (CMBitMap*) 0x000002b7b07915a0
 Bits: [0x000002b7c31e0000, 0x000002b7c49e0000)

Polling page: 0x000002b7ae820000

Metaspace:

Usage:
  Non-class:     79.95 MB used.
      Class:     12.92 MB used.
       Both:     92.87 MB used.

Virtual space:
  Non-class space:      128.00 MB reserved,      80.88 MB ( 63%) committed,  2 nodes.
      Class space:        1.00 GB reserved,      13.88 MB (  1%) committed,  1 nodes.
             Both:        1.12 GB reserved,      94.75 MB (  8%) committed. 

Chunk freelists:
   Non-Class:  15.05 MB
       Class:  1.98 MB
        Both:  17.03 MB

MaxMetaspaceSize: unlimited
CompressedClassSpaceSize: 1.00 GB
Initial GC threshold: 21.00 MB
Current GC threshold: 146.88 MB
CDS: off
 - commit_granule_bytes: 65536.
 - commit_granule_words: 8192.
 - virtual_space_node_default_size: 8388608.
 - enlarge_chunks_in_place: 1.
 - use_allocation_guard: 0.


Internal statistics:

num_allocs_failed_limit: 9.
num_arena_births: 3812.
num_arena_deaths: 0.
num_vsnodes_births: 3.
num_vsnodes_deaths: 0.
num_space_committed: 1516.
num_space_uncommitted: 0.
num_chunks_returned_to_freelist: 9.
num_chunks_taken_from_freelist: 7841.
num_chunk_merges: 9.
num_chunk_splits: 5075.
num_chunks_enlarged: 3122.
num_inconsistent_stats: 0.

CodeHeap 'non-profiled nmethods': size=120000Kb used=5651Kb max_used=5651Kb free=114348Kb
 bounds [0x000002b7bb370000, 0x000002b7bb900000, 0x000002b7c28a0000]
CodeHeap 'profiled nmethods': size=120000Kb used=16445Kb max_used=16445Kb free=103554Kb
 bounds [0x000002b7b38a0000, 0x000002b7b48b0000, 0x000002b7badd0000]
CodeHeap 'non-nmethods': size=5760Kb used=2825Kb max_used=2844Kb free=2934Kb
 bounds [0x000002b7badd0000, 0x000002b7bb0a0000, 0x000002b7bb370000]
CodeCache: size=245760Kb, used=24921Kb, max_used=24940Kb, free=220836Kb
 total_blobs=9982, nmethods=9032, adapters=854, full_count=0
Compilation: enabled, stopped_count=0, restarted_count=0

Compilation events (20 events):
Event: 11.174 Thread 0x000002b7c7595620 10592       3       org.gradle.api.internal.DefaultCollectionCallbackActionDecorator$Operation::description (20 bytes)
Event: 11.174 Thread 0x000002b7c7595620 nmethod 10592 0x000002b7b48a4690 code [0x000002b7b48a4880, 0x000002b7b48a4ee0]
Event: 11.174 Thread 0x000002b7c7595620 10593       3       org.gradle.api.internal.DefaultCollectionCallbackActionDecorator$OperationDetails::<init> (10 bytes)
Event: 11.174 Thread 0x000002b7c7595620 nmethod 10593 0x000002b7b48a5110 code [0x000002b7b48a52c0, 0x000002b7b48a5478]
Event: 11.174 Thread 0x000002b7c7595620 10594       3       org.gradle.api.internal.DefaultCollectionCallbackActionDecorator$BuildOperationEmittingAction$1::run (26 bytes)
Event: 11.174 Thread 0x000002b7c7595620 nmethod 10594 0x000002b7b48a5510 code [0x000002b7b48a56e0, 0x000002b7b48a5988]
Event: 11.174 Thread 0x000002b7c7595620 10595   !   3       org.gradle.internal.code.DefaultUserCodeApplicationContext$CurrentApplication$1::execute (79 bytes)
Event: 11.174 Thread 0x000002b7c7595620 nmethod 10595 0x000002b7b48a5b10 code [0x000002b7b48a5d40, 0x000002b7b48a6408]
Event: 11.174 Thread 0x000002b7c7595620 10596       3       org.gradle.api.internal.artifacts.configurations.DefaultConfiguration::withDependencies (21 bytes)
Event: 11.174 Thread 0x000002b7c7595620 nmethod 10596 0x000002b7b48a6790 code [0x000002b7b48a6960, 0x000002b7b48a6c48]
Event: 11.175 Thread 0x000002b7c7595620 10597       3       org.gradle.internal.snapshot.impl.DefaultIsolatableFactory$IsolatableVisitor::stringValue (9 bytes)
Event: 11.176 Thread 0x000002b7c7595620 nmethod 10597 0x000002b7b48a6d90 code [0x000002b7b48a6f60, 0x000002b7b48a7298]
Event: 11.176 Thread 0x000002b7c7595620 10598       3       kotlin.collections.AbstractMutableList::size (5 bytes)
Event: 11.176 Thread 0x000002b7c7595620 nmethod 10598 0x000002b7b48a7410 code [0x000002b7b48a75a0, 0x000002b7b48a76c0]
Event: 11.176 Thread 0x000002b7c7595620 10599       3       sun.nio.fs.WindowsPathParser::parse (504 bytes)
Event: 11.179 Thread 0x000002b7c7595620 nmethod 10599 0x000002b7b48a7790 code [0x000002b7b48a7fe0, 0x000002b7b48ac9f0]
Event: 11.179 Thread 0x000002b7c7595620 10600       3       org.gradle.api.internal.plugins.DefaultPluginRegistry$PluginIdLookupCacheKey::equals (63 bytes)
Event: 11.179 Thread 0x000002b7c7595620 nmethod 10600 0x000002b7b48ae610 code [0x000002b7b48ae800, 0x000002b7b48aed48]
Event: 11.179 Thread 0x000002b7c7595620 10601       3       org.gradle.api.internal.collections.IterationOrderRetainingSetElementSource$$Lambda/0x0000000100594658::isSatisfiedBy (8 bytes)
Event: 11.180 Thread 0x000002b7c7595620 nmethod 10601 0x000002b7b48aee90 code [0x000002b7b48af060, 0x000002b7b48af4b0]

GC Heap History (20 events):
Event: 7.533 GC heap before
{Heap before GC invocations=22 (full 0):
 garbage-first heap   total 89088K, used 69784K [0x00000000a0000000, 0x0000000100000000)
  region size 1024K, 21 young (21504K), 3 survivors (3072K)
 Metaspace       used 72587K, committed 74240K, reserved 1114112K
  class space    used 10217K, committed 11008K, reserved 1048576K
}
Event: 7.534 GC heap after
{Heap after GC invocations=23 (full 0):
 garbage-first heap   total 107520K, used 53114K [0x00000000a0000000, 0x0000000100000000)
  region size 1024K, 3 young (3072K), 3 survivors (3072K)
 Metaspace       used 72587K, committed 74240K, reserved 1114112K
  class space    used 10217K, committed 11008K, reserved 1048576K
}
Event: 7.696 GC heap before
{Heap before GC invocations=23 (full 0):
 garbage-first heap   total 107520K, used 94074K [0x00000000a0000000, 0x0000000100000000)
  region size 1024K, 44 young (45056K), 3 survivors (3072K)
 Metaspace       used 72790K, committed 74496K, reserved 1114112K
  class space    used 10217K, committed 11008K, reserved 1048576K
}
Event: 7.699 GC heap after
{Heap after GC invocations=24 (full 0):
 garbage-first heap   total 107520K, used 52674K [0x00000000a0000000, 0x0000000100000000)
  region size 1024K, 4 young (4096K), 4 survivors (4096K)
 Metaspace       used 72790K, committed 74496K, reserved 1114112K
  class space    used 10217K, committed 11008K, reserved 1048576K
}
Event: 7.818 GC heap before
{Heap before GC invocations=24 (full 0):
 garbage-first heap   total 107520K, used 93634K [0x00000000a0000000, 0x0000000100000000)
  region size 1024K, 45 young (46080K), 4 survivors (4096K)
 Metaspace       used 72817K, committed 74496K, reserved 1114112K
  class space    used 10219K, committed 11008K, reserved 1048576K
}
Event: 7.821 GC heap after
{Heap after GC invocations=25 (full 0):
 garbage-first heap   total 107520K, used 53590K [0x00000000a0000000, 0x0000000100000000)
  region size 1024K, 4 young (4096K), 4 survivors (4096K)
 Metaspace       used 72817K, committed 74496K, reserved 1114112K
  class space    used 10219K, committed 11008K, reserved 1048576K
}
Event: 7.935 GC heap before
{Heap before GC invocations=26 (full 0):
 garbage-first heap   total 107520K, used 95574K [0x00000000a0000000, 0x0000000100000000)
  region size 1024K, 46 young (47104K), 4 survivors (4096K)
 Metaspace       used 72820K, committed 74496K, reserved 1114112K
  class space    used 10219K, committed 11008K, reserved 1048576K
}
Event: 7.937 GC heap after
{Heap after GC invocations=27 (full 0):
 garbage-first heap   total 107520K, used 54446K [0x00000000a0000000, 0x0000000100000000)
  region size 1024K, 4 young (4096K), 4 survivors (4096K)
 Metaspace       used 72820K, committed 74496K, reserved 1114112K
  class space    used 10219K, committed 11008K, reserved 1048576K
}
Event: 8.152 GC heap before
{Heap before GC invocations=27 (full 0):
 garbage-first heap   total 107520K, used 105646K [0x00000000a0000000, 0x0000000100000000)
  region size 1024K, 42 young (43008K), 4 survivors (4096K)
 Metaspace       used 73640K, committed 75392K, reserved 1114112K
  class space    used 10313K, committed 11136K, reserved 1048576K
}
Event: 8.158 GC heap after
{Heap after GC invocations=28 (full 0):
 garbage-first heap   total 120832K, used 74752K [0x00000000a0000000, 0x0000000100000000)
  region size 1024K, 6 young (6144K), 6 survivors (6144K)
 Metaspace       used 73640K, committed 75392K, reserved 1114112K
  class space    used 10313K, committed 11136K, reserved 1048576K
}
Event: 8.200 GC heap before
{Heap before GC invocations=28 (full 0):
 garbage-first heap   total 120832K, used 79872K [0x00000000a0000000, 0x0000000100000000)
  region size 1024K, 13 young (13312K), 6 survivors (6144K)
 Metaspace       used 74116K, committed 75840K, reserved 1114112K
  class space    used 10358K, committed 11200K, reserved 1048576K
}
Event: 8.202 GC heap after
{Heap after GC invocations=29 (full 0):
 garbage-first heap   total 146432K, used 75604K [0x00000000a0000000, 0x0000000100000000)
  region size 1024K, 1 young (1024K), 1 survivors (1024K)
 Metaspace       used 74116K, committed 75840K, reserved 1114112K
  class space    used 10358K, committed 11200K, reserved 1048576K
}
Event: 8.593 GC heap before
{Heap before GC invocations=30 (full 0):
 garbage-first heap   total 146432K, used 130900K [0x00000000a0000000, 0x0000000100000000)
  region size 1024K, 55 young (56320K), 1 survivors (1024K)
 Metaspace       used 79494K, committed 81280K, reserved 1179648K
  class space    used 11021K, committed 11904K, reserved 1048576K
}
Event: 8.594 GC heap after
{Heap after GC invocations=31 (full 0):
 garbage-first heap   total 146432K, used 78343K [0x00000000a0000000, 0x0000000100000000)
  region size 1024K, 3 young (3072K), 3 survivors (3072K)
 Metaspace       used 79494K, committed 81280K, reserved 1179648K
  class space    used 11021K, committed 11904K, reserved 1048576K
}
Event: 9.019 GC heap before
{Heap before GC invocations=31 (full 0):
 garbage-first heap   total 146432K, used 137735K [0x00000000a0000000, 0x0000000100000000)
  region size 1024K, 56 young (57344K), 3 survivors (3072K)
 Metaspace       used 84209K, committed 86016K, reserved 1179648K
  class space    used 11722K, committed 12608K, reserved 1048576K
}
Event: 9.030 GC heap after
{Heap after GC invocations=32 (full 0):
 garbage-first heap   total 147456K, used 83640K [0x00000000a0000000, 0x0000000100000000)
  region size 1024K, 7 young (7168K), 7 survivors (7168K)
 Metaspace       used 84209K, committed 86016K, reserved 1179648K
  class space    used 11722K, committed 12608K, reserved 1048576K
}
Event: 9.526 GC heap before
{Heap before GC invocations=32 (full 0):
 garbage-first heap   total 147456K, used 131768K [0x00000000a0000000, 0x0000000100000000)
  region size 1024K, 54 young (55296K), 7 survivors (7168K)
 Metaspace       used 87961K, committed 89856K, reserved 1179648K
  class space    used 12210K, committed 13120K, reserved 1048576K
}
Event: 9.532 GC heap after
{Heap after GC invocations=33 (full 0):
 garbage-first heap   total 147456K, used 86771K [0x00000000a0000000, 0x0000000100000000)
  region size 1024K, 3 young (3072K), 3 survivors (3072K)
 Metaspace       used 87961K, committed 89856K, reserved 1179648K
  class space    used 12210K, committed 13120K, reserved 1048576K
}
Event: 10.862 GC heap before
{Heap before GC invocations=34 (full 0):
 garbage-first heap   total 147456K, used 136947K [0x00000000a0000000, 0x0000000100000000)
  region size 1024K, 49 young (50176K), 3 survivors (3072K)
 Metaspace       used 92821K, committed 94720K, reserved 1179648K
  class space    used 12873K, committed 13824K, reserved 1048576K
}
Event: 10.864 GC heap after
{Heap after GC invocations=35 (full 0):
 garbage-first heap   total 147456K, used 92462K [0x00000000a0000000, 0x0000000100000000)
  region size 1024K, 6 young (6144K), 6 survivors (6144K)
 Metaspace       used 92821K, committed 94720K, reserved 1179648K
  class space    used 12873K, committed 13824K, reserved 1048576K
}

Dll operation events (3 events):
Event: 0.006 Loaded shared library C:\Program Files\Android\Android Studio\jbr\bin\java.dll
Event: 0.010 Loaded shared library C:\Program Files\Android\Android Studio\jbr\bin\zip.dll
Event: 0.311 Loaded shared library C:\Program Files\Android\Android Studio\jbr\bin\verify.dll

Deoptimization events (20 events):
Event: 10.772 Thread 0x000002b7cdc72170 DEOPT PACKING pc=0x000002b7bb8dcc20 sp=0x000000c9e2df6830
Event: 10.772 Thread 0x000002b7cdc72170 DEOPT UNPACKING pc=0x000002b7bae246a2 sp=0x000000c9e2df6718 mode 2
Event: 10.772 Thread 0x000002b7cdc72170 Uncommon trap: trap_request=0xffffffde fr.pc=0x000002b7bb8dcc20 relative=0x00000000000004a0
Event: 10.772 Thread 0x000002b7cdc72170 Uncommon trap: reason=class_check action=maybe_recompile pc=0x000002b7bb8dcc20 method=kotlin.reflect.jvm.internal.impl.protobuf.CodedInputStream.tryRefillBuffer(I)Z @ 175 c2
Event: 10.772 Thread 0x000002b7cdc72170 DEOPT PACKING pc=0x000002b7bb8dcc20 sp=0x000000c9e2df6830
Event: 10.772 Thread 0x000002b7cdc72170 DEOPT UNPACKING pc=0x000002b7bae246a2 sp=0x000000c9e2df6718 mode 2
Event: 10.772 Thread 0x000002b7cdc72170 Uncommon trap: trap_request=0xffffffde fr.pc=0x000002b7bb8dcc20 relative=0x00000000000004a0
Event: 10.772 Thread 0x000002b7cdc72170 Uncommon trap: reason=class_check action=maybe_recompile pc=0x000002b7bb8dcc20 method=kotlin.reflect.jvm.internal.impl.protobuf.CodedInputStream.tryRefillBuffer(I)Z @ 175 c2
Event: 10.772 Thread 0x000002b7cdc72170 DEOPT PACKING pc=0x000002b7bb8dcc20 sp=0x000000c9e2df6920
Event: 10.772 Thread 0x000002b7cdc72170 DEOPT UNPACKING pc=0x000002b7bae246a2 sp=0x000000c9e2df6808 mode 2
Event: 10.772 Thread 0x000002b7cdc72170 Uncommon trap: trap_request=0xffffffde fr.pc=0x000002b7bb8dcc20 relative=0x00000000000004a0
Event: 10.772 Thread 0x000002b7cdc72170 Uncommon trap: reason=class_check action=maybe_recompile pc=0x000002b7bb8dcc20 method=kotlin.reflect.jvm.internal.impl.protobuf.CodedInputStream.tryRefillBuffer(I)Z @ 175 c2
Event: 10.772 Thread 0x000002b7cdc72170 DEOPT PACKING pc=0x000002b7bb8dcc20 sp=0x000000c9e2df6920
Event: 10.772 Thread 0x000002b7cdc72170 DEOPT UNPACKING pc=0x000002b7bae246a2 sp=0x000000c9e2df6808 mode 2
Event: 10.911 Thread 0x000002b7cdc72170 DEOPT PACKING pc=0x000002b7b47e398e sp=0x000000c9e2df72a0
Event: 10.911 Thread 0x000002b7cdc72170 DEOPT UNPACKING pc=0x000002b7bae24e42 sp=0x000000c9e2df6860 mode 0
Event: 10.928 Thread 0x000002b7cdc72170 Uncommon trap: trap_request=0xffffff45 fr.pc=0x000002b7bb63bdb8 relative=0x0000000000000b38
Event: 10.928 Thread 0x000002b7cdc72170 Uncommon trap: reason=unstable_if action=reinterpret pc=0x000002b7bb63bdb8 method=java.util.regex.Pattern.escape(ZZZ)I @ 8 c2
Event: 10.928 Thread 0x000002b7cdc72170 DEOPT PACKING pc=0x000002b7bb63bdb8 sp=0x000000c9e2df6930
Event: 10.928 Thread 0x000002b7cdc72170 DEOPT UNPACKING pc=0x000002b7bae246a2 sp=0x000000c9e2df68c8 mode 2

Classes loaded (20 events):
Event: 10.371 Loading class javax/management/ListenerNotFoundException
Event: 10.371 Loading class javax/management/OperationsException
Event: 10.371 Loading class javax/management/JMException
Event: 10.371 Loading class javax/management/JMException done
Event: 10.372 Loading class javax/management/OperationsException done
Event: 10.372 Loading class javax/management/ListenerNotFoundException done
Event: 10.372 Loading class jdk/jfr/FlightRecorder
Event: 10.372 Loading class jdk/jfr/FlightRecorder done
Event: 10.372 Loading class jdk/management/jfr/FlightRecorderMXBeanImpl$MXBeanListener
Event: 10.372 Loading class jdk/jfr/FlightRecorderListener
Event: 10.372 Loading class jdk/jfr/FlightRecorderListener done
Event: 10.372 Loading class jdk/management/jfr/FlightRecorderMXBeanImpl$MXBeanListener done
Event: 10.402 Loading class com/sun/jmx/mbeanserver/StandardMBeanSupport
Event: 10.402 Loading class com/sun/jmx/mbeanserver/StandardMBeanSupport done
Event: 10.402 Loading class com/sun/jmx/mbeanserver/StandardMBeanIntrospector
Event: 10.402 Loading class com/sun/jmx/mbeanserver/StandardMBeanIntrospector done
Event: 11.093 Loading class java/util/concurrent/LinkedBlockingDeque$Itr
Event: 11.094 Loading class java/util/concurrent/LinkedBlockingDeque$AbstractItr
Event: 11.094 Loading class java/util/concurrent/LinkedBlockingDeque$AbstractItr done
Event: 11.094 Loading class java/util/concurrent/LinkedBlockingDeque$Itr done

Classes unloaded (0 events):
No events

Classes redefined (0 events):
No events

Internal exceptions (20 events):
Event: 10.194 Thread 0x000002b7cdc72170 Exception <a 'java/lang/NoSuchMethodError'{0x00000000a7d7a498}: static Lorg/jetbrains/kotlin/gradle/targets/js/nodejs/DefaultUnameExecutorVariantFactory;.<clinit>()V> (0x00000000a7d7a498) 
thrown [s\src\hotspot\share\prims\jni.cpp, line 1144]
Event: 10.195 Thread 0x000002b7cdc72170 Exception <a 'java/lang/NoSuchMethodError'{0x00000000a7d97ef8}: static Lorg/jetbrains/kotlin/gradle/plugin/internal/DefaultBasePluginConfigurationVariantFactory;.<clinit>()V> (0x00000000a7d97ef8) 
thrown [s\src\hotspot\share\prims\jni.cpp, line 1144]
Event: 10.196 Thread 0x000002b7cdc72170 Exception <a 'java/lang/NoSuchMethodError'{0x00000000a7db5aa8}: static Lorg/jetbrains/kotlin/gradle/plugin/internal/DefaultAttributeConfigurationHelperVariantFactory;.<clinit>()V> (0x00000000a7db5aa8) 
thrown [s\src\hotspot\share\prims\jni.cpp, line 1144]
Event: 10.275 Thread 0x000002b7cdc72170 Exception <a 'java/lang/IncompatibleClassChangeError'{0x00000000a7900140}: Found class java.lang.Object, but interface was expected> (0x00000000a7900140) 
thrown [s\src\hotspot\share\interpreter\linkResolver.cpp, line 851]
Event: 11.003 Thread 0x000002b7cdc72170 Exception <a 'java/lang/NoSuchMethodError'{0x00000000a7671fd0}: 'java.lang.Object java.lang.invoke.DirectMethodHandle$Holder.newInvokeSpecial(java.lang.Object, java.lang.Object, java.lang.Object, java.lang.Object, java.lang.Object, java.lang.Object, java.lang.Object, java.lang.Object, java.lang.Object, java.lang.Object, java.lang.Object, java.lang.Object, java.lang.Object, java.lang.Object, java.lang.Object, java.lang.Object, java.lang.Object, java.lang.Object, java.lang.Object, java.lang.Object, java.lang
Event: 11.003 Thread 0x000002b7cdc72170 Exception <a 'java/lang/NoSuchMethodError'{0x00000000a7679e18}: 'java.lang.Object java.lang.invoke.DirectMethodHandle$Holder.invokeSpecial(java.lang.Object, java.lang.Object, java.lang.Object, java.lang.Object, java.lang.Object, java.lang.Object, java.lang.Object, java.lang.Object, java.lang.Object, java.lang.Object, java.lang.Object, java.lang.Object, java.lang.Object, java.lang.Object, java.lang.Object, java.lang.Object, java.lang.Object, java.lang.Object, java.lang.Object, java.lang.Object, java.lang.Ob
Event: 11.003 Thread 0x000002b7cdc72170 Exception <a 'java/lang/NoSuchMethodError'{0x00000000a7680e50}: 'java.lang.Object java.lang.invoke.DelegatingMethodHandle$Holder.reinvoke_L(java.lang.Object, java.lang.Object, java.lang.Object, java.lang.Object, java.lang.Object, java.lang.Object, java.lang.Object, java.lang.Object, java.lang.Object, java.lang.Object, java.lang.Object, java.lang.Object, java.lang.Object, java.lang.Object, java.lang.Object, java.lang.Object, java.lang.Object, java.lang.Object, java.lang.Object, java.lang.Object, java.lang.O
Event: 11.057 Thread 0x000002b7cdc72170 Exception <a 'java/lang/ClassNotFoundException'{0x00000000a712ae58}: org/jetbrains/kotlin/gradle/targets/js/npm/DefaultNpmDependencyExtensionBeanInfo> (0x00000000a712ae58) 
thrown [s\src\hotspot\share\classfile\systemDictionary.cpp, line 312]
Event: 11.057 Thread 0x000002b7cdc72170 Exception <a 'java/lang/ClassNotFoundException'{0x00000000a7139d88}: org/jetbrains/kotlin/gradle/targets/js/npm/DefaultNpmDependencyExtensionCustomizer> (0x00000000a7139d88) 
thrown [s\src\hotspot\share\classfile\systemDictionary.cpp, line 312]
Event: 11.062 Thread 0x000002b7cdc72170 Exception <a 'java/lang/ClassNotFoundException'{0x00000000a71cc7b0}: org/jetbrains/kotlin/gradle/targets/js/npm/NpmDependencyExtensionKt$defaultNpmDependencyDelegate$1BeanInfo> (0x00000000a71cc7b0) 
thrown [s\src\hotspot\share\classfile\systemDictionary.cpp, line 312]
Event: 11.062 Thread 0x000002b7cdc72170 Exception <a 'java/lang/ClassNotFoundException'{0x00000000a71dcca0}: org/jetbrains/kotlin/gradle/targets/js/npm/NpmDependencyExtensionDelegateBeanInfo> (0x00000000a71dcca0) 
thrown [s\src\hotspot\share\classfile\systemDictionary.cpp, line 312]
Event: 11.062 Thread 0x000002b7cdc72170 Exception <a 'java/lang/ClassNotFoundException'{0x00000000a71ed430}: org/jetbrains/kotlin/gradle/targets/js/npm/NpmDependencyExtensionDelegateCustomizer> (0x00000000a71ed430) 
thrown [s\src\hotspot\share\classfile\systemDictionary.cpp, line 312]
Event: 11.063 Thread 0x000002b7cdc72170 Exception <a 'java/lang/ClassNotFoundException'{0x00000000a701ec30}: org/jetbrains/kotlin/gradle/targets/js/npm/NpmDependencyExtensionKt$defaultNpmDependencyDelegate$1Customizer> (0x00000000a701ec30) 
thrown [s\src\hotspot\share\classfile\systemDictionary.cpp, line 312]
Event: 11.065 Thread 0x000002b7cdc72170 Exception <a 'java/lang/ClassNotFoundException'{0x00000000a7060568}: org/jetbrains/kotlin/gradle/targets/js/npm/DefaultDevNpmDependencyExtensionBeanInfo> (0x00000000a7060568) 
thrown [s\src\hotspot\share\classfile\systemDictionary.cpp, line 312]
Event: 11.065 Thread 0x000002b7cdc72170 Exception <a 'java/lang/ClassNotFoundException'{0x00000000a706f4e0}: org/jetbrains/kotlin/gradle/targets/js/npm/DefaultDevNpmDependencyExtensionCustomizer> (0x00000000a706f4e0) 
thrown [s\src\hotspot\share\classfile\systemDictionary.cpp, line 312]
Event: 11.068 Thread 0x000002b7cdc72170 Exception <a 'java/lang/ClassNotFoundException'{0x00000000a70b97e0}: org/jetbrains/kotlin/gradle/targets/js/npm/DefaultPeerNpmDependencyExtensionBeanInfo> (0x00000000a70b97e0) 
thrown [s\src\hotspot\share\classfile\systemDictionary.cpp, line 312]
Event: 11.068 Thread 0x000002b7cdc72170 Exception <a 'java/lang/ClassNotFoundException'{0x00000000a70c87c0}: org/jetbrains/kotlin/gradle/targets/js/npm/DefaultPeerNpmDependencyExtensionCustomizer> (0x00000000a70c87c0) 
thrown [s\src\hotspot\share\classfile\systemDictionary.cpp, line 312]
Event: 11.071 Thread 0x000002b7cdc72170 Exception <a 'java/lang/ClassNotFoundException'{0x00000000a6f1c5d8}: org/jetbrains/kotlin/gradle/targets/js/npm/DefaultPeerNpmDependencyExtension$delegate$1BeanInfo> (0x00000000a6f1c5d8) 
thrown [s\src\hotspot\share\classfile\systemDictionary.cpp, line 312]
Event: 11.071 Thread 0x000002b7cdc72170 Exception <a 'java/lang/ClassNotFoundException'{0x00000000a6f2bd68}: org/jetbrains/kotlin/gradle/targets/js/npm/DefaultPeerNpmDependencyExtension$delegate$1Customizer> (0x00000000a6f2bd68) 
thrown [s\src\hotspot\share\classfile\systemDictionary.cpp, line 312]
Event: 11.099 Thread 0x000002b7cdc72170 Exception <a 'java/lang/NoSuchMethodError'{0x00000000a6fee988}: static Lorg/jetbrains/kotlin/gradle/plugin/internal/DefaultIdeaSyncDetector$createIdeaPropertiesEvaluator$1;.<clinit>()V> (0x00000000a6fee988) 
thrown [s\src\hotspot\share\prims\jni.cpp, line 1144]

ZGC Phase Switch (0 events):
No events

VM Operations (20 events):
Event: 9.441 Executing VM operation: ICBufferFull
Event: 9.441 Executing VM operation: ICBufferFull done
Event: 9.526 Executing VM operation: G1CollectForAllocation (G1 Evacuation Pause)
Event: 9.532 Executing VM operation: G1CollectForAllocation (G1 Evacuation Pause) done
Event: 9.573 Executing VM operation: G1PauseRemark
Event: 9.577 Executing VM operation: G1PauseRemark done
Event: 9.614 Executing VM operation: G1PauseCleanup
Event: 9.615 Executing VM operation: G1PauseCleanup done
Event: 9.705 Executing VM operation: HandshakeAllThreads (Deoptimize)
Event: 9.709 Executing VM operation: HandshakeAllThreads (Deoptimize) done
Event: 10.684 Executing VM operation: HandshakeAllThreads (Deoptimize)
Event: 10.684 Executing VM operation: HandshakeAllThreads (Deoptimize) done
Event: 10.684 Executing VM operation: Cleanup
Event: 10.684 Executing VM operation: Cleanup done
Event: 10.862 Executing VM operation: G1CollectForAllocation (G1 Evacuation Pause)
Event: 10.864 Executing VM operation: G1CollectForAllocation (G1 Evacuation Pause) done
Event: 11.099 Executing VM operation: HandshakeAllThreads (Deoptimize)
Event: 11.099 Executing VM operation: HandshakeAllThreads (Deoptimize) done
Event: 11.100 Executing VM operation: HandshakeAllThreads (Deoptimize)
Event: 11.101 Executing VM operation: HandshakeAllThreads (Deoptimize) done

Memory protections (0 events):
No events

Nmethod flushes (20 events):
Event: 9.576 Thread 0x000002b7c74458e0 flushing  nmethod 0x000002b7b3a40a90
Event: 9.576 Thread 0x000002b7c74458e0 flushing  nmethod 0x000002b7b3b64210
Event: 9.576 Thread 0x000002b7c74458e0 flushing  nmethod 0x000002b7b3c92390
Event: 9.576 Thread 0x000002b7c74458e0 flushing  nmethod 0x000002b7b3d06010
Event: 9.576 Thread 0x000002b7c74458e0 flushing  nmethod 0x000002b7b3d4c890
Event: 9.576 Thread 0x000002b7c74458e0 flushing  nmethod 0x000002b7b3e9b990
Event: 9.576 Thread 0x000002b7c74458e0 flushing  nmethod 0x000002b7b3ec3190
Event: 9.576 Thread 0x000002b7c74458e0 flushing  nmethod 0x000002b7b3f14f10
Event: 9.576 Thread 0x000002b7c74458e0 flushing  nmethod 0x000002b7b3f7b910
Event: 9.576 Thread 0x000002b7c74458e0 flushing  nmethod 0x000002b7b3f7eb90
Event: 9.576 Thread 0x000002b7c74458e0 flushing  nmethod 0x000002b7b3f80090
Event: 9.576 Thread 0x000002b7c74458e0 flushing  nmethod 0x000002b7b4020690
Event: 9.576 Thread 0x000002b7c74458e0 flushing  nmethod 0x000002b7b4020a10
Event: 9.576 Thread 0x000002b7c74458e0 flushing  nmethod 0x000002b7b4076990
Event: 9.576 Thread 0x000002b7c74458e0 flushing  nmethod 0x000002b7b412c490
Event: 9.576 Thread 0x000002b7c74458e0 flushing  nmethod 0x000002b7b42be190
Event: 9.576 Thread 0x000002b7c74458e0 flushing  nmethod 0x000002b7b4404410
Event: 9.576 Thread 0x000002b7c74458e0 flushing  nmethod 0x000002b7b442fc90
Event: 9.576 Thread 0x000002b7c74458e0 flushing  nmethod 0x000002b7b44a0a90
Event: 9.576 Thread 0x000002b7c74458e0 flushing  nmethod 0x000002b7b44ec710

Events (20 events):
Event: 7.513 Thread 0x000002b7cdc72170 Thread added: 0x000002b7d2797c00
Event: 7.513 Thread 0x000002b7cdc72170 Thread added: 0x000002b7d2798920
Event: 7.513 Thread 0x000002b7cdc72170 Thread added: 0x000002b7d2798290
Event: 7.514 Thread 0x000002b7cdc72170 Thread added: 0x000002b7d2798fb0
Event: 8.111 Thread 0x000002b7cdc72170 Thread added: 0x000002b7d279a360
Event: 8.111 Thread 0x000002b7cdc72170 Thread added: 0x000002b7d2799cd0
Event: 8.111 Thread 0x000002b7cdc72170 Thread added: 0x000002b7d2796ee0
Event: 8.113 Thread 0x000002b7cdc72170 Thread added: 0x000002b7d279a9f0
Event: 8.114 Thread 0x000002b7cdc72170 Thread added: 0x000002b7d2797570
Event: 8.114 Thread 0x000002b7cdc72170 Thread added: 0x000002b7d279c430
Event: 8.116 Thread 0x000002b7cdc72170 Thread added: 0x000002b7d279b080
Event: 8.117 Thread 0x000002b7cdc72170 Thread added: 0x000002b7d279b710
Event: 8.117 Thread 0x000002b7cdc72170 Thread added: 0x000002b7d279cac0
Event: 8.117 Thread 0x000002b7cdc72170 Thread added: 0x000002b7d279bda0
Event: 8.117 Thread 0x000002b7cdc72170 Thread added: 0x000002b7d279de70
Event: 8.484 Thread 0x000002b7cdc72170 Thread added: 0x000002b7cfc66fe0
Event: 8.731 Thread 0x000002b7cdc72170 Thread added: 0x000002b7cfc69dd0
Event: 9.614 Thread 0x000002b7d1121510 Thread exited: 0x000002b7d1121510
Event: 10.425 Thread 0x000002b7cdc72170 Thread added: 0x000002b7d36972f0
Event: 10.733 Thread 0x000002b7d24834a0 Thread exited: 0x000002b7d24834a0


Dynamic libraries:
0x00007ff7939d0000 - 0x00007ff7939da000 	C:\Program Files\Android\Android Studio\jbr\bin\java.exe
0x00007fff123a0000 - 0x00007fff12607000 	C:\WINDOWS\SYSTEM32\ntdll.dll
0x00007fff10de0000 - 0x00007fff10ea9000 	C:\WINDOWS\System32\KERNEL32.DLL
0x00007fff0f960000 - 0x00007fff0fd4f000 	C:\WINDOWS\System32\KERNELBASE.dll
0x00007fff0f750000 - 0x00007fff0f89b000 	C:\WINDOWS\System32\ucrtbase.dll
0x00007ffef0560000 - 0x00007ffef0578000 	C:\Program Files\Android\Android Studio\jbr\bin\jli.dll
0x00007ffefd760000 - 0x00007ffefd77b000 	C:\Program Files\Android\Android Studio\jbr\bin\VCRUNTIME140.dll
0x00007fff10910000 - 0x00007fff10ad5000 	C:\WINDOWS\System32\USER32.dll
0x00007fff0f4f0000 - 0x00007fff0f517000 	C:\WINDOWS\System32\win32u.dll
0x00007ffefe090000 - 0x00007ffefe323000 	C:\WINDOWS\WinSxS\amd64_microsoft.windows.common-controls_6595b64144ccf1df_6.0.26100.7309_none_3e05feeae336a044\COMCTL32.dll
0x00007fff106b0000 - 0x00007fff106db000 	C:\WINDOWS\System32\GDI32.dll
0x00007fff121c0000 - 0x00007fff12269000 	C:\WINDOWS\System32\msvcrt.dll
0x00007fff0fdf0000 - 0x00007fff0ff1c000 	C:\WINDOWS\System32\gdi32full.dll
0x00007fff0f520000 - 0x00007fff0f5c3000 	C:\WINDOWS\System32\msvcp_win.dll
0x00007fff106e0000 - 0x00007fff10711000 	C:\WINDOWS\System32\IMM32.DLL
0x00007fff004c0000 - 0x00007fff004cc000 	C:\Program Files\Android\Android Studio\jbr\bin\vcruntime140_1.dll
0x00007ffed0450000 - 0x00007ffed04dd000 	C:\Program Files\Android\Android Studio\jbr\bin\msvcp140.dll
0x00007ffe66e10000 - 0x00007ffe67aa6000 	C:\Program Files\Android\Android Studio\jbr\bin\server\jvm.dll
0x00007fff122a0000 - 0x00007fff12354000 	C:\WINDOWS\System32\ADVAPI32.dll
0x00007fff12110000 - 0x00007fff121b6000 	C:\WINDOWS\System32\sechost.dll
0x00007fff10590000 - 0x00007fff106a8000 	C:\WINDOWS\System32\RPCRT4.dll
0x00007fff107b0000 - 0x00007fff10824000 	C:\WINDOWS\System32\WS2_32.dll
0x00007fff0f2a0000 - 0x00007fff0f2fe000 	C:\WINDOWS\SYSTEM32\POWRPROF.dll
0x00007fff03df0000 - 0x00007fff03e25000 	C:\WINDOWS\SYSTEM32\WINMM.dll
0x00007fff095f0000 - 0x00007fff095fb000 	C:\WINDOWS\SYSTEM32\VERSION.dll
0x00007fff0f180000 - 0x00007fff0f194000 	C:\WINDOWS\SYSTEM32\UMPDC.dll
0x00007fff0e2a0000 - 0x00007fff0e2bb000 	C:\WINDOWS\SYSTEM32\kernel.appcore.dll
0x00007fff00470000 - 0x00007fff0047a000 	C:\Program Files\Android\Android Studio\jbr\bin\jimage.dll
0x00007ffefe330000 - 0x00007ffefe572000 	C:\WINDOWS\SYSTEM32\DBGHELP.DLL
0x00007fff10fb0000 - 0x00007fff11336000 	C:\WINDOWS\System32\combase.dll
0x00007fff10830000 - 0x00007fff10906000 	C:\WINDOWS\System32\OLEAUT32.dll
0x00007fff0c630000 - 0x00007fff0c66c000 	C:\WINDOWS\SYSTEM32\dbgcore.DLL
0x00007fff10090000 - 0x00007fff10135000 	C:\WINDOWS\System32\bcryptPrimitives.dll
0x00007fff0aba0000 - 0x00007fff0abae000 	C:\Program Files\Android\Android Studio\jbr\bin\instrument.dll
0x00007ffefd280000 - 0x00007ffefd2a0000 	C:\Program Files\Android\Android Studio\jbr\bin\java.dll
0x00007ffefd220000 - 0x00007ffefd238000 	C:\Program Files\Android\Android Studio\jbr\bin\zip.dll
0x00007fff119b0000 - 0x00007fff12103000 	C:\WINDOWS\System32\SHELL32.dll
0x00007fff0ff20000 - 0x00007fff1008a000 	C:\WINDOWS\System32\wintypes.dll
0x00007fff0d130000 - 0x00007fff0d98e000 	C:\WINDOWS\SYSTEM32\windows.storage.dll
0x00007fff10eb0000 - 0x00007fff10fa5000 	C:\WINDOWS\System32\SHCORE.dll
0x00007fff117d0000 - 0x00007fff11836000 	C:\WINDOWS\System32\shlwapi.dll
0x00007fff0f410000 - 0x00007fff0f439000 	C:\WINDOWS\SYSTEM32\profapi.dll
0x00007fff00440000 - 0x00007fff00450000 	C:\Program Files\Android\Android Studio\jbr\bin\net.dll
0x00007fff08bb0000 - 0x00007fff08cd8000 	C:\WINDOWS\SYSTEM32\WINHTTP.dll
0x00007fff0e810000 - 0x00007fff0e87b000 	C:\WINDOWS\system32\mswsock.dll
0x00007ffefcf00000 - 0x00007ffefcf16000 	C:\Program Files\Android\Android Studio\jbr\bin\nio.dll
0x00007ffefd590000 - 0x00007ffefd5a0000 	C:\Program Files\Android\Android Studio\jbr\bin\verify.dll
0x00007ffef6da0000 - 0x00007ffef6dc7000 	C:\Users\ajays\.gradle\native\1def1411415f61bf3af743bc5b6707747c0891f09f0c88961ee8f79bc544acac\windows-amd64\native-platform.dll
0x00007ffed0280000 - 0x00007ffed02f8000 	C:\Users\ajays\.gradle\native\0.2.7\x86_64-windows-gnu\gradle-fileevents.dll
0x00007ffefd920000 - 0x00007ffefd929000 	C:\Program Files\Android\Android Studio\jbr\bin\management.dll
0x00007ffefd890000 - 0x00007ffefd89b000 	C:\Program Files\Android\Android Studio\jbr\bin\management_ext.dll
0x00007fff12290000 - 0x00007fff12298000 	C:\WINDOWS\System32\PSAPI.DLL
0x00007fff0dcb0000 - 0x00007fff0dce4000 	C:\WINDOWS\SYSTEM32\IPHLPAPI.DLL
0x00007fff10350000 - 0x00007fff1035a000 	C:\WINDOWS\System32\NSI.dll
0x00007ffefddd0000 - 0x00007ffefddd9000 	C:\Program Files\Android\Android Studio\jbr\bin\extnet.dll
0x00007fff0ead0000 - 0x00007fff0eaeb000 	C:\WINDOWS\SYSTEM32\CRYPTSP.dll
0x00007fff0e200000 - 0x00007fff0e23a000 	C:\WINDOWS\system32\rsaenh.dll
0x00007fff0e8c0000 - 0x00007fff0e8eb000 	C:\WINDOWS\SYSTEM32\USERENV.dll
0x00007fff0f3e0000 - 0x00007fff0f40a000 	C:\WINDOWS\SYSTEM32\bcrypt.dll
0x00007fff0eaf0000 - 0x00007fff0eafc000 	C:\WINDOWS\SYSTEM32\CRYPTBASE.dll
0x00007ffeb18c0000 - 0x00007ffeb18c8000 	C:\WINDOWS\system32\wshunix.dll

JVMTI agents:
C:\Users\ajays\.gradle\wrapper\dists\gradle-8.13-bin\5xuhj0ry160q40clulazy9h7d\gradle-8.13\lib\agents\gradle-instrumentation-agent-8.13.jar path:C:\Program Files\Android\Android Studio\jbr\bin\instrument.dll, loaded, initialized, instrumentlib options:none

dbghelp: loaded successfully - version: 4.0.5 - missing functions: none
symbol engine: initialized successfully - sym options: 0x614 - pdb path: .;C:\Program Files\Android\Android Studio\jbr\bin;C:\WINDOWS\SYSTEM32;C:\WINDOWS\WinSxS\amd64_microsoft.windows.common-controls_6595b64144ccf1df_6.0.26100.7309_none_3e05feeae336a044;C:\Program Files\Android\Android Studio\jbr\bin\server;C:\Users\ajays\.gradle\native\1def1411415f61bf3af743bc5b6707747c0891f09f0c88961ee8f79bc544acac\windows-amd64;C:\Users\ajays\.gradle\native\0.2.7\x86_64-windows-gnu

VM Arguments:
jvm_args: --add-opens=java.base/java.lang=ALL-UNNAMED --add-opens=java.base/java.lang.invoke=ALL-UNNAMED --add-opens=java.base/java.util=ALL-UNNAMED --add-opens=java.prefs/java.util.prefs=ALL-UNNAMED --add-exports=jdk.compiler/com.sun.tools.javac.api=ALL-UNNAMED --add-exports=jdk.compiler/com.sun.tools.javac.util=ALL-UNNAMED --add-opens=java.base/java.util=ALL-UNNAMED --add-opens=java.prefs/java.util.prefs=ALL-UNNAMED --add-opens=java.base/java.nio.charset=ALL-UNNAMED --add-opens=java.base/java.net=ALL-UNNAMED --add-opens=java.base/java.util.concurrent.atomic=ALL-UNNAMED --add-opens=java.xml/javax.xml.namespace=ALL-UNNAMED -XX:+UseG1GC -XX:MaxGCPauseMillis=1000 -Xmx1536m -Dfile.encoding=UTF-8 -Duser.country=US -Duser.language=en -Duser.variant -javaagent:C:\Users\ajays\.gradle\wrapper\dists\gradle-8.13-bin\5xuhj0ry160q40clulazy9h7d\gradle-8.13\lib\agents\gradle-instrumentation-agent-8.13.jar 
java_command: org.gradle.launcher.daemon.bootstrap.GradleDaemon 8.13
java_class_path (initial): C:\Users\ajays\.gradle\wrapper\dists\gradle-8.13-bin\5xuhj0ry160q40clulazy9h7d\gradle-8.13\lib\gradle-daemon-main-8.13.jar
Launcher Type: SUN_STANDARD

[Global flags]
     intx CICompilerCount                          = 4                                         {product} {ergonomic}
     uint ConcGCThreads                            = 2                                         {product} {ergonomic}
     uint G1ConcRefinementThreads                  = 8                                         {product} {ergonomic}
   size_t G1HeapRegionSize                         = 1048576                                   {product} {ergonomic}
    uintx GCDrainStackTargetSize                   = 64                                        {product} {ergonomic}
   size_t InitialHeapSize                          = 266338304                                 {product} {ergonomic}
   size_t MarkStackSize                            = 4194304                                   {product} {ergonomic}
    uintx MaxGCPauseMillis                         = 1000                                      {product} {command line}
   size_t MaxHeapSize                              = 1610612736                                {product} {command line}
   size_t MaxNewSize                               = 965738496                                 {product} {ergonomic}
   size_t MinHeapDeltaBytes                        = 1048576                                   {product} {ergonomic}
   size_t MinHeapSize                              = 8388608                                   {product} {ergonomic}
    uintx NonNMethodCodeHeapSize                   = 5839372                                {pd product} {ergonomic}
    uintx NonProfiledCodeHeapSize                  = 122909434                              {pd product} {ergonomic}
    uintx ProfiledCodeHeapSize                     = 122909434                              {pd product} {ergonomic}
    uintx ReservedCodeCacheSize                    = 251658240                              {pd product} {ergonomic}
     bool SegmentedCodeCache                       = true                                      {product} {ergonomic}
   size_t SoftMaxHeapSize                          = 1610612736                             {manageable} {ergonomic}
     bool UseCompressedOops                        = true                           {product lp64_product} {ergonomic}
     bool UseG1GC                                  = true                                      {product} {command line}
     bool UseLargePagesIndividualAllocation        = false                                  {pd product} {ergonomic}

Logging:
Log output configuration:
 #0: stdout all=warning uptime,level,tags foldmultilines=false
 #1: stderr all=off uptime,level,tags foldmultilines=false

Environment Variables:
JAVA_HOME=C:\Program Files\Android\Android Studio\jbr
PATH=C:\Python314\Scripts\;C:\Python314\;C:\Program Files\Android\Android Studio\jbr\bin;%PATH%;C:\ProgramData\chocolatey\bin;C:\Program Files\nodejs\;C:\Users\ajays\.pyenv\pyenv-win\bin;C:\Users\ajays\.pyenv\pyenv-win\shims;C:\Users\ajays\AppData\Local\Programs\Python\Python313\Scripts\;C:\Users\ajays\AppData\Local\Programs\Python\Python313\;C:\WINDOWS\system32;C:\WINDOWS;C:\WINDOWS\System32\Wbem;C:\WINDOWS\System32\WindowsPowerShell\v1.0\;C:\WINDOWS\System32\OpenSSH\;C:\Users\ajays\AppData\Local\Android\Sdk\platform-tools;C:\Users\ajays\AppData\Local\Android\Sdk\tools;C:\Program Files (x86)\NVIDIA Corporation\PhysX\Common;C:\Program Files\NVIDIA Corporation\NVIDIA NvDLISR;C:\Users\ajays\AppData\Local\Microsoft\WindowsApps;C:\Users\ajays\AppData\Local\Programs\Microsoft VS Code\bin;C:\Program Files\Git\cmd;C:\ProgramData\miniconda3\Scripts;C:\Users\ajays\AppData\Local\Microsoft\WinGet\Packages\Genymobile.scrcpy_Microsoft.Winget.Source_8wekyb3d8bbwe\scrcpy-win64-v3.3.3;C:\Users\ajays\AppData\Roaming\npm
USERNAME=ajays
OS=Windows_NT
PROCESSOR_IDENTIFIER=Intel64 Family 6 Model 151 Stepping 5, GenuineIntel
TMP=C:\Users\ajays\AppData\Local\Temp
TEMP=C:\Users\ajays\AppData\Local\Temp




Periodic native trim disabled

JNI global refs:
JNI global refs: 27, weak refs: 1

JNI global refs memory usage: 835, weak refs: 833

Process memory usage:
Resident Set Size: 408068K (2% of 16541060K total physical memory with 2461576K free physical memory)

OOME stack traces (most recent first):
Classloader memory used:
Loader org.gradle.internal.classloader.VisitableURLClassLoader                         : 39984K
Loader bootstrap                                                                       : 27496K
Loader org.gradle.internal.classloader.VisitableURLClassLoader$InstrumentingVisitableURLClassLoader: 14297K
Loader org.gradle.initialization.MixInLegacyTypesClassLoader                           : 11967K
Loader jdk.internal.loader.ClassLoaders$PlatformClassLoader                            : 497K
Loader jdk.internal.reflect.DelegatingClassLoader                                      : 260K
Loader jdk.internal.loader.ClassLoaders$AppClassLoader                                 : 235K
Loader org.gradle.internal.classloader.VisitableURLClassLoader                         : 219K
Loader org.gradle.groovy.scripts.internal.DefaultScriptCompilationHandler$ScriptClassLoader: 122K
Loader org.codehaus.groovy.runtime.callsite.CallSiteClassLoader                        : 17200B


[error occurred during error reporting (Classloader stats), id 0xe0000001, Out of Memory Error (s\src\hotspot\share\memory\arena.cpp:168)]
---------------  S Y S T E M  ---------------

OS:
 Windows 11 , 64 bit Build 26100 (10.0.26100.7623)
OS uptime: 12 days 7:57 hours

CPU: total 8 (initial active 8) (4 cores per cpu, 2 threads per core) family 6 model 151 stepping 5 microcode 0x38, cx8, cmov, fxsr, ht, mmx, 3dnowpref, sse, sse2, sse3, ssse3, sse4.1, sse4.2, popcnt, lzcnt, tsc, tscinvbit, avx, avx2, aes, erms, clmul, bmi1, bmi2, adx, sha, fma, vzeroupper, clflush, clflushopt, clwb, serialize, rdtscp, rdpid, fsrm, f16c, pku, cet_ibt, cet_ss
Processor Information for the first 8 processors :
  Max Mhz: 3300, Current Mhz: 3300, Mhz Limit: 3300

Memory: 4k page, system-wide physical 16153M (2403M free)
TotalPageFile size 23646M (AvailPageFile size 0M)
current process WorkingSet (physical memory assigned to process): 398M, peak: 424M
current process commit charge ("private bytes"): 440M, peak: 458M

vm_info: OpenJDK 64-Bit Server VM (21.0.8+-14018985-b1038.68) for windows-amd64 JRE (21.0.8+-14018985-b1038.68), built on 2025-08-29T19:56:34Z by "builder" with MS VC++ 16.10 / 16.11 (VS2019)

END.
