#
# There is insufficient memory for the Java Runtime Environment to continue.
# Native memory allocation (malloc) failed to allocate 1940336 bytes. Error detail: Chunk::new
# Possible reasons:
#   The system is out of physical RAM or swap space
#   This process is running with CompressedOops enabled, and the Java Heap may be blocking the growth of the native heap
# Possible solutions:
#   Reduce memory load on the system
#   Increase physical memory or swap space
#   Check if swap backing store is full
#   Decrease Java heap size (-Xmx/-Xms)
#   Decrease number of Java threads
#   Decrease Java thread stack sizes (-Xss)
#   Set larger code cache with -XX:ReservedCodeCacheSize=
#   JVM is running with Unscaled Compressed Oops mode in which the Java heap is
#     placed in the first 4GB address space. The Java Heap base address is the
#     maximum limit for the native heap growth. Please use -XX:HeapBaseMinAddress
#     to set the Java Heap base and to place the Java Heap above 4GB virtual address.
# This output file may be truncated or incomplete.
#
#  Out of Memory Error (arena.cpp:168), pid=17192, tid=22960
#
# JRE version: OpenJDK Runtime Environment (21.0.8) (build 21.0.8+-14018985-b1038.68)
# Java VM: OpenJDK 64-Bit Server VM (21.0.8+-14018985-b1038.68, mixed mode, tiered, compressed oops, compressed class ptrs, g1 gc, windows-amd64)
# No core dump will be written. Minidumps are not enabled by default on client versions of Windows
#

---------------  S U M M A R Y ------------

Command Line: --add-opens=java.base/java.lang=ALL-UNNAMED --add-opens=java.base/java.lang.invoke=ALL-UNNAMED --add-opens=java.base/java.util=ALL-UNNAMED --add-opens=java.prefs/java.util.prefs=ALL-UNNAMED --add-exports=jdk.compiler/com.sun.tools.javac.api=ALL-UNNAMED --add-exports=jdk.compiler/com.sun.tools.javac.util=ALL-UNNAMED --add-opens=java.base/java.util=ALL-UNNAMED --add-opens=java.prefs/java.util.prefs=ALL-UNNAMED --add-opens=java.base/java.nio.charset=ALL-UNNAMED --add-opens=java.base/java.net=ALL-UNNAMED --add-opens=java.base/java.util.concurrent.atomic=ALL-UNNAMED --add-opens=java.xml/javax.xml.namespace=ALL-UNNAMED -Xmx2048m -Dfile.encoding=UTF-8 -Duser.country=US -Duser.language=en -Duser.variant -javaagent:C:\Users\ajays\.gradle\wrapper\dists\gradle-8.13-bin\5xuhj0ry160q40clulazy9h7d\gradle-8.13\lib\agents\gradle-instrumentation-agent-8.13.jar org.gradle.launcher.daemon.bootstrap.GradleDaemon 8.13

Host: 12th Gen Intel(R) Core(TM) i3-12100, 8 cores, 15G,  Windows 11 , 64 bit Build 26100 (10.0.26100.7623)
Time: Tue Jan 27 00:33:53 2026 India Standard Time elapsed time: 47.629096 seconds (0d 0h 0m 47s)

---------------  T H R E A D  ---------------

Current thread (0x0000020fa5641d90):  JavaThread "C2 CompilerThread2" daemon [_thread_in_native, id=22960, stack(0x000000f288d00000,0x000000f288e00000) (1024K)]


Current CompileTask:
C2:47629 17158   !   4       java.io.ObjectOutputStream::writeObject0 (620 bytes)

Stack: [0x000000f288d00000,0x000000f288e00000]
Native frames: (J=compiled Java code, j=interpreted, Vv=VM code, C=native code)
V  [jvm.dll+0x6d68d9]
V  [jvm.dll+0x866693]
V  [jvm.dll+0x868c4e]
V  [jvm.dll+0x869333]
V  [jvm.dll+0x280566]
V  [jvm.dll+0xc07cd]
V  [jvm.dll+0xc0d03]
V  [jvm.dll+0x3b95e1]
V  [jvm.dll+0x385507]
V  [jvm.dll+0x38497a]
V  [jvm.dll+0x249252]
V  [jvm.dll+0x248821]
V  [jvm.dll+0x1c73a4]
V  [jvm.dll+0x257f9e]
V  [jvm.dll+0x2564e6]
V  [jvm.dll+0x3f4696]
V  [jvm.dll+0x80eac8]
V  [jvm.dll+0x6d512d]
C  [ucrtbase.dll+0x37b0]
C  [KERNEL32.DLL+0x2e8d7]
C  [ntdll.dll+0x8c53c]


---------------  P R O C E S S  ---------------

Threads class SMR info:
_java_thread_list=0x0000020fa1f783b0, length=156, elements={
0x0000020f820e91b0, 0x0000020f99905060, 0x0000020f99907b00, 0x0000020f999188f0,
0x0000020f99924760, 0x0000020f999251c0, 0x0000020f99927c30, 0x0000020f999306a0,
0x0000020f99956570, 0x0000020f999587b0, 0x0000020f99bfe790, 0x0000020f9f59a980,
0x0000020f9f59ca50, 0x0000020f9f59b6a0, 0x0000020f9f59d770, 0x0000020f9f59bd30,
0x0000020f9f59d0e0, 0x0000020f9f59a2f0, 0x0000020f9f59b010, 0x0000020f9f9d6fe0,
0x0000020f9f9d6950, 0x0000020f9f9d8a20, 0x0000020f9f9d7d00, 0x0000020f9f9d62c0,
0x0000020f9f9daaf0, 0x0000020f9f9da460, 0x0000020f9f9d9dd0, 0x0000020f9f9d7670,
0x0000020f9f9db180, 0x0000020f9f9db810, 0x0000020f9f9dc530, 0x0000020f9f9d90b0,
0x0000020f9f9dd250, 0x0000020f9f9dd8e0, 0x0000020fa042be20, 0x0000020fa04296c0,
0x0000020fa042aa70, 0x0000020fa042b790, 0x0000020fa0429030, 0x0000020fa04289a0,
0x0000020fa042c4b0, 0x0000020fa042cb40, 0x0000020fa042d1d0, 0x0000020fa0429d50,
0x0000020fa042d860, 0x0000020fa042a3e0, 0x0000020fa042f2a0, 0x0000020fa042f930,
0x0000020fa042def0, 0x0000020fa042e580, 0x0000020fa042ffc0, 0x0000020fa042ec10,
0x0000020fa16d8640, 0x0000020fa16dc7e0, 0x0000020fa16dc150, 0x0000020fa16de220,
0x0000020fa16dce70, 0x0000020fa16ddb90, 0x0000020fa16dd500, 0x0000020fa16de8b0,
0x0000020fa1cc3510, 0x0000020fa1cc0db0, 0x0000020fa1cc1440, 0x0000020fa1cc0090,
0x0000020fa1cc1ad0, 0x0000020fa1cc2160, 0x0000020fa1cc0720, 0x0000020fa1cc4230,
0x0000020fa1cc27f0, 0x0000020fa1cc3ba0, 0x0000020fa1cc6300, 0x0000020fa1cc48c0,
0x0000020fa1cc4f50, 0x0000020fa16da710, 0x0000020fa16d99f0, 0x0000020fa16dada0,
0x0000020fa39aac20, 0x0000020fa39ab2b0, 0x0000020fa39a9f00, 0x0000020fa39a8b50,
0x0000020fa39aa590, 0x0000020fa39ab940, 0x0000020fa39a84c0, 0x0000020fa39abfd0,
0x0000020fa39accf0, 0x0000020fa39a9870, 0x0000020fa39ad380, 0x0000020fa1cc5c70,
0x0000020fa16dbac0, 0x0000020fa5b0cfb0, 0x0000020fa5b0e9f0, 0x0000020fa5b0f080,
0x0000020fa5b0f710, 0x0000020fa5b0c290, 0x0000020fa5b0fda0, 0x0000020fa5b0d640,
0x0000020fa5b0e360, 0x0000020fa5b0c920, 0x0000020fa5b117e0, 0x0000020fa5b10ac0,
0x0000020fa5b138b0, 0x0000020fa5b13220, 0x0000020fa5b10430, 0x0000020fa5b11150,
0x0000020fa5b12500, 0x0000020fa5b12b90, 0x0000020fa2188590, 0x0000020fa218acf0,
0x0000020fa2187f00, 0x0000020fa2189fd0, 0x0000020fa2188c20, 0x0000020fa218a660,
0x0000020fa21892b0, 0x0000020fa2187870, 0x0000020fa218dae0, 0x0000020fa218cdc0,
0x0000020fa218d450, 0x0000020faba48210, 0x0000020faba4a970, 0x0000020faba4ca40,
0x0000020faba4bd20, 0x0000020faba4d760, 0x0000020faba4d0d0, 0x0000020faba4a2e0,
0x0000020faba44d90, 0x0000020faba45420, 0x0000020faba45ab0, 0x0000020faba42630,
0x0000020faba43350, 0x0000020faba46140, 0x0000020faba44700, 0x0000020faba42cc0,
0x0000020f9e2d6410, 0x0000020f9e2d5d80, 0x0000020f9e2e2260, 0x0000020f9e2e28f0,
0x0000020f9e2e2f80, 0x0000020f9e2e3610, 0x0000020fa563fb80, 0x0000020fa5641d90,
0x0000020f9e2d56f0, 0x0000020f9e2d7e50, 0x0000020f9e2d84e0, 0x0000020f9e2d7130,
0x0000020f9e2d77c0, 0x0000020f9e2d5060, 0x0000020f9e2d9f20, 0x0000020f9e2db2d0,
0x0000020fa5865640, 0x0000020fa58669f0, 0x0000020fa218e170, 0x0000020fa218e800,
0x0000020fa218ba10, 0x0000020fa218c0a0, 0x0000020fa218c730, 0x0000020f9e2db960
}

Java Threads: ( => current thread )
  0x0000020f820e91b0 JavaThread "main"                              [_thread_blocked, id=2248, stack(0x000000f2ff000000,0x000000f2ff100000) (1024K)]
  0x0000020f99905060 JavaThread "Common-Cleaner"             daemon [_thread_blocked, id=22724, stack(0x000000f2ff800000,0x000000f2ff900000) (1024K)]
  0x0000020f99907b00 JavaThread "Reference Handler"          daemon [_thread_blocked, id=25076, stack(0x000000f2ff900000,0x000000f2ffa00000) (1024K)]
  0x0000020f999188f0 JavaThread "Finalizer"                  daemon [_thread_blocked, id=1852, stack(0x000000f2ffa00000,0x000000f2ffb00000) (1024K)]
  0x0000020f99924760 JavaThread "Signal Dispatcher"          daemon [_thread_blocked, id=10416, stack(0x000000f2ffb00000,0x000000f2ffc00000) (1024K)]
  0x0000020f999251c0 JavaThread "Attach Listener"            daemon [_thread_blocked, id=22096, stack(0x000000f2ffc00000,0x000000f2ffd00000) (1024K)]
  0x0000020f99927c30 JavaThread "Service Thread"             daemon [_thread_blocked, id=25688, stack(0x000000f2ffd00000,0x000000f2ffe00000) (1024K)]
  0x0000020f999306a0 JavaThread "Monitor Deflation Thread"   daemon [_thread_blocked, id=8828, stack(0x000000f2ffe00000,0x000000f2fff00000) (1024K)]
  0x0000020f99956570 JavaThread "C2 CompilerThread0"         daemon [_thread_in_native, id=8744, stack(0x000000f2fff00000,0x000000f300000000) (1024K)]
  0x0000020f999587b0 JavaThread "C1 CompilerThread0"         daemon [_thread_blocked, id=8164, stack(0x000000f280000000,0x000000f280100000) (1024K)]
  0x0000020f99bfe790 JavaThread "Notification Thread"        daemon [_thread_blocked, id=30496, stack(0x000000f280100000,0x000000f280200000) (1024K)]
  0x0000020f9f59a980 JavaThread "Daemon health stats"               [_thread_blocked, id=16968, stack(0x000000f280900000,0x000000f280a00000) (1024K)]
  0x0000020f9f59ca50 JavaThread "Incoming local TCP Connector on port 49153"        [_thread_in_native, id=9364, stack(0x000000f280c00000,0x000000f280d00000) (1024K)]
  0x0000020f9f59b6a0 JavaThread "Daemon periodic checks"            [_thread_blocked, id=32388, stack(0x000000f280d00000,0x000000f280e00000) (1024K)]
  0x0000020f9f59d770 JavaThread "Daemon"                            [_thread_blocked, id=15016, stack(0x000000f280e00000,0x000000f280f00000) (1024K)]
  0x0000020f9f59bd30 JavaThread "Handler for socket connection from /127.0.0.1:49153 to /127.0.0.1:49154"        [_thread_in_native, id=1192, stack(0x000000f280f00000,0x000000f281000000) (1024K)]
  0x0000020f9f59d0e0 JavaThread "Cancel handler"                    [_thread_blocked, id=25164, stack(0x000000f281000000,0x000000f281100000) (1024K)]
  0x0000020f9f59a2f0 JavaThread "Daemon worker"                     [_thread_blocked, id=32356, stack(0x000000f281100000,0x000000f281200000) (1024K)]
  0x0000020f9f59b010 JavaThread "Asynchronous log dispatcher for DefaultDaemonConnection: socket connection from /127.0.0.1:49153 to /127.0.0.1:49154"        [_thread_blocked, id=4980, stack(0x000000f281200000,0x000000f281300000) (1024K)]
  0x0000020f9f9d6fe0 JavaThread "Stdin handler"                     [_thread_blocked, id=19576, stack(0x000000f281300000,0x000000f281400000) (1024K)]
  0x0000020f9f9d6950 JavaThread "Daemon client event forwarder"        [_thread_blocked, id=16164, stack(0x000000f281400000,0x000000f281500000) (1024K)]
  0x0000020f9f9d8a20 JavaThread "Cache worker for journal cache (C:\Users\ajays\.gradle\caches\journal-1)"        [_thread_blocked, id=28904, stack(0x000000f281600000,0x000000f281700000) (1024K)]
  0x0000020f9f9d7d00 JavaThread "File lock request listener"        [_thread_in_native, id=12796, stack(0x000000f281700000,0x000000f281800000) (1024K)]
  0x0000020f9f9d62c0 JavaThread "Cache worker for file hash cache (C:\Users\ajays\.gradle\caches\8.13\fileHashes)"        [_thread_blocked, id=18608, stack(0x000000f281800000,0x000000f281900000) (1024K)]
  0x0000020f9f9daaf0 JavaThread "Cache worker for file hash cache (D:\android\Teamozy\.gradle\8.13\fileHashes)"        [_thread_blocked, id=15632, stack(0x000000f281900000,0x000000f281a00000) (1024K)]
  0x0000020f9f9da460 JavaThread "Cache worker for Build Output Cleanup Cache (D:\android\Teamozy\.gradle\buildOutputCleanup)"        [_thread_blocked, id=10620, stack(0x000000f281a00000,0x000000f281b00000) (1024K)]
  0x0000020f9f9d9dd0 JavaThread "File watcher server"        daemon [_thread_in_native, id=4080, stack(0x000000f281b00000,0x000000f281c00000) (1024K)]
  0x0000020f9f9d7670 JavaThread "File watcher consumer"      daemon [_thread_blocked, id=4464, stack(0x000000f281c00000,0x000000f281d00000) (1024K)]
  0x0000020f9f9db180 JavaThread "jar transforms"                    [_thread_blocked, id=21392, stack(0x000000f281d00000,0x000000f281e00000) (1024K)]
  0x0000020f9f9db810 JavaThread "jar transforms Thread 2"           [_thread_blocked, id=10196, stack(0x000000f281e00000,0x000000f281f00000) (1024K)]
  0x0000020f9f9dc530 JavaThread "Cache worker for checksums cache (D:\android\Teamozy\.gradle\8.13\checksums)"        [_thread_blocked, id=27696, stack(0x000000f281f00000,0x000000f282000000) (1024K)]
  0x0000020f9f9d90b0 JavaThread "Cache worker for file content cache (C:\Users\ajays\.gradle\caches\8.13\fileContent)"        [_thread_blocked, id=29004, stack(0x000000f282000000,0x000000f282100000) (1024K)]
  0x0000020f9f9dd250 JavaThread "jar transforms Thread 3"           [_thread_blocked, id=26120, stack(0x000000f282100000,0x000000f282200000) (1024K)]
  0x0000020f9f9dd8e0 JavaThread "Cache worker for cache directory md-supplier (C:\Users\ajays\.gradle\caches\8.13\md-supplier)"        [_thread_blocked, id=22356, stack(0x000000f282200000,0x000000f282300000) (1024K)]
  0x0000020fa042be20 JavaThread "Cache worker for cache directory md-rule (C:\Users\ajays\.gradle\caches\8.13\md-rule)"        [_thread_blocked, id=2204, stack(0x000000f282300000,0x000000f282400000) (1024K)]
  0x0000020fa04296c0 JavaThread "Unconstrained build operations"        [_thread_blocked, id=26836, stack(0x000000f282400000,0x000000f282500000) (1024K)]
  0x0000020fa042aa70 JavaThread "Unconstrained build operations Thread 2"        [_thread_blocked, id=6024, stack(0x000000f282500000,0x000000f282600000) (1024K)]
  0x0000020fa042b790 JavaThread "Unconstrained build operations Thread 3"        [_thread_blocked, id=18344, stack(0x000000f282600000,0x000000f282700000) (1024K)]
  0x0000020fa0429030 JavaThread "Unconstrained build operations Thread 4"        [_thread_blocked, id=6888, stack(0x000000f282700000,0x000000f282800000) (1024K)]
  0x0000020fa04289a0 JavaThread "Unconstrained build operations Thread 5"        [_thread_blocked, id=32576, stack(0x000000f282800000,0x000000f282900000) (1024K)]
  0x0000020fa042c4b0 JavaThread "Unconstrained build operations Thread 6"        [_thread_blocked, id=5936, stack(0x000000f282900000,0x000000f282a00000) (1024K)]
  0x0000020fa042cb40 JavaThread "Unconstrained build operations Thread 7"        [_thread_blocked, id=29336, stack(0x000000f282a00000,0x000000f282b00000) (1024K)]
  0x0000020fa042d1d0 JavaThread "Unconstrained build operations Thread 8"        [_thread_blocked, id=23888, stack(0x000000f282b00000,0x000000f282c00000) (1024K)]
  0x0000020fa0429d50 JavaThread "jar transforms Thread 4"           [_thread_blocked, id=19784, stack(0x000000f280300000,0x000000f280400000) (1024K)]
  0x0000020fa042d860 JavaThread "jar transforms Thread 5"           [_thread_blocked, id=8112, stack(0x000000f282c00000,0x000000f282d00000) (1024K)]
  0x0000020fa042a3e0 JavaThread "Unconstrained build operations Thread 9"        [_thread_blocked, id=14444, stack(0x000000f282d00000,0x000000f282e00000) (1024K)]
  0x0000020fa042f2a0 JavaThread "Unconstrained build operations Thread 10"        [_thread_blocked, id=21856, stack(0x000000f282e00000,0x000000f282f00000) (1024K)]
  0x0000020fa042f930 JavaThread "Unconstrained build operations Thread 11"        [_thread_blocked, id=2816, stack(0x000000f282f00000,0x000000f283000000) (1024K)]
  0x0000020fa042def0 JavaThread "Unconstrained build operations Thread 12"        [_thread_blocked, id=28172, stack(0x000000f283000000,0x000000f283100000) (1024K)]
  0x0000020fa042e580 JavaThread "jar transforms Thread 6"           [_thread_blocked, id=7580, stack(0x000000f283100000,0x000000f283200000) (1024K)]
  0x0000020fa042ffc0 JavaThread "jar transforms Thread 7"           [_thread_blocked, id=15936, stack(0x000000f283200000,0x000000f283300000) (1024K)]
  0x0000020fa042ec10 JavaThread "jar transforms Thread 8"           [_thread_blocked, id=30448, stack(0x000000f283300000,0x000000f283400000) (1024K)]
  0x0000020fa16d8640 JavaThread "Unconstrained build operations Thread 13"        [_thread_blocked, id=7344, stack(0x000000f283500000,0x000000f283600000) (1024K)]
  0x0000020fa16dc7e0 JavaThread "Unconstrained build operations Thread 14"        [_thread_blocked, id=25428, stack(0x000000f283600000,0x000000f283700000) (1024K)]
  0x0000020fa16dc150 JavaThread "Unconstrained build operations Thread 15"        [_thread_blocked, id=10704, stack(0x000000f283700000,0x000000f283800000) (1024K)]
  0x0000020fa16de220 JavaThread "Unconstrained build operations Thread 16"        [_thread_blocked, id=18868, stack(0x000000f283800000,0x000000f283900000) (1024K)]
  0x0000020fa16dce70 JavaThread "Unconstrained build operations Thread 17"        [_thread_blocked, id=31696, stack(0x000000f283900000,0x000000f283a00000) (1024K)]
  0x0000020fa16ddb90 JavaThread "Unconstrained build operations Thread 18"        [_thread_blocked, id=20660, stack(0x000000f283a00000,0x000000f283b00000) (1024K)]
  0x0000020fa16dd500 JavaThread "Unconstrained build operations Thread 19"        [_thread_blocked, id=14192, stack(0x000000f283b00000,0x000000f283c00000) (1024K)]
  0x0000020fa16de8b0 JavaThread "Unconstrained build operations Thread 20"        [_thread_blocked, id=6456, stack(0x000000f283c00000,0x000000f283d00000) (1024K)]
  0x0000020fa1cc3510 JavaThread "Unconstrained build operations Thread 21"        [_thread_blocked, id=17620, stack(0x000000f283d00000,0x000000f283e00000) (1024K)]
  0x0000020fa1cc0db0 JavaThread "Unconstrained build operations Thread 22"        [_thread_blocked, id=27592, stack(0x000000f283e00000,0x000000f283f00000) (1024K)]
  0x0000020fa1cc1440 JavaThread "Unconstrained build operations Thread 23"        [_thread_blocked, id=25896, stack(0x000000f283f00000,0x000000f284000000) (1024K)]
  0x0000020fa1cc0090 JavaThread "Unconstrained build operations Thread 24"        [_thread_blocked, id=28488, stack(0x000000f284000000,0x000000f284100000) (1024K)]
  0x0000020fa1cc1ad0 JavaThread "Unconstrained build operations Thread 25"        [_thread_blocked, id=25100, stack(0x000000f284100000,0x000000f284200000) (1024K)]
  0x0000020fa1cc2160 JavaThread "Unconstrained build operations Thread 26"        [_thread_blocked, id=14788, stack(0x000000f284200000,0x000000f284300000) (1024K)]
  0x0000020fa1cc0720 JavaThread "Unconstrained build operations Thread 27"        [_thread_blocked, id=7832, stack(0x000000f284300000,0x000000f284400000) (1024K)]
  0x0000020fa1cc4230 JavaThread "Unconstrained build operations Thread 28"        [_thread_blocked, id=25632, stack(0x000000f284400000,0x000000f284500000) (1024K)]
  0x0000020fa1cc27f0 JavaThread "Unconstrained build operations Thread 29"        [_thread_blocked, id=27792, stack(0x000000f284500000,0x000000f284600000) (1024K)]
  0x0000020fa1cc3ba0 JavaThread "Unconstrained build operations Thread 30"        [_thread_blocked, id=22804, stack(0x000000f284600000,0x000000f284700000) (1024K)]
  0x0000020fa1cc6300 JavaThread "Unconstrained build operations Thread 31"        [_thread_blocked, id=8624, stack(0x000000f284700000,0x000000f284800000) (1024K)]
  0x0000020fa1cc48c0 JavaThread "Unconstrained build operations Thread 32"        [_thread_blocked, id=22704, stack(0x000000f284800000,0x000000f284900000) (1024K)]
  0x0000020fa1cc4f50 JavaThread "Unconstrained build operations Thread 33"        [_thread_blocked, id=32076, stack(0x000000f284900000,0x000000f284a00000) (1024K)]
  0x0000020fa16da710 JavaThread "Unconstrained build operations Thread 34"        [_thread_blocked, id=11628, stack(0x000000f284a00000,0x000000f284b00000) (1024K)]
  0x0000020fa16d99f0 JavaThread "Unconstrained build operations Thread 35"        [_thread_blocked, id=31952, stack(0x000000f284b00000,0x000000f284c00000) (1024K)]
  0x0000020fa16dada0 JavaThread "Unconstrained build operations Thread 36"        [_thread_blocked, id=26160, stack(0x000000f284c00000,0x000000f284d00000) (1024K)]
  0x0000020fa39aac20 JavaThread "Unconstrained build operations Thread 37"        [_thread_blocked, id=9668, stack(0x000000f284d00000,0x000000f284e00000) (1024K)]
  0x0000020fa39ab2b0 JavaThread "Unconstrained build operations Thread 38"        [_thread_blocked, id=21756, stack(0x000000f284e00000,0x000000f284f00000) (1024K)]
  0x0000020fa39a9f00 JavaThread "Unconstrained build operations Thread 39"        [_thread_blocked, id=15792, stack(0x000000f284f00000,0x000000f285000000) (1024K)]
  0x0000020fa39a8b50 JavaThread "Unconstrained build operations Thread 40"        [_thread_blocked, id=32208, stack(0x000000f285000000,0x000000f285100000) (1024K)]
  0x0000020fa39aa590 JavaThread "Unconstrained build operations Thread 41"        [_thread_blocked, id=31652, stack(0x000000f285100000,0x000000f285200000) (1024K)]
  0x0000020fa39ab940 JavaThread "Unconstrained build operations Thread 42"        [_thread_blocked, id=13988, stack(0x000000f285200000,0x000000f285300000) (1024K)]
  0x0000020fa39a84c0 JavaThread "Unconstrained build operations Thread 43"        [_thread_blocked, id=10372, stack(0x000000f285300000,0x000000f285400000) (1024K)]
  0x0000020fa39abfd0 JavaThread "Unconstrained build operations Thread 44"        [_thread_blocked, id=30188, stack(0x000000f285400000,0x000000f285500000) (1024K)]
  0x0000020fa39accf0 JavaThread "build event listener"              [_thread_blocked, id=22512, stack(0x000000f285500000,0x000000f285600000) (1024K)]
  0x0000020fa39a9870 JavaThread "Memory manager"                    [_thread_blocked, id=17040, stack(0x000000f283400000,0x000000f283500000) (1024K)]
  0x0000020fa39ad380 JavaThread "build event listener"              [_thread_blocked, id=16252, stack(0x000000f285700000,0x000000f285800000) (1024K)]
  0x0000020fa1cc5c70 JavaThread "included builds"                   [_thread_blocked, id=20468, stack(0x000000f285800000,0x000000f285900000) (1024K)]
  0x0000020fa16dbac0 JavaThread "Execution worker"                  [_thread_blocked, id=21376, stack(0x000000f285900000,0x000000f285a00000) (1024K)]
  0x0000020fa5b0cfb0 JavaThread "Execution worker Thread 2"         [_thread_blocked, id=8056, stack(0x000000f285a00000,0x000000f285b00000) (1024K)]
  0x0000020fa5b0e9f0 JavaThread "Execution worker Thread 3"         [_thread_blocked, id=31184, stack(0x000000f285b00000,0x000000f285c00000) (1024K)]
  0x0000020fa5b0f080 JavaThread "Execution worker Thread 4"         [_thread_blocked, id=28404, stack(0x000000f285c00000,0x000000f285d00000) (1024K)]
  0x0000020fa5b0f710 JavaThread "Execution worker Thread 5"         [_thread_blocked, id=13372, stack(0x000000f285d00000,0x000000f285e00000) (1024K)]
  0x0000020fa5b0c290 JavaThread "Execution worker Thread 6"         [_thread_blocked, id=13220, stack(0x000000f285e00000,0x000000f285f00000) (1024K)]
  0x0000020fa5b0fda0 JavaThread "Execution worker Thread 7"         [_thread_blocked, id=24008, stack(0x000000f285f00000,0x000000f286000000) (1024K)]
  0x0000020fa5b0d640 JavaThread "Cache worker for execution history cache (D:\android\Teamozy\.gradle\8.13\executionHistory)"        [_thread_blocked, id=4560, stack(0x000000f286000000,0x000000f286100000) (1024K)]
  0x0000020fa5b0e360 JavaThread "Unconstrained build operations Thread 45"        [_thread_blocked, id=17416, stack(0x000000f286100000,0x000000f286200000) (1024K)]
  0x0000020fa5b0c920 JavaThread "Unconstrained build operations Thread 46"        [_thread_blocked, id=20088, stack(0x000000f286200000,0x000000f286300000) (1024K)]
  0x0000020fa5b117e0 JavaThread "Unconstrained build operations Thread 47"        [_thread_blocked, id=18748, stack(0x000000f286300000,0x000000f286400000) (1024K)]
  0x0000020fa5b10ac0 JavaThread "Unconstrained build operations Thread 48"        [_thread_blocked, id=27780, stack(0x000000f286400000,0x000000f286500000) (1024K)]
  0x0000020fa5b138b0 JavaThread "Unconstrained build operations Thread 49"        [_thread_blocked, id=13668, stack(0x000000f286500000,0x000000f286600000) (1024K)]
  0x0000020fa5b13220 JavaThread "Unconstrained build operations Thread 50"        [_thread_blocked, id=24160, stack(0x000000f286600000,0x000000f286700000) (1024K)]
  0x0000020fa5b10430 JavaThread "Unconstrained build operations Thread 51"        [_thread_blocked, id=6052, stack(0x000000f286700000,0x000000f286800000) (1024K)]
  0x0000020fa5b11150 JavaThread "Unconstrained build operations Thread 52"        [_thread_blocked, id=18084, stack(0x000000f286800000,0x000000f286900000) (1024K)]
  0x0000020fa5b12500 JavaThread "Unconstrained build operations Thread 53"        [_thread_blocked, id=11356, stack(0x000000f286900000,0x000000f286a00000) (1024K)]
  0x0000020fa5b12b90 JavaThread "Unconstrained build operations Thread 54"        [_thread_blocked, id=32736, stack(0x000000f286a00000,0x000000f286b00000) (1024K)]
  0x0000020fa2188590 JavaThread "Unconstrained build operations Thread 55"        [_thread_blocked, id=26720, stack(0x000000f286b00000,0x000000f286c00000) (1024K)]
  0x0000020fa218acf0 JavaThread "Unconstrained build operations Thread 56"        [_thread_blocked, id=14244, stack(0x000000f286c00000,0x000000f286d00000) (1024K)]
  0x0000020fa2187f00 JavaThread "Unconstrained build operations Thread 57"        [_thread_blocked, id=20044, stack(0x000000f286d00000,0x000000f286e00000) (1024K)]
  0x0000020fa2189fd0 JavaThread "Unconstrained build operations Thread 58"        [_thread_blocked, id=3248, stack(0x000000f286e00000,0x000000f286f00000) (1024K)]
  0x0000020fa2188c20 JavaThread "Unconstrained build operations Thread 59"        [_thread_blocked, id=7188, stack(0x000000f286f00000,0x000000f287000000) (1024K)]
  0x0000020fa218a660 JavaThread "Unconstrained build operations Thread 60"        [_thread_blocked, id=22868, stack(0x000000f287000000,0x000000f287100000) (1024K)]
  0x0000020fa21892b0 JavaThread "Unconstrained build operations Thread 61"        [_thread_blocked, id=17800, stack(0x000000f287100000,0x000000f287200000) (1024K)]
  0x0000020fa2187870 JavaThread "Unconstrained build operations Thread 62"        [_thread_blocked, id=30976, stack(0x000000f287200000,0x000000f287300000) (1024K)]
  0x0000020fa218dae0 JavaThread "Unconstrained build operations Thread 63"        [_thread_blocked, id=19536, stack(0x000000f287300000,0x000000f287400000) (1024K)]
  0x0000020fa218cdc0 JavaThread "Unconstrained build operations Thread 64"        [_thread_blocked, id=30596, stack(0x000000f287400000,0x000000f287500000) (1024K)]
  0x0000020fa218d450 JavaThread "Unconstrained build operations Thread 65"        [_thread_blocked, id=29892, stack(0x000000f287500000,0x000000f287600000) (1024K)]
  0x0000020faba48210 JavaThread "Unconstrained build operations Thread 66"        [_thread_blocked, id=9572, stack(0x000000f287600000,0x000000f287700000) (1024K)]
  0x0000020faba4a970 JavaThread "Unconstrained build operations Thread 67"        [_thread_blocked, id=16124, stack(0x000000f287700000,0x000000f287800000) (1024K)]
  0x0000020faba4ca40 JavaThread "Unconstrained build operations Thread 68"        [_thread_blocked, id=3636, stack(0x000000f287800000,0x000000f287900000) (1024K)]
  0x0000020faba4bd20 JavaThread "Unconstrained build operations Thread 69"        [_thread_blocked, id=2684, stack(0x000000f287900000,0x000000f287a00000) (1024K)]
  0x0000020faba4d760 JavaThread "Unconstrained build operations Thread 70"        [_thread_blocked, id=3684, stack(0x000000f287a00000,0x000000f287b00000) (1024K)]
  0x0000020faba4d0d0 JavaThread "Unconstrained build operations Thread 71"        [_thread_blocked, id=28504, stack(0x000000f287b00000,0x000000f287c00000) (1024K)]
  0x0000020faba4a2e0 JavaThread "Unconstrained build operations Thread 72"        [_thread_blocked, id=9960, stack(0x000000f287c00000,0x000000f287d00000) (1024K)]
  0x0000020faba44d90 JavaThread "Unconstrained build operations Thread 73"        [_thread_blocked, id=18772, stack(0x000000f287d00000,0x000000f287e00000) (1024K)]
  0x0000020faba45420 JavaThread "Unconstrained build operations Thread 74"        [_thread_blocked, id=16128, stack(0x000000f287e00000,0x000000f287f00000) (1024K)]
  0x0000020faba45ab0 JavaThread "Unconstrained build operations Thread 75"        [_thread_blocked, id=27284, stack(0x000000f287f00000,0x000000f288000000) (1024K)]
  0x0000020faba42630 JavaThread "Unconstrained build operations Thread 76"        [_thread_blocked, id=7548, stack(0x000000f288000000,0x000000f288100000) (1024K)]
  0x0000020faba43350 JavaThread "Unconstrained build operations Thread 77"        [_thread_blocked, id=13496, stack(0x000000f288100000,0x000000f288200000) (1024K)]
  0x0000020faba46140 JavaThread "Unconstrained build operations Thread 78"        [_thread_blocked, id=5540, stack(0x000000f288200000,0x000000f288300000) (1024K)]
  0x0000020faba44700 JavaThread "Unconstrained build operations Thread 79"        [_thread_blocked, id=31556, stack(0x000000f288300000,0x000000f288400000) (1024K)]
  0x0000020faba42cc0 JavaThread "Unconstrained build operations Thread 80"        [_thread_blocked, id=5348, stack(0x000000f288400000,0x000000f288500000) (1024K)]
  0x0000020f9e2d6410 JavaThread "WorkerExecutor Queue"              [_thread_blocked, id=11736, stack(0x000000f288500000,0x000000f288600000) (1024K)]
  0x0000020f9e2d5d80 JavaThread "RMI Scheduler(0)"           daemon [_thread_blocked, id=1432, stack(0x000000f285600000,0x000000f285700000) (1024K)]
  0x0000020f9e2e2260 JavaThread "RMI GC Daemon"              daemon [_thread_blocked, id=12332, stack(0x000000f288700000,0x000000f288800000) (1024K)]
  0x0000020f9e2e28f0 JavaThread "RMI TCP Accept-0"           daemon [_thread_in_native, id=17980, stack(0x000000f288800000,0x000000f288900000) (1024K)]
  0x0000020f9e2e2f80 JavaThread "RMI Reaper"                        [_thread_blocked, id=26612, stack(0x000000f288900000,0x000000f288a00000) (1024K)]
  0x0000020f9e2e3610 JavaThread "RMI TCP Connection(2)-127.0.0.1" daemon [_thread_in_native, id=18144, stack(0x000000f288a00000,0x000000f288b00000) (1024K)]
  0x0000020fa563fb80 JavaThread "C2 CompilerThread1"         daemon [_thread_in_native, id=2376, stack(0x000000f288c00000,0x000000f288d00000) (1024K)]
=>0x0000020fa5641d90 JavaThread "C2 CompilerThread2"         daemon [_thread_in_native, id=22960, stack(0x000000f288d00000,0x000000f288e00000) (1024K)]
  0x0000020f9e2d56f0 JavaThread "Cache worker for Java compile cache (C:\Users\ajays\.gradle\caches\8.13\javaCompile)"        [_thread_blocked, id=17220, stack(0x000000f288600000,0x000000f288700000) (1024K)]
  0x0000020f9e2d7e50 JavaThread "Build operations"                  [_thread_blocked, id=30084, stack(0x000000f288e00000,0x000000f288f00000) (1024K)]
  0x0000020f9e2d84e0 JavaThread "Build operations Thread 2"         [_thread_blocked, id=12472, stack(0x000000f288f00000,0x000000f289000000) (1024K)]
  0x0000020f9e2d7130 JavaThread "Build operations Thread 3"         [_thread_blocked, id=23668, stack(0x000000f289000000,0x000000f289100000) (1024K)]
  0x0000020f9e2d77c0 JavaThread "Build operations Thread 4"         [_thread_blocked, id=12312, stack(0x000000f289100000,0x000000f289200000) (1024K)]
  0x0000020f9e2d5060 JavaThread "Build operations Thread 5"         [_thread_blocked, id=28156, stack(0x000000f289200000,0x000000f289300000) (1024K)]
  0x0000020f9e2d9f20 JavaThread "Build operations Thread 6"         [_thread_blocked, id=2788, stack(0x000000f289300000,0x000000f289400000) (1024K)]
  0x0000020f9e2db2d0 JavaThread "Build operations Thread 7"         [_thread_blocked, id=31992, stack(0x000000f289400000,0x000000f289500000) (1024K)]
  0x0000020fa5865640 JavaThread "WorkerExecutor Queue Thread 2"        [_thread_blocked, id=3024, stack(0x000000f289500000,0x000000f289600000) (1024K)]
  0x0000020fa58669f0 JavaThread "WorkerExecutor Queue Thread 3"        [_thread_in_native, id=23088, stack(0x000000f289600000,0x000000f289700000) (1024K)]
  0x0000020fa218e170 JavaThread "WorkerExecutor Queue Thread 4"        [_thread_blocked, id=7892, stack(0x000000f289700000,0x000000f289800000) (1024K)]
  0x0000020fa218e800 JavaThread "WorkerExecutor Queue Thread 5"        [_thread_blocked, id=28792, stack(0x000000f289800000,0x000000f289900000) (1024K)]
  0x0000020fa218ba10 JavaThread "WorkerExecutor Queue Thread 6"        [_thread_blocked, id=24024, stack(0x000000f289900000,0x000000f289a00000) (1024K)]
  0x0000020fa218c0a0 JavaThread "WorkerExecutor Queue Thread 7"        [_thread_blocked, id=31808, stack(0x000000f289a00000,0x000000f289b00000) (1024K)]
  0x0000020fa218c730 JavaThread "WorkerExecutor Queue Thread 8"        [_thread_blocked, id=24832, stack(0x000000f289b00000,0x000000f289c00000) (1024K)]
  0x0000020f9e2db960 JavaThread "WorkerExecutor Queue Thread 9"        [_thread_blocked, id=14524, stack(0x000000f289c00000,0x000000f289d00000) (1024K)]
Total: 156

Other Threads:
  0x0000020f9988d3a0 VMThread "VM Thread"                           [id=9360, stack(0x000000f2ff700000,0x000000f2ff800000) (1024K)]
  0x0000020f998809d0 WatcherThread "VM Periodic Task Thread"        [id=8996, stack(0x000000f2ff600000,0x000000f2ff700000) (1024K)]
  0x0000020f82144000 WorkerThread "GC Thread#0"                     [id=13032, stack(0x000000f2ff100000,0x000000f2ff200000) (1024K)]
  0x0000020f9e6da2b0 WorkerThread "GC Thread#1"                     [id=6540, stack(0x000000f280400000,0x000000f280500000) (1024K)]
  0x0000020f9e6da650 WorkerThread "GC Thread#2"                     [id=19604, stack(0x000000f280500000,0x000000f280600000) (1024K)]
  0x0000020f9e2e5460 WorkerThread "GC Thread#3"                     [id=24556, stack(0x000000f280600000,0x000000f280700000) (1024K)]
  0x0000020f9e2e5800 WorkerThread "GC Thread#4"                     [id=28352, stack(0x000000f280700000,0x000000f280800000) (1024K)]
  0x0000020f9e2e5ba0 WorkerThread "GC Thread#5"                     [id=31308, stack(0x000000f280800000,0x000000f280900000) (1024K)]
  0x0000020f9faf0b80 WorkerThread "GC Thread#6"                     [id=12692, stack(0x000000f280a00000,0x000000f280b00000) (1024K)]
  0x0000020f9faf1330 WorkerThread "GC Thread#7"                     [id=25612, stack(0x000000f280b00000,0x000000f280c00000) (1024K)]
  0x0000020f82193010 ConcurrentGCThread "G1 Main Marker"            [id=28472, stack(0x000000f2ff200000,0x000000f2ff300000) (1024K)]
  0x0000020f821941c0 WorkerThread "G1 Conc#0"                       [id=23424, stack(0x000000f2ff300000,0x000000f2ff400000) (1024K)]
  0x0000020f9fbad6b0 WorkerThread "G1 Conc#1"                       [id=30092, stack(0x000000f281500000,0x000000f281600000) (1024K)]
  0x0000020f996f4c20 ConcurrentGCThread "G1 Refine#0"               [id=14152, stack(0x000000f2ff400000,0x000000f2ff500000) (1024K)]
  0x0000020f996f6450 ConcurrentGCThread "G1 Service"                [id=19140, stack(0x000000f2ff500000,0x000000f2ff600000) (1024K)]
Total: 15

Threads with active compile tasks:
C2 CompilerThread0  47641 17252       4       sun.nio.fs.WindowsPath::relativize (391 bytes)
C2 CompilerThread1  47641 17142       4       java.io.ObjectOutputStream::writeClassDesc (60 bytes)
C2 CompilerThread2  47641 17158   !   4       java.io.ObjectOutputStream::writeObject0 (620 bytes)
Total: 3

VM state: not at safepoint (normal execution)

VM Mutex/Monitor currently owned by a thread: None

Heap address: 0x0000000080000000, size: 2048 MB, Compressed Oops mode: 32-bit

CDS archive(s) not mapped
Compressed class space mapped at: 0x0000000100000000-0x0000000140000000, reserved size: 1073741824
Narrow klass base: 0x0000000000000000, Narrow klass shift: 3, Narrow klass range: 0x140000000

GC Precious Log:
 CardTable entry size: 512
 Card Set container configuration: InlinePtr #cards 5 size 8 Array Of Cards #cards 12 size 40 Howl #buckets 4 coarsen threshold 1843 Howl Bitmap #cards 512 size 80 coarsen threshold 460 Card regions per heap region 1 cards per card region 2048
 CPUs: 8 total, 8 available
 Memory: 16153M
 Large Page Support: Disabled
 NUMA Support: Disabled
 Compressed Oops: Enabled (32-bit)
 Heap Region Size: 1M
 Heap Min Capacity: 8M
 Heap Initial Capacity: 254M
 Heap Max Capacity: 2G
 Pre-touch: Disabled
 Parallel Workers: 8
 Concurrent Workers: 2
 Concurrent Refinement Workers: 8
 Periodic GC: Disabled

Heap:
 garbage-first heap   total 421888K, used 207017K [0x0000000080000000, 0x0000000100000000)
  region size 1024K, 12 young (12288K), 6 survivors (6144K)
 Metaspace       used 129468K, committed 131840K, reserved 1179648K
  class space    used 18211K, committed 19392K, reserved 1048576K

Heap Regions: E=young(eden), S=young(survivor), O=old, HS=humongous(starts), HC=humongous(continues), CS=collection set, F=free, TAMS=top-at-mark-start, PB=parsable bottom
|   0|0x0000000080000000, 0x0000000080100000, 0x0000000080100000|100%|HS|  |TAMS 0x0000000080000000| PB 0x0000000080000000| Complete 
|   1|0x0000000080100000, 0x0000000080200000, 0x0000000080200000|100%|HC|  |TAMS 0x0000000080100000| PB 0x0000000080100000| Complete 
|   2|0x0000000080200000, 0x0000000080300000, 0x0000000080300000|100%|HC|  |TAMS 0x0000000080200000| PB 0x0000000080200000| Complete 
|   3|0x0000000080300000, 0x0000000080400000, 0x0000000080400000|100%| O|  |TAMS 0x0000000080300000| PB 0x0000000080300000| Untracked 
|   4|0x0000000080400000, 0x0000000080500000, 0x0000000080500000|100%| O|  |TAMS 0x0000000080400000| PB 0x0000000080400000| Untracked 
|   5|0x0000000080500000, 0x0000000080600000, 0x0000000080600000|100%| O|  |TAMS 0x0000000080500000| PB 0x0000000080500000| Untracked 
|   6|0x0000000080600000, 0x0000000080700000, 0x0000000080700000|100%|HS|  |TAMS 0x0000000080600000| PB 0x0000000080600000| Complete 
|   7|0x0000000080700000, 0x0000000080800000, 0x0000000080800000|100%| O|  |TAMS 0x0000000080700000| PB 0x0000000080700000| Untracked 
|   8|0x0000000080800000, 0x0000000080900000, 0x0000000080900000|100%| O|  |TAMS 0x0000000080800000| PB 0x0000000080800000| Untracked 
|   9|0x0000000080900000, 0x0000000080a00000, 0x0000000080a00000|100%| O|  |TAMS 0x0000000080900000| PB 0x0000000080900000| Untracked 
|  10|0x0000000080a00000, 0x0000000080b00000, 0x0000000080b00000|100%| O|  |TAMS 0x0000000080a00000| PB 0x0000000080a00000| Untracked 
|  11|0x0000000080b00000, 0x0000000080c00000, 0x0000000080c00000|100%| O|  |TAMS 0x0000000080b00000| PB 0x0000000080b00000| Untracked 
|  12|0x0000000080c00000, 0x0000000080d00000, 0x0000000080d00000|100%| O|  |TAMS 0x0000000080c00000| PB 0x0000000080c00000| Untracked 
|  13|0x0000000080d00000, 0x0000000080e00000, 0x0000000080e00000|100%| O|  |TAMS 0x0000000080d00000| PB 0x0000000080d00000| Untracked 
|  14|0x0000000080e00000, 0x0000000080f00000, 0x0000000080f00000|100%| O|  |TAMS 0x0000000080e00000| PB 0x0000000080e00000| Untracked 
|  15|0x0000000080f00000, 0x0000000081000000, 0x0000000081000000|100%| O|  |TAMS 0x0000000080f00000| PB 0x0000000080f00000| Untracked 
|  16|0x0000000081000000, 0x0000000081100000, 0x0000000081100000|100%| O|  |TAMS 0x0000000081000000| PB 0x0000000081000000| Untracked 
|  17|0x0000000081100000, 0x0000000081200000, 0x0000000081200000|100%| O|  |TAMS 0x0000000081100000| PB 0x0000000081100000| Untracked 
|  18|0x0000000081200000, 0x0000000081300000, 0x0000000081300000|100%| O|  |TAMS 0x0000000081200000| PB 0x0000000081200000| Untracked 
|  19|0x0000000081300000, 0x0000000081400000, 0x0000000081400000|100%| O|  |TAMS 0x0000000081300000| PB 0x0000000081300000| Untracked 
|  20|0x0000000081400000, 0x0000000081500000, 0x0000000081500000|100%| O|  |TAMS 0x0000000081400000| PB 0x0000000081400000| Untracked 
|  21|0x0000000081500000, 0x0000000081600000, 0x0000000081600000|100%| O|  |TAMS 0x0000000081500000| PB 0x0000000081500000| Untracked 
|  22|0x0000000081600000, 0x0000000081700000, 0x0000000081700000|100%| O|  |TAMS 0x0000000081600000| PB 0x0000000081600000| Untracked 
|  23|0x0000000081700000, 0x0000000081800000, 0x0000000081800000|100%| O|  |TAMS 0x0000000081700000| PB 0x0000000081700000| Untracked 
|  24|0x0000000081800000, 0x0000000081900000, 0x0000000081900000|100%| O|  |TAMS 0x0000000081800000| PB 0x0000000081800000| Untracked 
|  25|0x0000000081900000, 0x0000000081a00000, 0x0000000081a00000|100%| O|  |TAMS 0x0000000081900000| PB 0x0000000081900000| Untracked 
|  26|0x0000000081a00000, 0x0000000081b00000, 0x0000000081b00000|100%| O|  |TAMS 0x0000000081a00000| PB 0x0000000081a00000| Untracked 
|  27|0x0000000081b00000, 0x0000000081c00000, 0x0000000081c00000|100%| O|  |TAMS 0x0000000081b00000| PB 0x0000000081b00000| Untracked 
|  28|0x0000000081c00000, 0x0000000081d00000, 0x0000000081d00000|100%| O|  |TAMS 0x0000000081c00000| PB 0x0000000081c00000| Untracked 
|  29|0x0000000081d00000, 0x0000000081e00000, 0x0000000081e00000|100%| O|  |TAMS 0x0000000081d00000| PB 0x0000000081d00000| Untracked 
|  30|0x0000000081e00000, 0x0000000081f00000, 0x0000000081f00000|100%| O|  |TAMS 0x0000000081e00000| PB 0x0000000081e00000| Untracked 
|  31|0x0000000081f00000, 0x0000000082000000, 0x0000000082000000|100%|HS|  |TAMS 0x0000000081f00000| PB 0x0000000081f00000| Complete 
|  32|0x0000000082000000, 0x0000000082100000, 0x0000000082100000|100%| O|  |TAMS 0x0000000082000000| PB 0x0000000082000000| Untracked 
|  33|0x0000000082100000, 0x0000000082200000, 0x0000000082200000|100%| O|  |TAMS 0x0000000082100000| PB 0x0000000082100000| Untracked 
|  34|0x0000000082200000, 0x0000000082300000, 0x0000000082300000|100%| O|  |TAMS 0x0000000082200000| PB 0x0000000082200000| Untracked 
|  35|0x0000000082300000, 0x0000000082400000, 0x0000000082400000|100%| O|  |TAMS 0x0000000082300000| PB 0x0000000082300000| Untracked 
|  36|0x0000000082400000, 0x0000000082500000, 0x0000000082500000|100%| O|  |TAMS 0x0000000082400000| PB 0x0000000082400000| Untracked 
|  37|0x0000000082500000, 0x0000000082600000, 0x0000000082600000|100%| O|  |TAMS 0x0000000082500000| PB 0x0000000082500000| Untracked 
|  38|0x0000000082600000, 0x0000000082700000, 0x0000000082700000|100%| O|  |TAMS 0x0000000082600000| PB 0x0000000082600000| Untracked 
|  39|0x0000000082700000, 0x0000000082800000, 0x0000000082800000|100%| O|  |TAMS 0x0000000082700000| PB 0x0000000082700000| Untracked 
|  40|0x0000000082800000, 0x0000000082900000, 0x0000000082900000|100%| O|  |TAMS 0x0000000082800000| PB 0x0000000082800000| Untracked 
|  41|0x0000000082900000, 0x0000000082a00000, 0x0000000082a00000|100%| O|  |TAMS 0x0000000082900000| PB 0x0000000082900000| Untracked 
|  42|0x0000000082a00000, 0x0000000082b00000, 0x0000000082b00000|100%| O|  |TAMS 0x0000000082a00000| PB 0x0000000082a00000| Untracked 
|  43|0x0000000082b00000, 0x0000000082c00000, 0x0000000082c00000|100%| O|  |TAMS 0x0000000082b00000| PB 0x0000000082b00000| Untracked 
|  44|0x0000000082c00000, 0x0000000082d00000, 0x0000000082d00000|100%| O|  |TAMS 0x0000000082c00000| PB 0x0000000082c00000| Untracked 
|  45|0x0000000082d00000, 0x0000000082e00000, 0x0000000082e00000|100%| O|  |TAMS 0x0000000082d00000| PB 0x0000000082d00000| Untracked 
|  46|0x0000000082e00000, 0x0000000082f00000, 0x0000000082f00000|100%| O|  |TAMS 0x0000000082e00000| PB 0x0000000082e00000| Untracked 
|  47|0x0000000082f00000, 0x0000000083000000, 0x0000000083000000|100%| O|  |TAMS 0x0000000082f00000| PB 0x0000000082f00000| Untracked 
|  48|0x0000000083000000, 0x0000000083100000, 0x0000000083100000|100%| O|  |TAMS 0x0000000083000000| PB 0x0000000083000000| Untracked 
|  49|0x0000000083100000, 0x0000000083200000, 0x0000000083200000|100%| O|  |TAMS 0x0000000083100000| PB 0x0000000083100000| Untracked 
|  50|0x0000000083200000, 0x0000000083300000, 0x0000000083300000|100%|HS|  |TAMS 0x0000000083200000| PB 0x0000000083200000| Complete 
|  51|0x0000000083300000, 0x0000000083400000, 0x0000000083400000|100%|HS|  |TAMS 0x0000000083300000| PB 0x0000000083300000| Complete 
|  52|0x0000000083400000, 0x0000000083500000, 0x0000000083500000|100%|HC|  |TAMS 0x0000000083400000| PB 0x0000000083400000| Complete 
|  53|0x0000000083500000, 0x0000000083600000, 0x0000000083600000|100%|HS|  |TAMS 0x0000000083500000| PB 0x0000000083500000| Complete 
|  54|0x0000000083600000, 0x0000000083700000, 0x0000000083700000|100%| O|  |TAMS 0x0000000083600000| PB 0x0000000083600000| Untracked 
|  55|0x0000000083700000, 0x0000000083800000, 0x0000000083800000|100%| O|  |TAMS 0x0000000083700000| PB 0x0000000083700000| Untracked 
|  56|0x0000000083800000, 0x0000000083900000, 0x0000000083900000|100%|HS|  |TAMS 0x0000000083800000| PB 0x0000000083800000| Complete 
|  57|0x0000000083900000, 0x0000000083a00000, 0x0000000083a00000|100%|HC|  |TAMS 0x0000000083900000| PB 0x0000000083900000| Complete 
|  58|0x0000000083a00000, 0x0000000083b00000, 0x0000000083b00000|100%|HS|  |TAMS 0x0000000083a00000| PB 0x0000000083a00000| Complete 
|  59|0x0000000083b00000, 0x0000000083c00000, 0x0000000083c00000|100%|HC|  |TAMS 0x0000000083b00000| PB 0x0000000083b00000| Complete 
|  60|0x0000000083c00000, 0x0000000083d00000, 0x0000000083d00000|100%|HC|  |TAMS 0x0000000083c00000| PB 0x0000000083c00000| Complete 
|  61|0x0000000083d00000, 0x0000000083e00000, 0x0000000083e00000|100%|HS|  |TAMS 0x0000000083d00000| PB 0x0000000083d00000| Complete 
|  62|0x0000000083e00000, 0x0000000083f00000, 0x0000000083f00000|100%| O|  |TAMS 0x0000000083e00000| PB 0x0000000083e00000| Untracked 
|  63|0x0000000083f00000, 0x0000000084000000, 0x0000000084000000|100%|HS|  |TAMS 0x0000000083f00000| PB 0x0000000083f00000| Complete 
|  64|0x0000000084000000, 0x0000000084100000, 0x0000000084100000|100%|HS|  |TAMS 0x0000000084000000| PB 0x0000000084000000| Complete 
|  65|0x0000000084100000, 0x0000000084200000, 0x0000000084200000|100%| O|  |TAMS 0x0000000084100000| PB 0x0000000084100000| Untracked 
|  66|0x0000000084200000, 0x0000000084300000, 0x0000000084300000|100%| O|  |TAMS 0x0000000084200000| PB 0x0000000084200000| Untracked 
|  67|0x0000000084300000, 0x0000000084400000, 0x0000000084400000|100%| O|  |TAMS 0x0000000084300000| PB 0x0000000084300000| Untracked 
|  68|0x0000000084400000, 0x0000000084500000, 0x0000000084500000|100%| O|  |TAMS 0x0000000084400000| PB 0x0000000084400000| Untracked 
|  69|0x0000000084500000, 0x0000000084600000, 0x0000000084600000|100%| O|  |TAMS 0x0000000084500000| PB 0x0000000084500000| Untracked 
|  70|0x0000000084600000, 0x0000000084700000, 0x0000000084700000|100%|HS|  |TAMS 0x0000000084600000| PB 0x0000000084600000| Complete 
|  71|0x0000000084700000, 0x0000000084800000, 0x0000000084800000|100%| O|  |TAMS 0x0000000084700000| PB 0x0000000084700000| Untracked 
|  72|0x0000000084800000, 0x0000000084900000, 0x0000000084900000|100%| O|  |TAMS 0x0000000084800000| PB 0x0000000084800000| Untracked 
|  73|0x0000000084900000, 0x0000000084a00000, 0x0000000084a00000|100%| O|  |TAMS 0x0000000084900000| PB 0x0000000084900000| Untracked 
|  74|0x0000000084a00000, 0x0000000084b00000, 0x0000000084b00000|100%| O|  |TAMS 0x0000000084a00000| PB 0x0000000084a00000| Untracked 
|  75|0x0000000084b00000, 0x0000000084c00000, 0x0000000084c00000|100%| O|  |TAMS 0x0000000084b00000| PB 0x0000000084b00000| Untracked 
|  76|0x0000000084c00000, 0x0000000084d00000, 0x0000000084d00000|100%| O|  |TAMS 0x0000000084c00000| PB 0x0000000084c00000| Untracked 
|  77|0x0000000084d00000, 0x0000000084e00000, 0x0000000084e00000|100%| O|  |TAMS 0x0000000084d00000| PB 0x0000000084d00000| Untracked 
|  78|0x0000000084e00000, 0x0000000084f00000, 0x0000000084f00000|100%| O|  |TAMS 0x0000000084e00000| PB 0x0000000084e00000| Untracked 
|  79|0x0000000084f00000, 0x0000000084f00000, 0x0000000085000000|  0%| F|  |TAMS 0x0000000084f00000| PB 0x0000000084f00000| Untracked 
|  80|0x0000000085000000, 0x0000000085100000, 0x0000000085100000|100%| O|  |TAMS 0x0000000085000000| PB 0x0000000085000000| Untracked 
|  81|0x0000000085100000, 0x0000000085200000, 0x0000000085200000|100%|HS|  |TAMS 0x0000000085100000| PB 0x0000000085100000| Complete 
|  82|0x0000000085200000, 0x0000000085300000, 0x0000000085300000|100%|HC|  |TAMS 0x0000000085200000| PB 0x0000000085200000| Complete 
|  83|0x0000000085300000, 0x0000000085400000, 0x0000000085400000|100%|HC|  |TAMS 0x0000000085300000| PB 0x0000000085300000| Complete 
|  84|0x0000000085400000, 0x0000000085500000, 0x0000000085500000|100%| O|  |TAMS 0x0000000085400000| PB 0x0000000085400000| Untracked 
|  85|0x0000000085500000, 0x0000000085600000, 0x0000000085600000|100%| O|  |TAMS 0x0000000085500000| PB 0x0000000085500000| Untracked 
|  86|0x0000000085600000, 0x0000000085700000, 0x0000000085700000|100%| O|  |TAMS 0x0000000085600000| PB 0x0000000085600000| Untracked 
|  87|0x0000000085700000, 0x0000000085800000, 0x0000000085800000|100%| O|  |TAMS 0x0000000085700000| PB 0x0000000085700000| Untracked 
|  88|0x0000000085800000, 0x0000000085900000, 0x0000000085900000|100%| O|  |TAMS 0x0000000085800000| PB 0x0000000085800000| Untracked 
|  89|0x0000000085900000, 0x0000000085a00000, 0x0000000085a00000|100%| O|  |TAMS 0x0000000085900000| PB 0x0000000085900000| Untracked 
|  90|0x0000000085a00000, 0x0000000085b00000, 0x0000000085b00000|100%| O|  |TAMS 0x0000000085a00000| PB 0x0000000085a00000| Untracked 
|  91|0x0000000085b00000, 0x0000000085c00000, 0x0000000085c00000|100%| O|  |TAMS 0x0000000085b00000| PB 0x0000000085b00000| Untracked 
|  92|0x0000000085c00000, 0x0000000085d00000, 0x0000000085d00000|100%| O|  |TAMS 0x0000000085c00000| PB 0x0000000085c00000| Untracked 
|  93|0x0000000085d00000, 0x0000000085e00000, 0x0000000085e00000|100%| O|  |TAMS 0x0000000085d00000| PB 0x0000000085d00000| Untracked 
|  94|0x0000000085e00000, 0x0000000085f00000, 0x0000000085f00000|100%| O|  |TAMS 0x0000000085e00000| PB 0x0000000085e00000| Untracked 
|  95|0x0000000085f00000, 0x0000000086000000, 0x0000000086000000|100%| O|  |TAMS 0x0000000085f00000| PB 0x0000000085f00000| Untracked 
|  96|0x0000000086000000, 0x0000000086100000, 0x0000000086100000|100%| O|  |TAMS 0x0000000086000000| PB 0x0000000086000000| Untracked 
|  97|0x0000000086100000, 0x0000000086200000, 0x0000000086200000|100%| O|  |TAMS 0x0000000086100000| PB 0x0000000086100000| Untracked 
|  98|0x0000000086200000, 0x0000000086300000, 0x0000000086300000|100%| O|  |TAMS 0x0000000086200000| PB 0x0000000086200000| Untracked 
|  99|0x0000000086300000, 0x0000000086400000, 0x0000000086400000|100%| O|  |TAMS 0x0000000086300000| PB 0x0000000086300000| Untracked 
| 100|0x0000000086400000, 0x0000000086500000, 0x0000000086500000|100%| O|  |TAMS 0x0000000086400000| PB 0x0000000086400000| Untracked 
| 101|0x0000000086500000, 0x0000000086600000, 0x0000000086600000|100%| O|  |TAMS 0x0000000086500000| PB 0x0000000086500000| Untracked 
| 102|0x0000000086600000, 0x0000000086700000, 0x0000000086700000|100%| O|  |TAMS 0x0000000086600000| PB 0x0000000086600000| Untracked 
| 103|0x0000000086700000, 0x0000000086800000, 0x0000000086800000|100%| O|  |TAMS 0x0000000086700000| PB 0x0000000086700000| Untracked 
| 104|0x0000000086800000, 0x0000000086900000, 0x0000000086900000|100%| O|  |TAMS 0x0000000086800000| PB 0x0000000086800000| Untracked 
| 105|0x0000000086900000, 0x0000000086a00000, 0x0000000086a00000|100%| O|  |TAMS 0x0000000086900000| PB 0x0000000086900000| Untracked 
| 106|0x0000000086a00000, 0x0000000086b00000, 0x0000000086b00000|100%| O|  |TAMS 0x0000000086a00000| PB 0x0000000086a00000| Untracked 
| 107|0x0000000086b00000, 0x0000000086c00000, 0x0000000086c00000|100%| O|  |TAMS 0x0000000086b00000| PB 0x0000000086b00000| Untracked 
| 108|0x0000000086c00000, 0x0000000086d00000, 0x0000000086d00000|100%| O|  |TAMS 0x0000000086c00000| PB 0x0000000086c00000| Untracked 
| 109|0x0000000086d00000, 0x0000000086e00000, 0x0000000086e00000|100%| O|  |TAMS 0x0000000086d00000| PB 0x0000000086d00000| Untracked 
| 110|0x0000000086e00000, 0x0000000086f00000, 0x0000000086f00000|100%| O|  |TAMS 0x0000000086e00000| PB 0x0000000086e00000| Untracked 
| 111|0x0000000086f00000, 0x0000000087000000, 0x0000000087000000|100%| O|  |TAMS 0x0000000086f00000| PB 0x0000000086f00000| Untracked 
| 112|0x0000000087000000, 0x0000000087100000, 0x0000000087100000|100%| O|  |TAMS 0x0000000087000000| PB 0x0000000087000000| Untracked 
| 113|0x0000000087100000, 0x0000000087200000, 0x0000000087200000|100%| O|  |TAMS 0x0000000087100000| PB 0x0000000087100000| Untracked 
| 114|0x0000000087200000, 0x0000000087300000, 0x0000000087300000|100%| O|  |TAMS 0x0000000087200000| PB 0x0000000087200000| Untracked 
| 115|0x0000000087300000, 0x0000000087400000, 0x0000000087400000|100%| O|  |TAMS 0x0000000087300000| PB 0x0000000087300000| Untracked 
| 116|0x0000000087400000, 0x0000000087500000, 0x0000000087500000|100%| O|  |TAMS 0x0000000087400000| PB 0x0000000087400000| Untracked 
| 117|0x0000000087500000, 0x0000000087600000, 0x0000000087600000|100%| O|  |TAMS 0x0000000087500000| PB 0x0000000087500000| Untracked 
| 118|0x0000000087600000, 0x0000000087700000, 0x0000000087700000|100%| O|  |TAMS 0x0000000087600000| PB 0x0000000087600000| Untracked 
| 119|0x0000000087700000, 0x0000000087800000, 0x0000000087800000|100%| O|  |TAMS 0x0000000087700000| PB 0x0000000087700000| Untracked 
| 120|0x0000000087800000, 0x0000000087900000, 0x0000000087900000|100%| O|  |TAMS 0x0000000087800000| PB 0x0000000087800000| Untracked 
| 121|0x0000000087900000, 0x0000000087a00000, 0x0000000087a00000|100%| O|  |TAMS 0x0000000087900000| PB 0x0000000087900000| Untracked 
| 122|0x0000000087a00000, 0x0000000087b00000, 0x0000000087b00000|100%| O|  |TAMS 0x0000000087a00000| PB 0x0000000087a00000| Untracked 
| 123|0x0000000087b00000, 0x0000000087c00000, 0x0000000087c00000|100%| O|  |TAMS 0x0000000087b00000| PB 0x0000000087b00000| Untracked 
| 124|0x0000000087c00000, 0x0000000087d00000, 0x0000000087d00000|100%| O|  |TAMS 0x0000000087c00000| PB 0x0000000087c00000| Untracked 
| 125|0x0000000087d00000, 0x0000000087e00000, 0x0000000087e00000|100%| O|  |TAMS 0x0000000087d00000| PB 0x0000000087d00000| Untracked 
| 126|0x0000000087e00000, 0x0000000087f00000, 0x0000000087f00000|100%| O|  |TAMS 0x0000000087e00000| PB 0x0000000087e00000| Untracked 
| 127|0x0000000087f00000, 0x0000000088000000, 0x0000000088000000|100%| O|  |TAMS 0x0000000087f00000| PB 0x0000000087f00000| Untracked 
| 128|0x0000000088000000, 0x0000000088100000, 0x0000000088100000|100%| O|  |TAMS 0x0000000088000000| PB 0x0000000088000000| Untracked 
| 129|0x0000000088100000, 0x0000000088200000, 0x0000000088200000|100%| O|  |TAMS 0x0000000088100000| PB 0x0000000088100000| Untracked 
| 130|0x0000000088200000, 0x0000000088300000, 0x0000000088300000|100%| O|  |TAMS 0x0000000088200000| PB 0x0000000088200000| Untracked 
| 131|0x0000000088300000, 0x0000000088400000, 0x0000000088400000|100%| O|  |TAMS 0x0000000088300000| PB 0x0000000088300000| Untracked 
| 132|0x0000000088400000, 0x0000000088500000, 0x0000000088500000|100%| O|  |TAMS 0x0000000088400000| PB 0x0000000088400000| Untracked 
| 133|0x0000000088500000, 0x0000000088600000, 0x0000000088600000|100%| O|  |TAMS 0x0000000088500000| PB 0x0000000088500000| Untracked 
| 134|0x0000000088600000, 0x0000000088700000, 0x0000000088700000|100%| O|  |TAMS 0x0000000088600000| PB 0x0000000088600000| Untracked 
| 135|0x0000000088700000, 0x0000000088800000, 0x0000000088800000|100%| O|  |TAMS 0x0000000088700000| PB 0x0000000088700000| Untracked 
| 136|0x0000000088800000, 0x0000000088900000, 0x0000000088900000|100%| O|  |TAMS 0x0000000088800000| PB 0x0000000088800000| Untracked 
| 137|0x0000000088900000, 0x0000000088a00000, 0x0000000088a00000|100%| O|  |TAMS 0x0000000088900000| PB 0x0000000088900000| Untracked 
| 138|0x0000000088a00000, 0x0000000088b00000, 0x0000000088b00000|100%| O|  |TAMS 0x0000000088a00000| PB 0x0000000088a00000| Untracked 
| 139|0x0000000088b00000, 0x0000000088c00000, 0x0000000088c00000|100%| O|  |TAMS 0x0000000088b00000| PB 0x0000000088b00000| Untracked 
| 140|0x0000000088c00000, 0x0000000088d00000, 0x0000000088d00000|100%| O|  |TAMS 0x0000000088c00000| PB 0x0000000088c00000| Untracked 
| 141|0x0000000088d00000, 0x0000000088e00000, 0x0000000088e00000|100%| O|  |TAMS 0x0000000088d00000| PB 0x0000000088d00000| Untracked 
| 142|0x0000000088e00000, 0x0000000088f00000, 0x0000000088f00000|100%| O|  |TAMS 0x0000000088e00000| PB 0x0000000088e00000| Untracked 
| 143|0x0000000088f00000, 0x0000000089000000, 0x0000000089000000|100%| O|  |TAMS 0x0000000088f00000| PB 0x0000000088f00000| Untracked 
| 144|0x0000000089000000, 0x0000000089100000, 0x0000000089100000|100%| O|  |TAMS 0x0000000089000000| PB 0x0000000089000000| Untracked 
| 145|0x0000000089100000, 0x0000000089200000, 0x0000000089200000|100%| O|  |TAMS 0x0000000089100000| PB 0x0000000089100000| Untracked 
| 146|0x0000000089200000, 0x0000000089300000, 0x0000000089300000|100%| O|  |TAMS 0x0000000089200000| PB 0x0000000089200000| Untracked 
| 147|0x0000000089300000, 0x0000000089400000, 0x0000000089400000|100%| O|  |TAMS 0x0000000089300000| PB 0x0000000089300000| Untracked 
| 148|0x0000000089400000, 0x0000000089500000, 0x0000000089500000|100%| O|  |TAMS 0x0000000089400000| PB 0x0000000089400000| Untracked 
| 149|0x0000000089500000, 0x0000000089600000, 0x0000000089600000|100%| O|  |TAMS 0x0000000089500000| PB 0x0000000089500000| Untracked 
| 150|0x0000000089600000, 0x0000000089700000, 0x0000000089700000|100%| O|  |TAMS 0x0000000089600000| PB 0x0000000089600000| Untracked 
| 151|0x0000000089700000, 0x0000000089700000, 0x0000000089800000|  0%| F|  |TAMS 0x0000000089700000| PB 0x0000000089700000| Untracked 
| 152|0x0000000089800000, 0x0000000089900000, 0x0000000089900000|100%| O|  |TAMS 0x0000000089800000| PB 0x0000000089800000| Untracked 
| 153|0x0000000089900000, 0x0000000089a00000, 0x0000000089a00000|100%| O|  |TAMS 0x0000000089900000| PB 0x0000000089900000| Untracked 
| 154|0x0000000089a00000, 0x0000000089b00000, 0x0000000089b00000|100%| O|  |TAMS 0x0000000089a00000| PB 0x0000000089a00000| Untracked 
| 155|0x0000000089b00000, 0x0000000089c00000, 0x0000000089c00000|100%| O|  |TAMS 0x0000000089b00000| PB 0x0000000089b00000| Untracked 
| 156|0x0000000089c00000, 0x0000000089d00000, 0x0000000089d00000|100%| O|  |TAMS 0x0000000089c00000| PB 0x0000000089c00000| Untracked 
| 157|0x0000000089d00000, 0x0000000089e00000, 0x0000000089e00000|100%| O|  |TAMS 0x0000000089d00000| PB 0x0000000089d00000| Untracked 
| 158|0x0000000089e00000, 0x0000000089f00000, 0x0000000089f00000|100%| O|  |TAMS 0x0000000089e00000| PB 0x0000000089e00000| Untracked 
| 159|0x0000000089f00000, 0x000000008a000000, 0x000000008a000000|100%| O|  |TAMS 0x0000000089f00000| PB 0x0000000089f00000| Untracked 
| 160|0x000000008a000000, 0x000000008a100000, 0x000000008a100000|100%| O|  |TAMS 0x000000008a000000| PB 0x000000008a000000| Untracked 
| 161|0x000000008a100000, 0x000000008a200000, 0x000000008a200000|100%| O|  |TAMS 0x000000008a100000| PB 0x000000008a100000| Untracked 
| 162|0x000000008a200000, 0x000000008a300000, 0x000000008a300000|100%| O|  |TAMS 0x000000008a200000| PB 0x000000008a200000| Untracked 
| 163|0x000000008a300000, 0x000000008a400000, 0x000000008a400000|100%| O|  |TAMS 0x000000008a300000| PB 0x000000008a300000| Untracked 
| 164|0x000000008a400000, 0x000000008a500000, 0x000000008a500000|100%| O|  |TAMS 0x000000008a400000| PB 0x000000008a400000| Untracked 
| 165|0x000000008a500000, 0x000000008a600000, 0x000000008a600000|100%| O|  |TAMS 0x000000008a500000| PB 0x000000008a500000| Untracked 
| 166|0x000000008a600000, 0x000000008a700000, 0x000000008a700000|100%| O|  |TAMS 0x000000008a600000| PB 0x000000008a600000| Untracked 
| 167|0x000000008a700000, 0x000000008a800000, 0x000000008a800000|100%| O|  |TAMS 0x000000008a700000| PB 0x000000008a700000| Untracked 
| 168|0x000000008a800000, 0x000000008a900000, 0x000000008a900000|100%| O|  |TAMS 0x000000008a800000| PB 0x000000008a800000| Untracked 
| 169|0x000000008a900000, 0x000000008aa00000, 0x000000008aa00000|100%| O|  |TAMS 0x000000008a900000| PB 0x000000008a900000| Untracked 
| 170|0x000000008aa00000, 0x000000008ab00000, 0x000000008ab00000|100%| O|  |TAMS 0x000000008aa00000| PB 0x000000008aa00000| Untracked 
| 171|0x000000008ab00000, 0x000000008ac00000, 0x000000008ac00000|100%| O|  |TAMS 0x000000008ab00000| PB 0x000000008ab00000| Untracked 
| 172|0x000000008ac00000, 0x000000008ad00000, 0x000000008ad00000|100%| O|  |TAMS 0x000000008ac00000| PB 0x000000008ac00000| Untracked 
| 173|0x000000008ad00000, 0x000000008ae00000, 0x000000008ae00000|100%| O|  |TAMS 0x000000008ad00000| PB 0x000000008ad00000| Untracked 
| 174|0x000000008ae00000, 0x000000008af00000, 0x000000008af00000|100%| O|  |TAMS 0x000000008ae00000| PB 0x000000008ae00000| Untracked 
| 175|0x000000008af00000, 0x000000008b000000, 0x000000008b000000|100%| O|  |TAMS 0x000000008af00000| PB 0x000000008af00000| Untracked 
| 176|0x000000008b000000, 0x000000008b100000, 0x000000008b100000|100%| O|  |TAMS 0x000000008b000000| PB 0x000000008b000000| Untracked 
| 177|0x000000008b100000, 0x000000008b200000, 0x000000008b200000|100%| O|  |TAMS 0x000000008b100000| PB 0x000000008b100000| Untracked 
| 178|0x000000008b200000, 0x000000008b300000, 0x000000008b300000|100%| O|  |TAMS 0x000000008b200000| PB 0x000000008b200000| Untracked 
| 179|0x000000008b300000, 0x000000008b400000, 0x000000008b400000|100%| O|  |TAMS 0x000000008b300000| PB 0x000000008b300000| Untracked 
| 180|0x000000008b400000, 0x000000008b500000, 0x000000008b500000|100%| O|  |TAMS 0x000000008b400000| PB 0x000000008b400000| Untracked 
| 181|0x000000008b500000, 0x000000008b600000, 0x000000008b600000|100%| O|  |TAMS 0x000000008b500000| PB 0x000000008b500000| Untracked 
| 182|0x000000008b600000, 0x000000008b700000, 0x000000008b700000|100%| O|  |TAMS 0x000000008b600000| PB 0x000000008b600000| Untracked 
| 183|0x000000008b700000, 0x000000008b800000, 0x000000008b800000|100%| O|  |TAMS 0x000000008b700000| PB 0x000000008b700000| Untracked 
| 184|0x000000008b800000, 0x000000008b900000, 0x000000008b900000|100%| O|  |TAMS 0x000000008b800000| PB 0x000000008b800000| Untracked 
| 185|0x000000008b900000, 0x000000008ba00000, 0x000000008ba00000|100%| O|  |TAMS 0x000000008b900000| PB 0x000000008b900000| Untracked 
| 186|0x000000008ba00000, 0x000000008bb00000, 0x000000008bb00000|100%| O|  |TAMS 0x000000008ba00000| PB 0x000000008ba00000| Untracked 
| 187|0x000000008bb00000, 0x000000008bbc56d0, 0x000000008bc00000| 77%| O|  |TAMS 0x000000008bb00000| PB 0x000000008bb00000| Untracked 
| 188|0x000000008bc00000, 0x000000008bc00000, 0x000000008bd00000|  0%| F|  |TAMS 0x000000008bc00000| PB 0x000000008bc00000| Untracked 
| 189|0x000000008bd00000, 0x000000008bd00000, 0x000000008be00000|  0%| F|  |TAMS 0x000000008bd00000| PB 0x000000008bd00000| Untracked 
| 190|0x000000008be00000, 0x000000008be00000, 0x000000008bf00000|  0%| F|  |TAMS 0x000000008be00000| PB 0x000000008be00000| Untracked 
| 191|0x000000008bf00000, 0x000000008bf00000, 0x000000008c000000|  0%| F|  |TAMS 0x000000008bf00000| PB 0x000000008bf00000| Untracked 
| 192|0x000000008c000000, 0x000000008c000000, 0x000000008c100000|  0%| F|  |TAMS 0x000000008c000000| PB 0x000000008c000000| Untracked 
| 193|0x000000008c100000, 0x000000008c100000, 0x000000008c200000|  0%| F|  |TAMS 0x000000008c100000| PB 0x000000008c100000| Untracked 
| 194|0x000000008c200000, 0x000000008c200000, 0x000000008c300000|  0%| F|  |TAMS 0x000000008c200000| PB 0x000000008c200000| Untracked 
| 195|0x000000008c300000, 0x000000008c300000, 0x000000008c400000|  0%| F|  |TAMS 0x000000008c300000| PB 0x000000008c300000| Untracked 
| 196|0x000000008c400000, 0x000000008c400000, 0x000000008c500000|  0%| F|  |TAMS 0x000000008c400000| PB 0x000000008c400000| Untracked 
| 197|0x000000008c500000, 0x000000008c500000, 0x000000008c600000|  0%| F|  |TAMS 0x000000008c500000| PB 0x000000008c500000| Untracked 
| 198|0x000000008c600000, 0x000000008c600000, 0x000000008c700000|  0%| F|  |TAMS 0x000000008c600000| PB 0x000000008c600000| Untracked 
| 199|0x000000008c700000, 0x000000008c700000, 0x000000008c800000|  0%| F|  |TAMS 0x000000008c700000| PB 0x000000008c700000| Untracked 
| 200|0x000000008c800000, 0x000000008c800000, 0x000000008c900000|  0%| F|  |TAMS 0x000000008c800000| PB 0x000000008c800000| Untracked 
| 201|0x000000008c900000, 0x000000008c900000, 0x000000008ca00000|  0%| F|  |TAMS 0x000000008c900000| PB 0x000000008c900000| Untracked 
| 202|0x000000008ca00000, 0x000000008ca64d40, 0x000000008cb00000| 39%| S|CS|TAMS 0x000000008ca00000| PB 0x000000008ca00000| Complete 
| 203|0x000000008cb00000, 0x000000008cc00000, 0x000000008cc00000|100%| S|CS|TAMS 0x000000008cb00000| PB 0x000000008cb00000| Complete 
| 204|0x000000008cc00000, 0x000000008cd00000, 0x000000008cd00000|100%| S|CS|TAMS 0x000000008cc00000| PB 0x000000008cc00000| Complete 
| 205|0x000000008cd00000, 0x000000008ce00000, 0x000000008ce00000|100%| S|CS|TAMS 0x000000008cd00000| PB 0x000000008cd00000| Complete 
| 206|0x000000008ce00000, 0x000000008cf00000, 0x000000008cf00000|100%| S|CS|TAMS 0x000000008ce00000| PB 0x000000008ce00000| Complete 
| 207|0x000000008cf00000, 0x000000008d000000, 0x000000008d000000|100%| S|CS|TAMS 0x000000008cf00000| PB 0x000000008cf00000| Complete 
| 208|0x000000008d000000, 0x000000008d000000, 0x000000008d100000|  0%| F|  |TAMS 0x000000008d000000| PB 0x000000008d000000| Untracked 
| 209|0x000000008d100000, 0x000000008d100000, 0x000000008d200000|  0%| F|  |TAMS 0x000000008d100000| PB 0x000000008d100000| Untracked 
| 210|0x000000008d200000, 0x000000008d200000, 0x000000008d300000|  0%| F|  |TAMS 0x000000008d200000| PB 0x000000008d200000| Untracked 
| 211|0x000000008d300000, 0x000000008d300000, 0x000000008d400000|  0%| F|  |TAMS 0x000000008d300000| PB 0x000000008d300000| Untracked 
| 212|0x000000008d400000, 0x000000008d400000, 0x000000008d500000|  0%| F|  |TAMS 0x000000008d400000| PB 0x000000008d400000| Untracked 
| 213|0x000000008d500000, 0x000000008d500000, 0x000000008d600000|  0%| F|  |TAMS 0x000000008d500000| PB 0x000000008d500000| Untracked 
| 214|0x000000008d600000, 0x000000008d600000, 0x000000008d700000|  0%| F|  |TAMS 0x000000008d600000| PB 0x000000008d600000| Untracked 
| 215|0x000000008d700000, 0x000000008d700000, 0x000000008d800000|  0%| F|  |TAMS 0x000000008d700000| PB 0x000000008d700000| Untracked 
| 216|0x000000008d800000, 0x000000008d800000, 0x000000008d900000|  0%| F|  |TAMS 0x000000008d800000| PB 0x000000008d800000| Untracked 
| 217|0x000000008d900000, 0x000000008d900000, 0x000000008da00000|  0%| F|  |TAMS 0x000000008d900000| PB 0x000000008d900000| Untracked 
| 218|0x000000008da00000, 0x000000008da00000, 0x000000008db00000|  0%| F|  |TAMS 0x000000008da00000| PB 0x000000008da00000| Untracked 
| 219|0x000000008db00000, 0x000000008db00000, 0x000000008dc00000|  0%| F|  |TAMS 0x000000008db00000| PB 0x000000008db00000| Untracked 
| 220|0x000000008dc00000, 0x000000008dc00000, 0x000000008dd00000|  0%| F|  |TAMS 0x000000008dc00000| PB 0x000000008dc00000| Untracked 
| 221|0x000000008dd00000, 0x000000008dd00000, 0x000000008de00000|  0%| F|  |TAMS 0x000000008dd00000| PB 0x000000008dd00000| Untracked 
| 222|0x000000008de00000, 0x000000008de00000, 0x000000008df00000|  0%| F|  |TAMS 0x000000008de00000| PB 0x000000008de00000| Untracked 
| 223|0x000000008df00000, 0x000000008df00000, 0x000000008e000000|  0%| F|  |TAMS 0x000000008df00000| PB 0x000000008df00000| Untracked 
| 224|0x000000008e000000, 0x000000008e000000, 0x000000008e100000|  0%| F|  |TAMS 0x000000008e000000| PB 0x000000008e000000| Untracked 
| 225|0x000000008e100000, 0x000000008e100000, 0x000000008e200000|  0%| F|  |TAMS 0x000000008e100000| PB 0x000000008e100000| Untracked 
| 226|0x000000008e200000, 0x000000008e200000, 0x000000008e300000|  0%| F|  |TAMS 0x000000008e200000| PB 0x000000008e200000| Untracked 
| 227|0x000000008e300000, 0x000000008e300000, 0x000000008e400000|  0%| F|  |TAMS 0x000000008e300000| PB 0x000000008e300000| Untracked 
| 228|0x000000008e400000, 0x000000008e400000, 0x000000008e500000|  0%| F|  |TAMS 0x000000008e400000| PB 0x000000008e400000| Untracked 
| 229|0x000000008e500000, 0x000000008e500000, 0x000000008e600000|  0%| F|  |TAMS 0x000000008e500000| PB 0x000000008e500000| Untracked 
| 230|0x000000008e600000, 0x000000008e600000, 0x000000008e700000|  0%| F|  |TAMS 0x000000008e600000| PB 0x000000008e600000| Untracked 
| 231|0x000000008e700000, 0x000000008e700000, 0x000000008e800000|  0%| F|  |TAMS 0x000000008e700000| PB 0x000000008e700000| Untracked 
| 232|0x000000008e800000, 0x000000008e800000, 0x000000008e900000|  0%| F|  |TAMS 0x000000008e800000| PB 0x000000008e800000| Untracked 
| 233|0x000000008e900000, 0x000000008e900000, 0x000000008ea00000|  0%| F|  |TAMS 0x000000008e900000| PB 0x000000008e900000| Untracked 
| 234|0x000000008ea00000, 0x000000008ea00000, 0x000000008eb00000|  0%| F|  |TAMS 0x000000008ea00000| PB 0x000000008ea00000| Untracked 
| 235|0x000000008eb00000, 0x000000008eb00000, 0x000000008ec00000|  0%| F|  |TAMS 0x000000008eb00000| PB 0x000000008eb00000| Untracked 
| 236|0x000000008ec00000, 0x000000008ec00000, 0x000000008ed00000|  0%| F|  |TAMS 0x000000008ec00000| PB 0x000000008ec00000| Untracked 
| 237|0x000000008ed00000, 0x000000008ed00000, 0x000000008ee00000|  0%| F|  |TAMS 0x000000008ed00000| PB 0x000000008ed00000| Untracked 
| 238|0x000000008ee00000, 0x000000008ee00000, 0x000000008ef00000|  0%| F|  |TAMS 0x000000008ee00000| PB 0x000000008ee00000| Untracked 
| 239|0x000000008ef00000, 0x000000008ef00000, 0x000000008f000000|  0%| F|  |TAMS 0x000000008ef00000| PB 0x000000008ef00000| Untracked 
| 240|0x000000008f000000, 0x000000008f000000, 0x000000008f100000|  0%| F|  |TAMS 0x000000008f000000| PB 0x000000008f000000| Untracked 
| 241|0x000000008f100000, 0x000000008f100000, 0x000000008f200000|  0%| F|  |TAMS 0x000000008f100000| PB 0x000000008f100000| Untracked 
| 242|0x000000008f200000, 0x000000008f200000, 0x000000008f300000|  0%| F|  |TAMS 0x000000008f200000| PB 0x000000008f200000| Untracked 
| 243|0x000000008f300000, 0x000000008f300000, 0x000000008f400000|  0%| F|  |TAMS 0x000000008f300000| PB 0x000000008f300000| Untracked 
| 244|0x000000008f400000, 0x000000008f400000, 0x000000008f500000|  0%| F|  |TAMS 0x000000008f400000| PB 0x000000008f400000| Untracked 
| 245|0x000000008f500000, 0x000000008f500000, 0x000000008f600000|  0%| F|  |TAMS 0x000000008f500000| PB 0x000000008f500000| Untracked 
| 246|0x000000008f600000, 0x000000008f600000, 0x000000008f700000|  0%| F|  |TAMS 0x000000008f600000| PB 0x000000008f600000| Untracked 
| 247|0x000000008f700000, 0x000000008f700000, 0x000000008f800000|  0%| F|  |TAMS 0x000000008f700000| PB 0x000000008f700000| Untracked 
| 248|0x000000008f800000, 0x000000008f800000, 0x000000008f900000|  0%| F|  |TAMS 0x000000008f800000| PB 0x000000008f800000| Untracked 
| 249|0x000000008f900000, 0x000000008f900000, 0x000000008fa00000|  0%| F|  |TAMS 0x000000008f900000| PB 0x000000008f900000| Untracked 
| 250|0x000000008fa00000, 0x000000008fa00000, 0x000000008fb00000|  0%| F|  |TAMS 0x000000008fa00000| PB 0x000000008fa00000| Untracked 
| 251|0x000000008fb00000, 0x000000008fb00000, 0x000000008fc00000|  0%| F|  |TAMS 0x000000008fb00000| PB 0x000000008fb00000| Untracked 
| 252|0x000000008fc00000, 0x000000008fc00000, 0x000000008fd00000|  0%| F|  |TAMS 0x000000008fc00000| PB 0x000000008fc00000| Untracked 
| 253|0x000000008fd00000, 0x000000008fd00000, 0x000000008fe00000|  0%| F|  |TAMS 0x000000008fd00000| PB 0x000000008fd00000| Untracked 
| 254|0x000000008fe00000, 0x000000008fe00000, 0x000000008ff00000|  0%| F|  |TAMS 0x000000008fe00000| PB 0x000000008fe00000| Untracked 
| 255|0x000000008ff00000, 0x000000008ff00000, 0x0000000090000000|  0%| F|  |TAMS 0x000000008ff00000| PB 0x000000008ff00000| Untracked 
| 256|0x0000000090000000, 0x0000000090000000, 0x0000000090100000|  0%| F|  |TAMS 0x0000000090000000| PB 0x0000000090000000| Untracked 
| 257|0x0000000090100000, 0x0000000090100000, 0x0000000090200000|  0%| F|  |TAMS 0x0000000090100000| PB 0x0000000090100000| Untracked 
| 258|0x0000000090200000, 0x0000000090200000, 0x0000000090300000|  0%| F|  |TAMS 0x0000000090200000| PB 0x0000000090200000| Untracked 
| 259|0x0000000090300000, 0x0000000090300000, 0x0000000090400000|  0%| F|  |TAMS 0x0000000090300000| PB 0x0000000090300000| Untracked 
| 260|0x0000000090400000, 0x0000000090400000, 0x0000000090500000|  0%| F|  |TAMS 0x0000000090400000| PB 0x0000000090400000| Untracked 
| 261|0x0000000090500000, 0x0000000090500000, 0x0000000090600000|  0%| F|  |TAMS 0x0000000090500000| PB 0x0000000090500000| Untracked 
| 262|0x0000000090600000, 0x0000000090600000, 0x0000000090700000|  0%| F|  |TAMS 0x0000000090600000| PB 0x0000000090600000| Untracked 
| 263|0x0000000090700000, 0x0000000090700000, 0x0000000090800000|  0%| F|  |TAMS 0x0000000090700000| PB 0x0000000090700000| Untracked 
| 264|0x0000000090800000, 0x0000000090800000, 0x0000000090900000|  0%| F|  |TAMS 0x0000000090800000| PB 0x0000000090800000| Untracked 
| 265|0x0000000090900000, 0x0000000090900000, 0x0000000090a00000|  0%| F|  |TAMS 0x0000000090900000| PB 0x0000000090900000| Untracked 
| 266|0x0000000090a00000, 0x0000000090a00000, 0x0000000090b00000|  0%| F|  |TAMS 0x0000000090a00000| PB 0x0000000090a00000| Untracked 
| 267|0x0000000090b00000, 0x0000000090b00000, 0x0000000090c00000|  0%| F|  |TAMS 0x0000000090b00000| PB 0x0000000090b00000| Untracked 
| 268|0x0000000090c00000, 0x0000000090c00000, 0x0000000090d00000|  0%| F|  |TAMS 0x0000000090c00000| PB 0x0000000090c00000| Untracked 
| 269|0x0000000090d00000, 0x0000000090d00000, 0x0000000090e00000|  0%| F|  |TAMS 0x0000000090d00000| PB 0x0000000090d00000| Untracked 
| 270|0x0000000090e00000, 0x0000000090e00000, 0x0000000090f00000|  0%| F|  |TAMS 0x0000000090e00000| PB 0x0000000090e00000| Untracked 
| 271|0x0000000090f00000, 0x0000000090f00000, 0x0000000091000000|  0%| F|  |TAMS 0x0000000090f00000| PB 0x0000000090f00000| Untracked 
| 272|0x0000000091000000, 0x0000000091000000, 0x0000000091100000|  0%| F|  |TAMS 0x0000000091000000| PB 0x0000000091000000| Untracked 
| 273|0x0000000091100000, 0x0000000091100000, 0x0000000091200000|  0%| F|  |TAMS 0x0000000091100000| PB 0x0000000091100000| Untracked 
| 274|0x0000000091200000, 0x0000000091200000, 0x0000000091300000|  0%| F|  |TAMS 0x0000000091200000| PB 0x0000000091200000| Untracked 
| 275|0x0000000091300000, 0x0000000091300000, 0x0000000091400000|  0%| F|  |TAMS 0x0000000091300000| PB 0x0000000091300000| Untracked 
| 276|0x0000000091400000, 0x0000000091400000, 0x0000000091500000|  0%| F|  |TAMS 0x0000000091400000| PB 0x0000000091400000| Untracked 
| 277|0x0000000091500000, 0x0000000091500000, 0x0000000091600000|  0%| F|  |TAMS 0x0000000091500000| PB 0x0000000091500000| Untracked 
| 278|0x0000000091600000, 0x0000000091600000, 0x0000000091700000|  0%| F|  |TAMS 0x0000000091600000| PB 0x0000000091600000| Untracked 
| 279|0x0000000091700000, 0x0000000091700000, 0x0000000091800000|  0%| F|  |TAMS 0x0000000091700000| PB 0x0000000091700000| Untracked 
| 280|0x0000000091800000, 0x0000000091800000, 0x0000000091900000|  0%| F|  |TAMS 0x0000000091800000| PB 0x0000000091800000| Untracked 
| 281|0x0000000091900000, 0x0000000091900000, 0x0000000091a00000|  0%| F|  |TAMS 0x0000000091900000| PB 0x0000000091900000| Untracked 
| 282|0x0000000091a00000, 0x0000000091a00000, 0x0000000091b00000|  0%| F|  |TAMS 0x0000000091a00000| PB 0x0000000091a00000| Untracked 
| 283|0x0000000091b00000, 0x0000000091b00000, 0x0000000091c00000|  0%| F|  |TAMS 0x0000000091b00000| PB 0x0000000091b00000| Untracked 
| 284|0x0000000091c00000, 0x0000000091c00000, 0x0000000091d00000|  0%| F|  |TAMS 0x0000000091c00000| PB 0x0000000091c00000| Untracked 
| 285|0x0000000091d00000, 0x0000000091d00000, 0x0000000091e00000|  0%| F|  |TAMS 0x0000000091d00000| PB 0x0000000091d00000| Untracked 
| 286|0x0000000091e00000, 0x0000000091e00000, 0x0000000091f00000|  0%| F|  |TAMS 0x0000000091e00000| PB 0x0000000091e00000| Untracked 
| 287|0x0000000091f00000, 0x0000000091f00000, 0x0000000092000000|  0%| F|  |TAMS 0x0000000091f00000| PB 0x0000000091f00000| Untracked 
| 288|0x0000000092000000, 0x0000000092000000, 0x0000000092100000|  0%| F|  |TAMS 0x0000000092000000| PB 0x0000000092000000| Untracked 
| 289|0x0000000092100000, 0x0000000092100000, 0x0000000092200000|  0%| F|  |TAMS 0x0000000092100000| PB 0x0000000092100000| Untracked 
| 290|0x0000000092200000, 0x0000000092200000, 0x0000000092300000|  0%| F|  |TAMS 0x0000000092200000| PB 0x0000000092200000| Untracked 
| 291|0x0000000092300000, 0x0000000092300000, 0x0000000092400000|  0%| F|  |TAMS 0x0000000092300000| PB 0x0000000092300000| Untracked 
| 292|0x0000000092400000, 0x0000000092400000, 0x0000000092500000|  0%| F|  |TAMS 0x0000000092400000| PB 0x0000000092400000| Untracked 
| 293|0x0000000092500000, 0x0000000092500000, 0x0000000092600000|  0%| F|  |TAMS 0x0000000092500000| PB 0x0000000092500000| Untracked 
| 294|0x0000000092600000, 0x0000000092600000, 0x0000000092700000|  0%| F|  |TAMS 0x0000000092600000| PB 0x0000000092600000| Untracked 
| 295|0x0000000092700000, 0x0000000092700000, 0x0000000092800000|  0%| F|  |TAMS 0x0000000092700000| PB 0x0000000092700000| Untracked 
| 296|0x0000000092800000, 0x0000000092800000, 0x0000000092900000|  0%| F|  |TAMS 0x0000000092800000| PB 0x0000000092800000| Untracked 
| 297|0x0000000092900000, 0x0000000092900000, 0x0000000092a00000|  0%| F|  |TAMS 0x0000000092900000| PB 0x0000000092900000| Untracked 
| 298|0x0000000092a00000, 0x0000000092a00000, 0x0000000092b00000|  0%| F|  |TAMS 0x0000000092a00000| PB 0x0000000092a00000| Untracked 
| 299|0x0000000092b00000, 0x0000000092b00000, 0x0000000092c00000|  0%| F|  |TAMS 0x0000000092b00000| PB 0x0000000092b00000| Untracked 
| 300|0x0000000092c00000, 0x0000000092c00000, 0x0000000092d00000|  0%| F|  |TAMS 0x0000000092c00000| PB 0x0000000092c00000| Untracked 
| 301|0x0000000092d00000, 0x0000000092d00000, 0x0000000092e00000|  0%| F|  |TAMS 0x0000000092d00000| PB 0x0000000092d00000| Untracked 
| 302|0x0000000092e00000, 0x0000000092e00000, 0x0000000092f00000|  0%| F|  |TAMS 0x0000000092e00000| PB 0x0000000092e00000| Untracked 
| 303|0x0000000092f00000, 0x0000000092f00000, 0x0000000093000000|  0%| F|  |TAMS 0x0000000092f00000| PB 0x0000000092f00000| Untracked 
| 304|0x0000000093000000, 0x0000000093000000, 0x0000000093100000|  0%| F|  |TAMS 0x0000000093000000| PB 0x0000000093000000| Untracked 
| 305|0x0000000093100000, 0x0000000093100000, 0x0000000093200000|  0%| F|  |TAMS 0x0000000093100000| PB 0x0000000093100000| Untracked 
| 306|0x0000000093200000, 0x0000000093200000, 0x0000000093300000|  0%| F|  |TAMS 0x0000000093200000| PB 0x0000000093200000| Untracked 
| 307|0x0000000093300000, 0x0000000093300000, 0x0000000093400000|  0%| F|  |TAMS 0x0000000093300000| PB 0x0000000093300000| Untracked 
| 308|0x0000000093400000, 0x0000000093400000, 0x0000000093500000|  0%| F|  |TAMS 0x0000000093400000| PB 0x0000000093400000| Untracked 
| 309|0x0000000093500000, 0x0000000093500000, 0x0000000093600000|  0%| F|  |TAMS 0x0000000093500000| PB 0x0000000093500000| Untracked 
| 310|0x0000000093600000, 0x0000000093600000, 0x0000000093700000|  0%| F|  |TAMS 0x0000000093600000| PB 0x0000000093600000| Untracked 
| 311|0x0000000093700000, 0x0000000093700000, 0x0000000093800000|  0%| F|  |TAMS 0x0000000093700000| PB 0x0000000093700000| Untracked 
| 312|0x0000000093800000, 0x0000000093800000, 0x0000000093900000|  0%| F|  |TAMS 0x0000000093800000| PB 0x0000000093800000| Untracked 
| 313|0x0000000093900000, 0x0000000093900000, 0x0000000093a00000|  0%| F|  |TAMS 0x0000000093900000| PB 0x0000000093900000| Untracked 
| 314|0x0000000093a00000, 0x0000000093a00000, 0x0000000093b00000|  0%| F|  |TAMS 0x0000000093a00000| PB 0x0000000093a00000| Untracked 
| 315|0x0000000093b00000, 0x0000000093b00000, 0x0000000093c00000|  0%| F|  |TAMS 0x0000000093b00000| PB 0x0000000093b00000| Untracked 
| 316|0x0000000093c00000, 0x0000000093c00000, 0x0000000093d00000|  0%| F|  |TAMS 0x0000000093c00000| PB 0x0000000093c00000| Untracked 
| 317|0x0000000093d00000, 0x0000000093d00000, 0x0000000093e00000|  0%| F|  |TAMS 0x0000000093d00000| PB 0x0000000093d00000| Untracked 
| 318|0x0000000093e00000, 0x0000000093e00000, 0x0000000093f00000|  0%| F|  |TAMS 0x0000000093e00000| PB 0x0000000093e00000| Untracked 
| 319|0x0000000093f00000, 0x0000000093f00000, 0x0000000094000000|  0%| F|  |TAMS 0x0000000093f00000| PB 0x0000000093f00000| Untracked 
| 320|0x0000000094000000, 0x0000000094000000, 0x0000000094100000|  0%| F|  |TAMS 0x0000000094000000| PB 0x0000000094000000| Untracked 
| 321|0x0000000094100000, 0x0000000094100000, 0x0000000094200000|  0%| F|  |TAMS 0x0000000094100000| PB 0x0000000094100000| Untracked 
| 322|0x0000000094200000, 0x0000000094200000, 0x0000000094300000|  0%| F|  |TAMS 0x0000000094200000| PB 0x0000000094200000| Untracked 
| 323|0x0000000094300000, 0x0000000094300000, 0x0000000094400000|  0%| F|  |TAMS 0x0000000094300000| PB 0x0000000094300000| Untracked 
| 324|0x0000000094400000, 0x0000000094400000, 0x0000000094500000|  0%| F|  |TAMS 0x0000000094400000| PB 0x0000000094400000| Untracked 
| 325|0x0000000094500000, 0x0000000094500000, 0x0000000094600000|  0%| F|  |TAMS 0x0000000094500000| PB 0x0000000094500000| Untracked 
| 326|0x0000000094600000, 0x0000000094600000, 0x0000000094700000|  0%| F|  |TAMS 0x0000000094600000| PB 0x0000000094600000| Untracked 
| 327|0x0000000094700000, 0x0000000094700000, 0x0000000094800000|  0%| F|  |TAMS 0x0000000094700000| PB 0x0000000094700000| Untracked 
| 328|0x0000000094800000, 0x0000000094800000, 0x0000000094900000|  0%| F|  |TAMS 0x0000000094800000| PB 0x0000000094800000| Untracked 
| 329|0x0000000094900000, 0x0000000094900000, 0x0000000094a00000|  0%| F|  |TAMS 0x0000000094900000| PB 0x0000000094900000| Untracked 
| 330|0x0000000094a00000, 0x0000000094a00000, 0x0000000094b00000|  0%| F|  |TAMS 0x0000000094a00000| PB 0x0000000094a00000| Untracked 
| 331|0x0000000094b00000, 0x0000000094b00000, 0x0000000094c00000|  0%| F|  |TAMS 0x0000000094b00000| PB 0x0000000094b00000| Untracked 
| 332|0x0000000094c00000, 0x0000000094c00000, 0x0000000094d00000|  0%| F|  |TAMS 0x0000000094c00000| PB 0x0000000094c00000| Untracked 
| 333|0x0000000094d00000, 0x0000000094d00000, 0x0000000094e00000|  0%| F|  |TAMS 0x0000000094d00000| PB 0x0000000094d00000| Untracked 
| 334|0x0000000094e00000, 0x0000000094e00000, 0x0000000094f00000|  0%| F|  |TAMS 0x0000000094e00000| PB 0x0000000094e00000| Untracked 
| 335|0x0000000094f00000, 0x0000000094f00000, 0x0000000095000000|  0%| F|  |TAMS 0x0000000094f00000| PB 0x0000000094f00000| Untracked 
| 336|0x0000000095000000, 0x0000000095000000, 0x0000000095100000|  0%| F|  |TAMS 0x0000000095000000| PB 0x0000000095000000| Untracked 
| 337|0x0000000095100000, 0x0000000095100000, 0x0000000095200000|  0%| F|  |TAMS 0x0000000095100000| PB 0x0000000095100000| Untracked 
| 338|0x0000000095200000, 0x0000000095200000, 0x0000000095300000|  0%| F|  |TAMS 0x0000000095200000| PB 0x0000000095200000| Untracked 
| 339|0x0000000095300000, 0x0000000095300000, 0x0000000095400000|  0%| F|  |TAMS 0x0000000095300000| PB 0x0000000095300000| Untracked 
| 340|0x0000000095400000, 0x0000000095400000, 0x0000000095500000|  0%| F|  |TAMS 0x0000000095400000| PB 0x0000000095400000| Untracked 
| 341|0x0000000095500000, 0x0000000095500000, 0x0000000095600000|  0%| F|  |TAMS 0x0000000095500000| PB 0x0000000095500000| Untracked 
| 342|0x0000000095600000, 0x0000000095600000, 0x0000000095700000|  0%| F|  |TAMS 0x0000000095600000| PB 0x0000000095600000| Untracked 
| 343|0x0000000095700000, 0x0000000095700000, 0x0000000095800000|  0%| F|  |TAMS 0x0000000095700000| PB 0x0000000095700000| Untracked 
| 344|0x0000000095800000, 0x0000000095800000, 0x0000000095900000|  0%| F|  |TAMS 0x0000000095800000| PB 0x0000000095800000| Untracked 
| 345|0x0000000095900000, 0x0000000095900000, 0x0000000095a00000|  0%| F|  |TAMS 0x0000000095900000| PB 0x0000000095900000| Untracked 
| 346|0x0000000095a00000, 0x0000000095a00000, 0x0000000095b00000|  0%| F|  |TAMS 0x0000000095a00000| PB 0x0000000095a00000| Untracked 
| 347|0x0000000095b00000, 0x0000000095b00000, 0x0000000095c00000|  0%| F|  |TAMS 0x0000000095b00000| PB 0x0000000095b00000| Untracked 
| 348|0x0000000095c00000, 0x0000000095c00000, 0x0000000095d00000|  0%| F|  |TAMS 0x0000000095c00000| PB 0x0000000095c00000| Untracked 
| 349|0x0000000095d00000, 0x0000000095d00000, 0x0000000095e00000|  0%| F|  |TAMS 0x0000000095d00000| PB 0x0000000095d00000| Untracked 
| 350|0x0000000095e00000, 0x0000000095e00000, 0x0000000095f00000|  0%| F|  |TAMS 0x0000000095e00000| PB 0x0000000095e00000| Untracked 
| 351|0x0000000095f00000, 0x0000000095f00000, 0x0000000096000000|  0%| F|  |TAMS 0x0000000095f00000| PB 0x0000000095f00000| Untracked 
| 352|0x0000000096000000, 0x0000000096000000, 0x0000000096100000|  0%| F|  |TAMS 0x0000000096000000| PB 0x0000000096000000| Untracked 
| 353|0x0000000096100000, 0x0000000096100000, 0x0000000096200000|  0%| F|  |TAMS 0x0000000096100000| PB 0x0000000096100000| Untracked 
| 354|0x0000000096200000, 0x0000000096200000, 0x0000000096300000|  0%| F|  |TAMS 0x0000000096200000| PB 0x0000000096200000| Untracked 
| 355|0x0000000096300000, 0x0000000096300000, 0x0000000096400000|  0%| F|  |TAMS 0x0000000096300000| PB 0x0000000096300000| Untracked 
| 356|0x0000000096400000, 0x0000000096400000, 0x0000000096500000|  0%| F|  |TAMS 0x0000000096400000| PB 0x0000000096400000| Untracked 
| 357|0x0000000096500000, 0x0000000096500000, 0x0000000096600000|  0%| F|  |TAMS 0x0000000096500000| PB 0x0000000096500000| Untracked 
| 358|0x0000000096600000, 0x0000000096600000, 0x0000000096700000|  0%| F|  |TAMS 0x0000000096600000| PB 0x0000000096600000| Untracked 
| 359|0x0000000096700000, 0x0000000096700000, 0x0000000096800000|  0%| F|  |TAMS 0x0000000096700000| PB 0x0000000096700000| Untracked 
| 360|0x0000000096800000, 0x0000000096800000, 0x0000000096900000|  0%| F|  |TAMS 0x0000000096800000| PB 0x0000000096800000| Untracked 
| 361|0x0000000096900000, 0x0000000096900000, 0x0000000096a00000|  0%| F|  |TAMS 0x0000000096900000| PB 0x0000000096900000| Untracked 
| 362|0x0000000096a00000, 0x0000000096a00000, 0x0000000096b00000|  0%| F|  |TAMS 0x0000000096a00000| PB 0x0000000096a00000| Untracked 
| 363|0x0000000096b00000, 0x0000000096b00000, 0x0000000096c00000|  0%| F|  |TAMS 0x0000000096b00000| PB 0x0000000096b00000| Untracked 
| 364|0x0000000096c00000, 0x0000000096c00000, 0x0000000096d00000|  0%| F|  |TAMS 0x0000000096c00000| PB 0x0000000096c00000| Untracked 
| 365|0x0000000096d00000, 0x0000000096d00000, 0x0000000096e00000|  0%| F|  |TAMS 0x0000000096d00000| PB 0x0000000096d00000| Untracked 
| 366|0x0000000096e00000, 0x0000000096e00000, 0x0000000096f00000|  0%| F|  |TAMS 0x0000000096e00000| PB 0x0000000096e00000| Untracked 
| 367|0x0000000096f00000, 0x0000000096f00000, 0x0000000097000000|  0%| F|  |TAMS 0x0000000096f00000| PB 0x0000000096f00000| Untracked 
| 368|0x0000000097000000, 0x0000000097000000, 0x0000000097100000|  0%| F|  |TAMS 0x0000000097000000| PB 0x0000000097000000| Untracked 
| 369|0x0000000097100000, 0x0000000097100000, 0x0000000097200000|  0%| F|  |TAMS 0x0000000097100000| PB 0x0000000097100000| Untracked 
| 370|0x0000000097200000, 0x0000000097200000, 0x0000000097300000|  0%| F|  |TAMS 0x0000000097200000| PB 0x0000000097200000| Untracked 
| 371|0x0000000097300000, 0x0000000097300000, 0x0000000097400000|  0%| F|  |TAMS 0x0000000097300000| PB 0x0000000097300000| Untracked 
| 372|0x0000000097400000, 0x0000000097400000, 0x0000000097500000|  0%| F|  |TAMS 0x0000000097400000| PB 0x0000000097400000| Untracked 
| 373|0x0000000097500000, 0x0000000097500000, 0x0000000097600000|  0%| F|  |TAMS 0x0000000097500000| PB 0x0000000097500000| Untracked 
| 374|0x0000000097600000, 0x0000000097600000, 0x0000000097700000|  0%| F|  |TAMS 0x0000000097600000| PB 0x0000000097600000| Untracked 
| 375|0x0000000097700000, 0x0000000097700000, 0x0000000097800000|  0%| F|  |TAMS 0x0000000097700000| PB 0x0000000097700000| Untracked 
| 376|0x0000000097800000, 0x0000000097800000, 0x0000000097900000|  0%| F|  |TAMS 0x0000000097800000| PB 0x0000000097800000| Untracked 
| 377|0x0000000097900000, 0x0000000097900000, 0x0000000097a00000|  0%| F|  |TAMS 0x0000000097900000| PB 0x0000000097900000| Untracked 
| 378|0x0000000097a00000, 0x0000000097a00000, 0x0000000097b00000|  0%| F|  |TAMS 0x0000000097a00000| PB 0x0000000097a00000| Untracked 
| 379|0x0000000097b00000, 0x0000000097b00000, 0x0000000097c00000|  0%| F|  |TAMS 0x0000000097b00000| PB 0x0000000097b00000| Untracked 
| 380|0x0000000097c00000, 0x0000000097c00000, 0x0000000097d00000|  0%| F|  |TAMS 0x0000000097c00000| PB 0x0000000097c00000| Untracked 
| 381|0x0000000097d00000, 0x0000000097d00000, 0x0000000097e00000|  0%| F|  |TAMS 0x0000000097d00000| PB 0x0000000097d00000| Untracked 
| 382|0x0000000097e00000, 0x0000000097e00000, 0x0000000097f00000|  0%| F|  |TAMS 0x0000000097e00000| PB 0x0000000097e00000| Untracked 
| 383|0x0000000097f00000, 0x0000000097f00000, 0x0000000098000000|  0%| F|  |TAMS 0x0000000097f00000| PB 0x0000000097f00000| Untracked 
| 384|0x0000000098000000, 0x0000000098000000, 0x0000000098100000|  0%| F|  |TAMS 0x0000000098000000| PB 0x0000000098000000| Untracked 
| 385|0x0000000098100000, 0x0000000098100000, 0x0000000098200000|  0%| F|  |TAMS 0x0000000098100000| PB 0x0000000098100000| Untracked 
| 386|0x0000000098200000, 0x0000000098200000, 0x0000000098300000|  0%| F|  |TAMS 0x0000000098200000| PB 0x0000000098200000| Untracked 
| 387|0x0000000098300000, 0x0000000098300000, 0x0000000098400000|  0%| F|  |TAMS 0x0000000098300000| PB 0x0000000098300000| Untracked 
| 388|0x0000000098400000, 0x0000000098400000, 0x0000000098500000|  0%| F|  |TAMS 0x0000000098400000| PB 0x0000000098400000| Untracked 
| 389|0x0000000098500000, 0x0000000098500000, 0x0000000098600000|  0%| F|  |TAMS 0x0000000098500000| PB 0x0000000098500000| Untracked 
| 390|0x0000000098600000, 0x0000000098600000, 0x0000000098700000|  0%| F|  |TAMS 0x0000000098600000| PB 0x0000000098600000| Untracked 
| 391|0x0000000098700000, 0x0000000098700000, 0x0000000098800000|  0%| F|  |TAMS 0x0000000098700000| PB 0x0000000098700000| Untracked 
| 392|0x0000000098800000, 0x0000000098800000, 0x0000000098900000|  0%| F|  |TAMS 0x0000000098800000| PB 0x0000000098800000| Untracked 
| 393|0x0000000098900000, 0x0000000098900000, 0x0000000098a00000|  0%| F|  |TAMS 0x0000000098900000| PB 0x0000000098900000| Untracked 
| 394|0x0000000098a00000, 0x0000000098a00000, 0x0000000098b00000|  0%| F|  |TAMS 0x0000000098a00000| PB 0x0000000098a00000| Untracked 
| 395|0x0000000098b00000, 0x0000000098b00000, 0x0000000098c00000|  0%| F|  |TAMS 0x0000000098b00000| PB 0x0000000098b00000| Untracked 
| 396|0x0000000098c00000, 0x0000000098c00000, 0x0000000098d00000|  0%| F|  |TAMS 0x0000000098c00000| PB 0x0000000098c00000| Untracked 
| 397|0x0000000098d00000, 0x0000000098d00000, 0x0000000098e00000|  0%| F|  |TAMS 0x0000000098d00000| PB 0x0000000098d00000| Untracked 
| 398|0x0000000098e00000, 0x0000000098e00000, 0x0000000098f00000|  0%| F|  |TAMS 0x0000000098e00000| PB 0x0000000098e00000| Untracked 
| 399|0x0000000098f00000, 0x0000000098f00000, 0x0000000099000000|  0%| F|  |TAMS 0x0000000098f00000| PB 0x0000000098f00000| Untracked 
| 400|0x0000000099000000, 0x0000000099100000, 0x0000000099100000|100%| E|  |TAMS 0x0000000099000000| PB 0x0000000099000000| Complete 
|2037|0x00000000ff500000, 0x00000000ff600000, 0x00000000ff600000|100%| E|CS|TAMS 0x00000000ff500000| PB 0x00000000ff500000| Complete 
|2038|0x00000000ff600000, 0x00000000ff700000, 0x00000000ff700000|100%| E|CS|TAMS 0x00000000ff600000| PB 0x00000000ff600000| Complete 
|2039|0x00000000ff700000, 0x00000000ff800000, 0x00000000ff800000|100%| O|  |TAMS 0x00000000ff700000| PB 0x00000000ff700000| Untracked 
|2040|0x00000000ff800000, 0x00000000ff900000, 0x00000000ff900000|100%| O|  |TAMS 0x00000000ff800000| PB 0x00000000ff800000| Untracked 
|2041|0x00000000ff900000, 0x00000000ffa00000, 0x00000000ffa00000|100%| O|  |TAMS 0x00000000ff900000| PB 0x00000000ff900000| Untracked 
|2042|0x00000000ffa00000, 0x00000000ffb00000, 0x00000000ffb00000|100%| O|  |TAMS 0x00000000ffa00000| PB 0x00000000ffa00000| Untracked 
|2043|0x00000000ffb00000, 0x00000000ffc00000, 0x00000000ffc00000|100%| O|  |TAMS 0x00000000ffb00000| PB 0x00000000ffb00000| Untracked 
|2044|0x00000000ffc00000, 0x00000000ffd00000, 0x00000000ffd00000|100%| O|  |TAMS 0x00000000ffc00000| PB 0x00000000ffc00000| Untracked 
|2045|0x00000000ffd00000, 0x00000000ffe00000, 0x00000000ffe00000|100%| E|CS|TAMS 0x00000000ffd00000| PB 0x00000000ffd00000| Complete 
|2046|0x00000000ffe00000, 0x00000000fff00000, 0x00000000fff00000|100%| E|CS|TAMS 0x00000000ffe00000| PB 0x00000000ffe00000| Complete 
|2047|0x00000000fff00000, 0x0000000100000000, 0x0000000100000000|100%| E|CS|TAMS 0x00000000fff00000| PB 0x00000000fff00000| Complete 

Card table byte_map: [0x0000020f94970000,0x0000020f94d70000] _byte_map_base: 0x0000020f94570000

Marking Bits: (CMBitMap*) 0x0000020f82144610
 Bits: [0x0000020f94d70000, 0x0000020f96d70000)

Polling page: 0x0000020f818b0000

Metaspace:

Usage:
  Non-class:    108.75 MB used.
      Class:     17.79 MB used.
       Both:    126.54 MB used.

Virtual space:
  Non-class space:      128.00 MB reserved,     109.94 MB ( 86%) committed,  2 nodes.
      Class space:        1.00 GB reserved,      18.94 MB (  2%) committed,  1 nodes.
             Both:        1.12 GB reserved,     128.88 MB ( 11%) committed. 

Chunk freelists:
   Non-Class:  1.41 MB
       Class:  13.08 MB
        Both:  14.48 MB

MaxMetaspaceSize: unlimited
CompressedClassSpaceSize: 1.00 GB
Initial GC threshold: 21.00 MB
Current GC threshold: 212.19 MB
CDS: off
 - commit_granule_bytes: 65536.
 - commit_granule_words: 8192.
 - virtual_space_node_default_size: 8388608.
 - enlarge_chunks_in_place: 1.
 - use_allocation_guard: 0.


Internal statistics:

num_allocs_failed_limit: 9.
num_arena_births: 4688.
num_arena_deaths: 0.
num_vsnodes_births: 3.
num_vsnodes_deaths: 0.
num_space_committed: 2061.
num_space_uncommitted: 0.
num_chunks_returned_to_freelist: 9.
num_chunks_taken_from_freelist: 10400.
num_chunk_merges: 9.
num_chunk_splits: 6723.
num_chunks_enlarged: 4126.
num_inconsistent_stats: 0.

CodeHeap 'non-profiled nmethods': size=120000Kb used=11555Kb max_used=12053Kb free=108444Kb
 bounds [0x0000020f8cd10000, 0x0000020f8d8e0000, 0x0000020f94240000]
CodeHeap 'profiled nmethods': size=120000Kb used=25417Kb max_used=25739Kb free=94582Kb
 bounds [0x0000020f85240000, 0x0000020f86b70000, 0x0000020f8c770000]
CodeHeap 'non-nmethods': size=5760Kb used=2963Kb max_used=3025Kb free=2796Kb
 bounds [0x0000020f8c770000, 0x0000020f8ca80000, 0x0000020f8cd10000]
CodeCache: size=245760Kb, used=39935Kb, max_used=40817Kb, free=205822Kb
 total_blobs=15051, nmethods=13993, adapters=961, full_count=0
Compilation: enabled, stopped_count=0, restarted_count=0

Compilation events (20 events):
Event: 47.596 Thread 0x0000020f999587b0 17282       3       com.android.tools.r8.origin.PathOrigin::<init> (34 bytes)
Event: 47.596 Thread 0x0000020f999587b0 nmethod 17282 0x0000020f85afe910 code [0x0000020f85afeae0, 0x0000020f85afedf0]
Event: 47.596 Thread 0x0000020f999587b0 17283       3       com.android.tools.r8.origin.Origin::<init> (31 bytes)
Event: 47.596 Thread 0x0000020f999587b0 nmethod 17283 0x0000020f86044390 code [0x0000020f86044540, 0x0000020f86044708]
Event: 47.596 Thread 0x0000020f999587b0 17284       3       com.android.tools.r8.BaseCommand$Builder$$Lambda/0x00000001012dce80::<init> (20 bytes)
Event: 47.596 Thread 0x0000020f999587b0 nmethod 17284 0x0000020f8609d810 code [0x0000020f8609d9c0, 0x0000020f8609dc40]
Event: 47.596 Thread 0x0000020f999587b0 17285   !   3       com.android.tools.r8.BaseCommand$Builder::a (45 bytes)
Event: 47.596 Thread 0x0000020f999587b0 nmethod 17285 0x0000020f8634bd90 code [0x0000020f8634bfa0, 0x0000020f8634c5c0]
Event: 47.596 Thread 0x0000020f999587b0 17286       3       com.android.tools.r8.ProgramResource$ByteResource::<init> (46 bytes)
Event: 47.596 Thread 0x0000020f999587b0 nmethod 17286 0x0000020f86044c90 code [0x0000020f86044e40, 0x0000020f86045128]
Event: 47.596 Thread 0x0000020f999587b0 17287       3       com.android.tools.r8.D8Command$Builder::c (2 bytes)
Event: 47.596 Thread 0x0000020f999587b0 nmethod 17287 0x0000020f85e6c190 code [0x0000020f85e6c320, 0x0000020f85e6c430]
Event: 47.597 Thread 0x0000020f999587b0 17288       3       com.android.tools.r8.BaseCommand$Builder::addClassProgramData (17 bytes)
Event: 47.597 Thread 0x0000020f99956570 nmethod 17279 0x0000020f8cf08290 code [0x0000020f8cf08440, 0x0000020f8cf08840]
Event: 47.597 Thread 0x0000020f99956570 17252       4       sun.nio.fs.WindowsPath::relativize (391 bytes)
Event: 47.597 Thread 0x0000020f999587b0 nmethod 17288 0x0000020f868b3790 code [0x0000020f868b39c0, 0x0000020f868b4130]
Event: 47.597 Thread 0x0000020f999587b0 17290       3       com.android.tools.r8.ProgramResource::fromBytes (12 bytes)
Event: 47.597 Thread 0x0000020f999587b0 nmethod 17290 0x0000020f86572a90 code [0x0000020f86572c40, 0x0000020f86572dd8]
Event: 47.597 Thread 0x0000020f999587b0 17289       3       com.android.builder.dexing.D8DiagnosticsHandler::getOrigin (67 bytes)
Event: 47.598 Thread 0x0000020f999587b0 nmethod 17289 0x0000020f85493f10 code [0x0000020f85494220, 0x0000020f854954c0]

GC Heap History (20 events):
Event: 13.906 GC heap before
{Heap before GC invocations=57 (full 0):
 garbage-first heap   total 282624K, used 253273K [0x0000000080000000, 0x0000000100000000)
  region size 1024K, 113 young (115712K), 5 survivors (5120K)
 Metaspace       used 120643K, committed 122944K, reserved 1179648K
  class space    used 17095K, committed 18240K, reserved 1048576K
}
Event: 13.910 GC heap after
{Heap after GC invocations=58 (full 0):
 garbage-first heap   total 282624K, used 146775K [0x0000000080000000, 0x0000000100000000)
  region size 1024K, 9 young (9216K), 9 survivors (9216K)
 Metaspace       used 120643K, committed 122944K, reserved 1179648K
  class space    used 17095K, committed 18240K, reserved 1048576K
}
Event: 14.201 GC heap before
{Heap before GC invocations=58 (full 0):
 garbage-first heap   total 282624K, used 256343K [0x0000000080000000, 0x0000000100000000)
  region size 1024K, 117 young (119808K), 9 survivors (9216K)
 Metaspace       used 120929K, committed 123200K, reserved 1179648K
  class space    used 17134K, committed 18240K, reserved 1048576K
}
Event: 14.207 GC heap after
{Heap after GC invocations=59 (full 0):
 garbage-first heap   total 282624K, used 150399K [0x0000000080000000, 0x0000000100000000)
  region size 1024K, 11 young (11264K), 11 survivors (11264K)
 Metaspace       used 120929K, committed 123200K, reserved 1179648K
  class space    used 17134K, committed 18240K, reserved 1048576K
}
Event: 14.930 GC heap before
{Heap before GC invocations=60 (full 0):
 garbage-first heap   total 282624K, used 253823K [0x0000000080000000, 0x0000000100000000)
  region size 1024K, 113 young (115712K), 11 survivors (11264K)
 Metaspace       used 124444K, committed 126720K, reserved 1179648K
  class space    used 17582K, committed 18688K, reserved 1048576K
}
Event: 14.936 GC heap after
{Heap after GC invocations=61 (full 0):
 garbage-first heap   total 282624K, used 156312K [0x0000000080000000, 0x0000000100000000)
  region size 1024K, 12 young (12288K), 12 survivors (12288K)
 Metaspace       used 124444K, committed 126720K, reserved 1179648K
  class space    used 17582K, committed 18688K, reserved 1048576K
}
Event: 15.145 GC heap before
{Heap before GC invocations=61 (full 0):
 garbage-first heap   total 282624K, used 253592K [0x0000000080000000, 0x0000000100000000)
  region size 1024K, 108 young (110592K), 12 survivors (12288K)
 Metaspace       used 124695K, committed 127040K, reserved 1179648K
  class space    used 17632K, committed 18752K, reserved 1048576K
}
Event: 15.152 GC heap after
{Heap after GC invocations=62 (full 0):
 garbage-first heap   total 282624K, used 157094K [0x0000000080000000, 0x0000000100000000)
  region size 1024K, 5 young (5120K), 5 survivors (5120K)
 Metaspace       used 124695K, committed 127040K, reserved 1179648K
  class space    used 17632K, committed 18752K, reserved 1048576K
}
Event: 15.420 GC heap before
{Heap before GC invocations=62 (full 0):
 garbage-first heap   total 282624K, used 260518K [0x0000000080000000, 0x0000000100000000)
  region size 1024K, 107 young (109568K), 5 survivors (5120K)
 Metaspace       used 124712K, committed 127040K, reserved 1179648K
  class space    used 17633K, committed 18752K, reserved 1048576K
}
Event: 15.425 GC heap after
{Heap after GC invocations=63 (full 0):
 garbage-first heap   total 282624K, used 158549K [0x0000000080000000, 0x0000000100000000)
  region size 1024K, 7 young (7168K), 7 survivors (7168K)
 Metaspace       used 124712K, committed 127040K, reserved 1179648K
  class space    used 17633K, committed 18752K, reserved 1048576K
}
Event: 46.471 GC heap before
{Heap before GC invocations=64 (full 0):
 garbage-first heap   total 282624K, used 257877K [0x0000000080000000, 0x0000000100000000)
  region size 1024K, 105 young (107520K), 7 survivors (7168K)
 Metaspace       used 125836K, committed 128192K, reserved 1179648K
  class space    used 17806K, committed 19008K, reserved 1048576K
}
Event: 46.477 GC heap after
{Heap after GC invocations=65 (full 0):
 garbage-first heap   total 282624K, used 160917K [0x0000000080000000, 0x0000000100000000)
  region size 1024K, 9 young (9216K), 9 survivors (9216K)
 Metaspace       used 125836K, committed 128192K, reserved 1179648K
  class space    used 17806K, committed 19008K, reserved 1048576K
}
Event: 46.808 GC heap before
{Heap before GC invocations=65 (full 0):
 garbage-first heap   total 282624K, used 261269K [0x0000000080000000, 0x0000000100000000)
  region size 1024K, 103 young (105472K), 9 survivors (9216K)
 Metaspace       used 127542K, committed 129920K, reserved 1179648K
  class space    used 17934K, committed 19136K, reserved 1048576K
}
Event: 46.821 GC heap after
{Heap after GC invocations=66 (full 0):
 garbage-first heap   total 290816K, used 176935K [0x0000000080000000, 0x0000000100000000)
  region size 1024K, 13 young (13312K), 13 survivors (13312K)
 Metaspace       used 127542K, committed 129920K, reserved 1179648K
  class space    used 17934K, committed 19136K, reserved 1048576K
}
Event: 47.194 GC heap before
{Heap before GC invocations=66 (full 0):
 garbage-first heap   total 290816K, used 260903K [0x0000000080000000, 0x0000000100000000)
  region size 1024K, 96 young (98304K), 13 survivors (13312K)
 Metaspace       used 127898K, committed 130368K, reserved 1179648K
  class space    used 17977K, committed 19200K, reserved 1048576K
}
Event: 47.205 GC heap after
{Heap after GC invocations=67 (full 0):
 garbage-first heap   total 290816K, used 190259K [0x0000000080000000, 0x0000000100000000)
  region size 1024K, 12 young (12288K), 12 survivors (12288K)
 Metaspace       used 127898K, committed 130368K, reserved 1179648K
  class space    used 17977K, committed 19200K, reserved 1048576K
}
Event: 47.500 GC heap before
{Heap before GC invocations=68 (full 0):
 garbage-first heap   total 317440K, used 260915K [0x0000000080000000, 0x0000000100000000)
  region size 1024K, 82 young (83968K), 12 survivors (12288K)
 Metaspace       used 128591K, committed 130944K, reserved 1179648K
  class space    used 18086K, committed 19264K, reserved 1048576K
}
Event: 47.507 GC heap after
{Heap after GC invocations=69 (full 0):
 garbage-first heap   total 317440K, used 197737K [0x0000000080000000, 0x0000000100000000)
  region size 1024K, 8 young (8192K), 8 survivors (8192K)
 Metaspace       used 128591K, committed 130944K, reserved 1179648K
  class space    used 18086K, committed 19264K, reserved 1048576K
}
Event: 47.601 GC heap before
{Heap before GC invocations=69 (full 0):
 garbage-first heap   total 317440K, used 284777K [0x0000000080000000, 0x0000000100000000)
  region size 1024K, 94 young (96256K), 8 survivors (8192K)
 Metaspace       used 129169K, committed 131520K, reserved 1179648K
  class space    used 18168K, committed 19328K, reserved 1048576K
}
Event: 47.606 GC heap after
{Heap after GC invocations=70 (full 0):
 garbage-first heap   total 421888K, used 201897K [0x0000000080000000, 0x0000000100000000)
  region size 1024K, 6 young (6144K), 6 survivors (6144K)
 Metaspace       used 129169K, committed 131520K, reserved 1179648K
  class space    used 18168K, committed 19328K, reserved 1048576K
}

Dll operation events (3 events):
Event: 0.007 Loaded shared library C:\Program Files\Android\Android Studio\jbr\bin\java.dll
Event: 0.011 Loaded shared library C:\Program Files\Android\Android Studio\jbr\bin\zip.dll
Event: 0.336 Loaded shared library C:\Program Files\Android\Android Studio\jbr\bin\verify.dll

Deoptimization events (20 events):
Event: 47.550 Thread 0x0000020f9e2d6410 Uncommon trap: trap_request=0xffffff45 fr.pc=0x0000020f8d879ea0 relative=0x00000000000001e0
Event: 47.550 Thread 0x0000020f9e2d6410 Uncommon trap: reason=unstable_if action=reinterpret pc=0x0000020f8d879ea0 method=java.util.Arrays.compareUnsigned([B[B)I @ 2 c2
Event: 47.550 Thread 0x0000020f9e2d6410 DEOPT PACKING pc=0x0000020f8d879ea0 sp=0x000000f2885fd730
Event: 47.550 Thread 0x0000020f9e2d6410 DEOPT UNPACKING pc=0x0000020f8c7c46a2 sp=0x000000f2885fd6f0 mode 2
Event: 47.551 Thread 0x0000020fa218c0a0 Uncommon trap: trap_request=0xffffffc6 fr.pc=0x0000020f8d7b7ba0 relative=0x0000000000000860
Event: 47.551 Thread 0x0000020fa218c0a0 Uncommon trap: reason=bimorphic_or_optimized_type_check action=maybe_recompile pc=0x0000020f8d7b7ba0 method=java.io.BufferedOutputStream.flushBuffer()V @ 20 c2
Event: 47.551 Thread 0x0000020fa218c0a0 DEOPT PACKING pc=0x0000020f8d7b7ba0 sp=0x000000f289afe0b0
Event: 47.551 Thread 0x0000020fa218c0a0 DEOPT UNPACKING pc=0x0000020f8c7c46a2 sp=0x000000f289afdfa0 mode 2
Event: 47.551 Thread 0x0000020fa218ba10 Uncommon trap: trap_request=0xffffffc6 fr.pc=0x0000020f8d7b7ba0 relative=0x0000000000000860
Event: 47.551 Thread 0x0000020fa218ba10 Uncommon trap: reason=bimorphic_or_optimized_type_check action=maybe_recompile pc=0x0000020f8d7b7ba0 method=java.io.BufferedOutputStream.flushBuffer()V @ 20 c2
Event: 47.551 Thread 0x0000020fa218ba10 DEOPT PACKING pc=0x0000020f8d7b7ba0 sp=0x000000f2899fdf30
Event: 47.551 Thread 0x0000020fa218ba10 DEOPT UNPACKING pc=0x0000020f8c7c46a2 sp=0x000000f2899fde20 mode 2
Event: 47.551 Thread 0x0000020fa218e170 Uncommon trap: trap_request=0xffffffc6 fr.pc=0x0000020f8d7b7ba0 relative=0x0000000000000860
Event: 47.551 Thread 0x0000020fa218e170 Uncommon trap: reason=bimorphic_or_optimized_type_check action=maybe_recompile pc=0x0000020f8d7b7ba0 method=java.io.BufferedOutputStream.flushBuffer()V @ 20 c2
Event: 47.551 Thread 0x0000020fa218e170 DEOPT PACKING pc=0x0000020f8d7b7ba0 sp=0x000000f2897fe1f0
Event: 47.551 Thread 0x0000020fa218e170 DEOPT UNPACKING pc=0x0000020f8c7c46a2 sp=0x000000f2897fe0e0 mode 2
Event: 47.551 Thread 0x0000020fa218ba10 Uncommon trap: trap_request=0xffffffde fr.pc=0x0000020f8ce15648 relative=0x00000000000007e8
Event: 47.551 Thread 0x0000020fa218ba10 Uncommon trap: reason=class_check action=maybe_recompile pc=0x0000020f8ce15648 method=org.gradle.tooling.internal.provider.runner.ClientBuildEventGenerator.finished(Lorg/gradle/internal/operations/BuildOperationDescriptor;Lorg/gradle/internal/operations/O
Event: 47.551 Thread 0x0000020fa218ba10 DEOPT PACKING pc=0x0000020f8ce15648 sp=0x000000f2899fe600
Event: 47.551 Thread 0x0000020fa218ba10 DEOPT UNPACKING pc=0x0000020f8c7c46a2 sp=0x000000f2899fe5b0 mode 2

Classes loaded (20 events):
Event: 47.153 Loading class java/nio/file/Files$2
Event: 47.153 Loading class java/nio/file/Files$2 done
Event: 47.157 Loading class java/util/PriorityQueue
Event: 47.158 Loading class java/util/PriorityQueue done
Event: 47.377 Loading class java/time/Clock$SystemClock
Event: 47.378 Loading class java/time/Clock$SystemClock done
Event: 47.409 Loading class java/util/zip/ZipFile$ZipEntryIterator
Event: 47.409 Loading class java/util/zip/ZipFile$ZipEntryIterator done
Event: 47.411 Loading class java/util/zip/ZipOutputStream
Event: 47.412 Loading class java/util/zip/ZipOutputStream done
Event: 47.509 Loading class sun/nio/fs/Globs
Event: 47.509 Loading class sun/nio/fs/Globs done
Event: 47.509 Loading class java/util/regex/Pattern$SliceU
Event: 47.509 Loading class java/util/regex/Pattern$SliceU done
Event: 47.509 Loading class sun/nio/fs/WindowsFileSystem$2
Event: 47.509 Loading class sun/nio/fs/WindowsFileSystem$2 done
Event: 47.510 Loading class java/nio/file/FileTreeIterator
Event: 47.511 Loading class java/nio/file/FileTreeIterator done
Event: 47.545 Loading class java/util/zip/ZipInputStream
Event: 47.545 Loading class java/util/zip/ZipInputStream done

Classes unloaded (0 events):
No events

Classes redefined (0 events):
No events

Internal exceptions (20 events):
Event: 15.919 Thread 0x0000020f9e2d6410 Exception <a 'java/lang/NoSuchMethodError'{0x000000008f164cf8}: static [Ljava/rmi/server/ObjID;.<clinit>()V> (0x000000008f164cf8) 
thrown [s\src\hotspot\share\prims\jni.cpp, line 1144]
Event: 15.920 Thread 0x0000020f9e2d6410 Exception <a 'java/lang/NoSuchMethodError'{0x000000008f189520}: static [B.<clinit>()V> (0x000000008f189520) 
thrown [s\src\hotspot\share\prims\jni.cpp, line 1144]
Event: 15.926 Thread 0x0000020f9e2de750 Exception <a 'java/lang/NoSuchMethodError'{0x000000008f14ed88}: 'java.lang.Object java.lang.invoke.DirectMethodHandle$Holder.newInvokeSpecial(java.lang.Object, java.lang.Object, int, java.lang.Object, long)'> (0x000000008f14ed88) 
thrown [s\src\hotspot\share\interpreter\linkResolver.cpp, line 784]
Event: 15.937 Thread 0x0000020f9e2d6410 Exception <a 'java/lang/NoSuchMethodError'{0x000000008f1d0980}: static Lorg/jetbrains/kotlin/daemon/common/CompileService$CallResult;.<clinit>()V> (0x000000008f1d0980) 
thrown [s\src\hotspot\share\prims\jni.cpp, line 1144]
Event: 15.938 Thread 0x0000020f9e2d6410 Exception <a 'java/lang/NoSuchMethodError'{0x000000008f1dcc00}: static Lorg/jetbrains/kotlin/daemon/common/CompileService$CallResult$Good;.<clinit>()V> (0x000000008f1dcc00) 
thrown [s\src\hotspot\share\prims\jni.cpp, line 1144]
Event: 15.938 Thread 0x0000020f9e2d6410 Exception <a 'java/lang/NoSuchMethodError'{0x000000008f1e9ec8}: static Lorg/jetbrains/kotlin/daemon/common/DaemonJVMOptions;.<clinit>()V> (0x000000008f1e9ec8) 
thrown [s\src\hotspot\share\prims\jni.cpp, line 1144]
Event: 15.942 Thread 0x0000020f9e2d6410 Exception <a 'java/lang/NoSuchMethodError'{0x000000008f0051b8}: static Lorg/jetbrains/kotlin/daemon/common/CompileService$CallResult$Ok;.<clinit>()V> (0x000000008f0051b8) 
thrown [s\src\hotspot\share\prims\jni.cpp, line 1144]
Event: 15.963 Thread 0x0000020f9e2d6410 Exception <a 'java/lang/NoSuchMethodError'{0x000000008efbab28}: static [Ljava/lang/Integer;.<clinit>()V> (0x000000008efbab28) 
thrown [s\src\hotspot\share\prims\jni.cpp, line 1144]
Event: 45.173 Thread 0x0000020f9e2e3610 Exception <a 'java/lang/NoSuchMethodError'{0x000000008e8f9488}: 'void java.lang.invoke.DirectMethodHandle$Holder.invokeInterface(java.lang.Object, java.lang.Object, int, java.lang.Object)'> (0x000000008e8f9488) 
thrown [s\src\hotspot\share\interpreter\linkResolver.cpp, line 784]
Event: 45.180 Thread 0x0000020f9e2e3610 Exception <a 'java/lang/NoSuchMethodError'{0x000000008e7182a8}: 'void java.lang.invoke.DelegatingMethodHandle$Holder.reinvoke_L(java.lang.Object, java.lang.Object, int, int, java.lang.Object, java.lang.Object)'> (0x000000008e7182a8) 
thrown [s\src\hotspot\share\interpreter\linkResolver.cpp, line 784]
Event: 46.462 Thread 0x0000020fa16dbac0 Exception <a 'java/lang/NoSuchMethodError'{0x000000008b5e9560}: static Ljava/lang/Object;.<clinit>()V> (0x000000008b5e9560) 
thrown [s\src\hotspot\share\prims\jni.cpp, line 1144]
Event: 46.508 Thread 0x0000020fa16dbac0 Implicit null exception at 0x0000020f8d0b1633 to 0x0000020f8d0b25dc
Event: 46.508 Thread 0x0000020fa16dbac0 Implicit null exception at 0x0000020f8d2402c7 to 0x0000020f8d2405cc
Event: 46.508 Thread 0x0000020fa16dbac0 Implicit null exception at 0x0000020f8d25a983 to 0x0000020f8d25b40c
Event: 46.509 Thread 0x0000020f9f9daaf0 Implicit null exception at 0x0000020f8d7fbc08 to 0x0000020f8d802684
Event: 46.512 Thread 0x0000020f9f9daaf0 Implicit null exception at 0x0000020f8d7e8824 to 0x0000020f8d7efb84
Event: 47.153 Thread 0x0000020fa16dbac0 Exception <a 'java/lang/IncompatibleClassChangeError'{0x000000008cb42758}: Found class java.lang.Object, but interface was expected> (0x000000008cb42758) 
thrown [s\src\hotspot\share\interpreter\linkResolver.cpp, line 851]
Event: 47.162 Thread 0x0000020f9f9d6950 Exception <a 'java/lang/NoSuchMethodError'{0x000000008ca47fa0}: static Lorg/gradle/internal/build/event/types/DefaultJavaCompileTaskSuccessResult;.<clinit>()V> (0x000000008ca47fa0) 
thrown [s\src\hotspot\share\prims\jni.cpp, line 1144]
Event: 47.409 Thread 0x0000020fa16dbac0 Implicit null exception at 0x0000020f8cef4ceb to 0x0000020f8cef5854
Event: 47.479 Thread 0x0000020fa16dbac0 Exception <a 'java/lang/NoSuchMethodError'{0x00000000919024e8}: static Lcom/android/build/gradle/internal/tasks/DexArchiveBuilderTaskDelegate$ClasspathServiceKey;.<clinit>()V> (0x00000000919024e8) 
thrown [s\src\hotspot\share\prims\jni.cpp, line 1144]

ZGC Phase Switch (0 events):
No events

VM Operations (20 events):
Event: 46.590 Executing VM operation: ICBufferFull
Event: 46.590 Executing VM operation: ICBufferFull done
Event: 46.607 Executing VM operation: HandshakeAllThreads (Deoptimize)
Event: 46.608 Executing VM operation: HandshakeAllThreads (Deoptimize) done
Event: 46.808 Executing VM operation: G1CollectForAllocation (G1 Evacuation Pause)
Event: 46.821 Executing VM operation: G1CollectForAllocation (G1 Evacuation Pause) done
Event: 46.869 Executing VM operation: HandshakeAllThreads (Deoptimize)
Event: 46.869 Executing VM operation: HandshakeAllThreads (Deoptimize) done
Event: 47.163 Executing VM operation: ICBufferFull
Event: 47.163 Executing VM operation: ICBufferFull done
Event: 47.194 Executing VM operation: G1CollectForAllocation (G1 Evacuation Pause)
Event: 47.205 Executing VM operation: G1CollectForAllocation (G1 Evacuation Pause) done
Event: 47.332 Executing VM operation: G1PauseRemark
Event: 47.336 Executing VM operation: G1PauseRemark done
Event: 47.409 Executing VM operation: G1PauseCleanup
Event: 47.409 Executing VM operation: G1PauseCleanup done
Event: 47.500 Executing VM operation: G1CollectForAllocation (G1 Evacuation Pause)
Event: 47.507 Executing VM operation: G1CollectForAllocation (G1 Evacuation Pause) done
Event: 47.601 Executing VM operation: G1CollectForAllocation (G1 Evacuation Pause)
Event: 47.607 Executing VM operation: G1CollectForAllocation (G1 Evacuation Pause) done

Memory protections (0 events):
No events

Nmethod flushes (20 events):
Event: 47.335 Thread 0x0000020f9988d3a0 flushing  nmethod 0x0000020f85e6f590
Event: 47.335 Thread 0x0000020f9988d3a0 flushing  nmethod 0x0000020f85e6fe90
Event: 47.335 Thread 0x0000020f9988d3a0 flushing  nmethod 0x0000020f85e72a90
Event: 47.335 Thread 0x0000020f9988d3a0 flushing  nmethod 0x0000020f85e73390
Event: 47.335 Thread 0x0000020f9988d3a0 flushing  nmethod 0x0000020f85ed7910
Event: 47.335 Thread 0x0000020f9988d3a0 flushing  nmethod 0x0000020f85eda290
Event: 47.335 Thread 0x0000020f9988d3a0 flushing  nmethod 0x0000020f85f2c390
Event: 47.335 Thread 0x0000020f9988d3a0 flushing  nmethod 0x0000020f85f5af10
Event: 47.335 Thread 0x0000020f9988d3a0 flushing  nmethod 0x0000020f85fc7390
Event: 47.335 Thread 0x0000020f9988d3a0 flushing  nmethod 0x0000020f85ff2390
Event: 47.335 Thread 0x0000020f9988d3a0 flushing  nmethod 0x0000020f86032d10
Event: 47.335 Thread 0x0000020f9988d3a0 flushing  nmethod 0x0000020f8637fa90
Event: 47.335 Thread 0x0000020f9988d3a0 flushing  nmethod 0x0000020f8666fa10
Event: 47.335 Thread 0x0000020f9988d3a0 flushing  nmethod 0x0000020f867fae90
Event: 47.335 Thread 0x0000020f9988d3a0 flushing  nmethod 0x0000020f867fb390
Event: 47.335 Thread 0x0000020f9988d3a0 flushing  nmethod 0x0000020f86862810
Event: 47.335 Thread 0x0000020f9988d3a0 flushing  nmethod 0x0000020f869c9590
Event: 47.335 Thread 0x0000020f9988d3a0 flushing  nmethod 0x0000020f869cd710
Event: 47.335 Thread 0x0000020f9988d3a0 flushing  nmethod 0x0000020f869ce190
Event: 47.335 Thread 0x0000020f9988d3a0 flushing  nmethod 0x0000020f869e3e10

Events (20 events):
Event: 16.993 Thread 0x0000020fa46c6480 Thread exited: 0x0000020fa46c6480
Event: 46.169 Thread 0x0000020f999587b0 Thread added: 0x0000020fa563fb80
Event: 46.170 Thread 0x0000020f999587b0 Thread added: 0x0000020fa5641d90
Event: 46.485 Thread 0x0000020f9e2de750 Thread exited: 0x0000020f9e2de750
Event: 46.655 Thread 0x0000020fa16dbac0 Thread added: 0x0000020f9e2d56f0
Event: 46.683 Thread 0x0000020fa16dbac0 Thread added: 0x0000020f9e2d7e50
Event: 46.683 Thread 0x0000020fa16dbac0 Thread added: 0x0000020f9e2d84e0
Event: 46.683 Thread 0x0000020fa16dbac0 Thread added: 0x0000020f9e2d7130
Event: 46.683 Thread 0x0000020fa16dbac0 Thread added: 0x0000020f9e2d77c0
Event: 46.683 Thread 0x0000020fa16dbac0 Thread added: 0x0000020f9e2d5060
Event: 46.683 Thread 0x0000020fa16dbac0 Thread added: 0x0000020f9e2d9f20
Event: 46.683 Thread 0x0000020fa16dbac0 Thread added: 0x0000020f9e2db2d0
Event: 47.482 Thread 0x0000020fa16dbac0 Thread added: 0x0000020fa5865640
Event: 47.485 Thread 0x0000020fa16dbac0 Thread added: 0x0000020fa58669f0
Event: 47.488 Thread 0x0000020fa16dbac0 Thread added: 0x0000020fa218e170
Event: 47.489 Thread 0x0000020fa16dbac0 Thread added: 0x0000020fa218e800
Event: 47.515 Thread 0x0000020fa16dbac0 Thread added: 0x0000020fa218ba10
Event: 47.517 Thread 0x0000020fa16dbac0 Thread added: 0x0000020fa218c0a0
Event: 47.519 Thread 0x0000020fa16dbac0 Thread added: 0x0000020fa218c730
Event: 47.520 Thread 0x0000020fa16dbac0 Thread added: 0x0000020f9e2db960


Dynamic libraries:
0x00007ff7939d0000 - 0x00007ff7939da000 	C:\Program Files\Android\Android Studio\jbr\bin\java.exe
0x00007fff123a0000 - 0x00007fff12607000 	C:\WINDOWS\SYSTEM32\ntdll.dll
0x00007fff10de0000 - 0x00007fff10ea9000 	C:\WINDOWS\System32\KERNEL32.DLL
0x00007fff0f960000 - 0x00007fff0fd4f000 	C:\WINDOWS\System32\KERNELBASE.dll
0x00007fff0f750000 - 0x00007fff0f89b000 	C:\WINDOWS\System32\ucrtbase.dll
0x00007ffef0560000 - 0x00007ffef0578000 	C:\Program Files\Android\Android Studio\jbr\bin\jli.dll
0x00007ffefd760000 - 0x00007ffefd77b000 	C:\Program Files\Android\Android Studio\jbr\bin\VCRUNTIME140.dll
0x00007fff10910000 - 0x00007fff10ad5000 	C:\WINDOWS\System32\USER32.dll
0x00007fff0f4f0000 - 0x00007fff0f517000 	C:\WINDOWS\System32\win32u.dll
0x00007ffefe090000 - 0x00007ffefe323000 	C:\WINDOWS\WinSxS\amd64_microsoft.windows.common-controls_6595b64144ccf1df_6.0.26100.7309_none_3e05feeae336a044\COMCTL32.dll
0x00007fff106b0000 - 0x00007fff106db000 	C:\WINDOWS\System32\GDI32.dll
0x00007fff121c0000 - 0x00007fff12269000 	C:\WINDOWS\System32\msvcrt.dll
0x00007fff0fdf0000 - 0x00007fff0ff1c000 	C:\WINDOWS\System32\gdi32full.dll
0x00007fff0f520000 - 0x00007fff0f5c3000 	C:\WINDOWS\System32\msvcp_win.dll
0x00007fff106e0000 - 0x00007fff10711000 	C:\WINDOWS\System32\IMM32.DLL
0x00007fff004c0000 - 0x00007fff004cc000 	C:\Program Files\Android\Android Studio\jbr\bin\vcruntime140_1.dll
0x00007ffed0450000 - 0x00007ffed04dd000 	C:\Program Files\Android\Android Studio\jbr\bin\msvcp140.dll
0x00007ffe66e10000 - 0x00007ffe67aa6000 	C:\Program Files\Android\Android Studio\jbr\bin\server\jvm.dll
0x00007fff122a0000 - 0x00007fff12354000 	C:\WINDOWS\System32\ADVAPI32.dll
0x00007fff12110000 - 0x00007fff121b6000 	C:\WINDOWS\System32\sechost.dll
0x00007fff10590000 - 0x00007fff106a8000 	C:\WINDOWS\System32\RPCRT4.dll
0x00007fff107b0000 - 0x00007fff10824000 	C:\WINDOWS\System32\WS2_32.dll
0x00007fff0f2a0000 - 0x00007fff0f2fe000 	C:\WINDOWS\SYSTEM32\POWRPROF.dll
0x00007fff095f0000 - 0x00007fff095fb000 	C:\WINDOWS\SYSTEM32\VERSION.dll
0x00007fff03df0000 - 0x00007fff03e25000 	C:\WINDOWS\SYSTEM32\WINMM.dll
0x00007fff0f180000 - 0x00007fff0f194000 	C:\WINDOWS\SYSTEM32\UMPDC.dll
0x00007fff0e2a0000 - 0x00007fff0e2bb000 	C:\WINDOWS\SYSTEM32\kernel.appcore.dll
0x00007fff00470000 - 0x00007fff0047a000 	C:\Program Files\Android\Android Studio\jbr\bin\jimage.dll
0x00007ffefe330000 - 0x00007ffefe572000 	C:\WINDOWS\SYSTEM32\DBGHELP.DLL
0x00007fff10fb0000 - 0x00007fff11336000 	C:\WINDOWS\System32\combase.dll
0x00007fff10830000 - 0x00007fff10906000 	C:\WINDOWS\System32\OLEAUT32.dll
0x00007fff0c630000 - 0x00007fff0c66c000 	C:\WINDOWS\SYSTEM32\dbgcore.DLL
0x00007fff10090000 - 0x00007fff10135000 	C:\WINDOWS\System32\bcryptPrimitives.dll
0x00007ffefd940000 - 0x00007ffefd94e000 	C:\Program Files\Android\Android Studio\jbr\bin\instrument.dll
0x00007ffefd280000 - 0x00007ffefd2a0000 	C:\Program Files\Android\Android Studio\jbr\bin\java.dll
0x00007ffefd220000 - 0x00007ffefd238000 	C:\Program Files\Android\Android Studio\jbr\bin\zip.dll
0x00007fff119b0000 - 0x00007fff12103000 	C:\WINDOWS\System32\SHELL32.dll
0x00007fff0ff20000 - 0x00007fff1008a000 	C:\WINDOWS\System32\wintypes.dll
0x00007fff0d130000 - 0x00007fff0d98e000 	C:\WINDOWS\SYSTEM32\windows.storage.dll
0x00007fff10eb0000 - 0x00007fff10fa5000 	C:\WINDOWS\System32\SHCORE.dll
0x00007fff117d0000 - 0x00007fff11836000 	C:\WINDOWS\System32\shlwapi.dll
0x00007fff0f410000 - 0x00007fff0f439000 	C:\WINDOWS\SYSTEM32\profapi.dll
0x00007fff00440000 - 0x00007fff00450000 	C:\Program Files\Android\Android Studio\jbr\bin\net.dll
0x00007fff08bb0000 - 0x00007fff08cd8000 	C:\WINDOWS\SYSTEM32\WINHTTP.dll
0x00007fff0e810000 - 0x00007fff0e87b000 	C:\WINDOWS\system32\mswsock.dll
0x00007ffefcf00000 - 0x00007ffefcf16000 	C:\Program Files\Android\Android Studio\jbr\bin\nio.dll
0x00007ffefd590000 - 0x00007ffefd5a0000 	C:\Program Files\Android\Android Studio\jbr\bin\verify.dll
0x00007ffef6da0000 - 0x00007ffef6dc7000 	C:\Users\ajays\.gradle\native\1def1411415f61bf3af743bc5b6707747c0891f09f0c88961ee8f79bc544acac\windows-amd64\native-platform.dll
0x00007ffed03d0000 - 0x00007ffed0448000 	C:\Users\ajays\.gradle\native\0.2.7\x86_64-windows-gnu\gradle-fileevents.dll
0x00007ffefd920000 - 0x00007ffefd929000 	C:\Program Files\Android\Android Studio\jbr\bin\management.dll
0x00007ffefd890000 - 0x00007ffefd89b000 	C:\Program Files\Android\Android Studio\jbr\bin\management_ext.dll
0x00007fff12290000 - 0x00007fff12298000 	C:\WINDOWS\System32\PSAPI.DLL
0x00007fff0dcb0000 - 0x00007fff0dce4000 	C:\WINDOWS\SYSTEM32\IPHLPAPI.DLL
0x00007fff10350000 - 0x00007fff1035a000 	C:\WINDOWS\System32\NSI.dll
0x00007ffefddd0000 - 0x00007ffefddd9000 	C:\Program Files\Android\Android Studio\jbr\bin\extnet.dll
0x00007fff0ead0000 - 0x00007fff0eaeb000 	C:\WINDOWS\SYSTEM32\CRYPTSP.dll
0x00007fff0e200000 - 0x00007fff0e23a000 	C:\WINDOWS\system32\rsaenh.dll
0x00007fff0e8c0000 - 0x00007fff0e8eb000 	C:\WINDOWS\SYSTEM32\USERENV.dll
0x00007fff0f3e0000 - 0x00007fff0f40a000 	C:\WINDOWS\SYSTEM32\bcrypt.dll
0x00007fff0eaf0000 - 0x00007fff0eafc000 	C:\WINDOWS\SYSTEM32\CRYPTBASE.dll
0x00007ffeb18c0000 - 0x00007ffeb18c8000 	C:\WINDOWS\system32\wshunix.dll
0x00007ffeeb080000 - 0x00007ffeeb098000 	C:\WINDOWS\system32\napinsp.dll
0x00007fff0dd40000 - 0x00007fff0de6c000 	C:\WINDOWS\SYSTEM32\DNSAPI.dll
0x00007ffee9240000 - 0x00007ffee9252000 	C:\WINDOWS\System32\winrnr.dll
0x00007ffee8cd0000 - 0x00007ffee8cf2000 	C:\WINDOWS\system32\nlansp_c.dll
0x00007ffeefed0000 - 0x00007ffeefee6000 	C:\WINDOWS\system32\wshbth.dll
0x00007fff02d60000 - 0x00007fff02d6b000 	C:\Windows\System32\rasadhlp.dll
0x00007fff039d0000 - 0x00007fff03a56000 	C:\WINDOWS\System32\fwpuclnt.dll
0x00007ffefd640000 - 0x00007ffefd647000 	C:\Program Files\Android\Android Studio\jbr\bin\rmi.dll

JVMTI agents:
C:\Users\ajays\.gradle\wrapper\dists\gradle-8.13-bin\5xuhj0ry160q40clulazy9h7d\gradle-8.13\lib\agents\gradle-instrumentation-agent-8.13.jar path:C:\Program Files\Android\Android Studio\jbr\bin\instrument.dll, loaded, initialized, instrumentlib options:none

dbghelp: loaded successfully - version: 4.0.5 - missing functions: none
symbol engine: initialized successfully - sym options: 0x614 - pdb path: .;C:\Program Files\Android\Android Studio\jbr\bin;C:\WINDOWS\SYSTEM32;C:\WINDOWS\WinSxS\amd64_microsoft.windows.common-controls_6595b64144ccf1df_6.0.26100.7309_none_3e05feeae336a044;C:\Program Files\Android\Android Studio\jbr\bin\server;C:\Users\ajays\.gradle\native\1def1411415f61bf3af743bc5b6707747c0891f09f0c88961ee8f79bc544acac\windows-amd64;C:\Users\ajays\.gradle\native\0.2.7\x86_64-windows-gnu

VM Arguments:
jvm_args: --add-opens=java.base/java.lang=ALL-UNNAMED --add-opens=java.base/java.lang.invoke=ALL-UNNAMED --add-opens=java.base/java.util=ALL-UNNAMED --add-opens=java.prefs/java.util.prefs=ALL-UNNAMED --add-exports=jdk.compiler/com.sun.tools.javac.api=ALL-UNNAMED --add-exports=jdk.compiler/com.sun.tools.javac.util=ALL-UNNAMED --add-opens=java.base/java.util=ALL-UNNAMED --add-opens=java.prefs/java.util.prefs=ALL-UNNAMED --add-opens=java.base/java.nio.charset=ALL-UNNAMED --add-opens=java.base/java.net=ALL-UNNAMED --add-opens=java.base/java.util.concurrent.atomic=ALL-UNNAMED --add-opens=java.xml/javax.xml.namespace=ALL-UNNAMED -Xmx2048m -Dfile.encoding=UTF-8 -Duser.country=US -Duser.language=en -Duser.variant -javaagent:C:\Users\ajays\.gradle\wrapper\dists\gradle-8.13-bin\5xuhj0ry160q40clulazy9h7d\gradle-8.13\lib\agents\gradle-instrumentation-agent-8.13.jar 
java_command: org.gradle.launcher.daemon.bootstrap.GradleDaemon 8.13
java_class_path (initial): C:\Users\ajays\.gradle\wrapper\dists\gradle-8.13-bin\5xuhj0ry160q40clulazy9h7d\gradle-8.13\lib\gradle-daemon-main-8.13.jar
Launcher Type: SUN_STANDARD

[Global flags]
     intx CICompilerCount                          = 4                                         {product} {ergonomic}
     uint ConcGCThreads                            = 2                                         {product} {ergonomic}
     uint G1ConcRefinementThreads                  = 8                                         {product} {ergonomic}
   size_t G1HeapRegionSize                         = 1048576                                   {product} {ergonomic}
    uintx GCDrainStackTargetSize                   = 64                                        {product} {ergonomic}
   size_t InitialHeapSize                          = 266338304                                 {product} {ergonomic}
   size_t MarkStackSize                            = 4194304                                   {product} {ergonomic}
   size_t MaxHeapSize                              = 2147483648                                {product} {command line}
   size_t MaxNewSize                               = 1287651328                                {product} {ergonomic}
   size_t MinHeapDeltaBytes                        = 1048576                                   {product} {ergonomic}
   size_t MinHeapSize                              = 8388608                                   {product} {ergonomic}
    uintx NonNMethodCodeHeapSize                   = 5839372                                {pd product} {ergonomic}
    uintx NonProfiledCodeHeapSize                  = 122909434                              {pd product} {ergonomic}
    uintx ProfiledCodeHeapSize                     = 122909434                              {pd product} {ergonomic}
    uintx ReservedCodeCacheSize                    = 251658240                              {pd product} {ergonomic}
     bool SegmentedCodeCache                       = true                                      {product} {ergonomic}
   size_t SoftMaxHeapSize                          = 2147483648                             {manageable} {ergonomic}
     bool UseCompressedOops                        = true                           {product lp64_product} {ergonomic}
     bool UseG1GC                                  = true                                      {product} {ergonomic}
     bool UseLargePagesIndividualAllocation        = false                                  {pd product} {ergonomic}

Logging:
Log output configuration:
 #0: stdout all=warning uptime,level,tags foldmultilines=false
 #1: stderr all=off uptime,level,tags foldmultilines=false

Environment Variables:
JAVA_HOME=C:\Program Files\Android\Android Studio\jbr
PATH=C:\Python314\Scripts\;C:\Python314\;C:\Program Files\Android\Android Studio\jbr\bin;%PATH%;C:\ProgramData\chocolatey\bin;C:\Program Files\nodejs\;C:\Users\ajays\.pyenv\pyenv-win\bin;C:\Users\ajays\.pyenv\pyenv-win\shims;C:\Users\ajays\AppData\Local\Programs\Python\Python313\Scripts\;C:\Users\ajays\AppData\Local\Programs\Python\Python313\;C:\WINDOWS\system32;C:\WINDOWS;C:\WINDOWS\System32\Wbem;C:\WINDOWS\System32\WindowsPowerShell\v1.0\;C:\WINDOWS\System32\OpenSSH\;C:\Users\ajays\AppData\Local\Android\Sdk\platform-tools;C:\Users\ajays\AppData\Local\Android\Sdk\tools;C:\Program Files (x86)\NVIDIA Corporation\PhysX\Common;C:\Program Files\NVIDIA Corporation\NVIDIA NvDLISR;C:\Users\ajays\AppData\Local\Microsoft\WindowsApps;C:\Users\ajays\AppData\Local\Programs\Microsoft VS Code\bin;C:\Program Files\Git\cmd;C:\ProgramData\miniconda3\Scripts;C:\Users\ajays\AppData\Local\Microsoft\WinGet\Packages\Genymobile.scrcpy_Microsoft.Winget.Source_8wekyb3d8bbwe\scrcpy-win64-v3.3.3;C:\Users\ajays\AppData\Roaming\npm
USERNAME=ajays
OS=Windows_NT
PROCESSOR_IDENTIFIER=Intel64 Family 6 Model 151 Stepping 5, GenuineIntel
TMP=C:\Users\ajays\AppData\Local\Temp
TEMP=C:\Users\ajays\AppData\Local\Temp




Periodic native trim disabled

JNI global refs:
JNI global refs: 27, weak refs: 1

JNI global refs memory usage: 835, weak refs: 833

Process memory usage:
Resident Set Size: 703644K (4% of 16541060K total physical memory with 2848844K free physical memory)

OOME stack traces (most recent first):
Classloader memory used:
Loader org.gradle.internal.classloader.VisitableURLClassLoader                         : 47578K
Loader org.gradle.internal.classloader.VisitableURLClassLoader$InstrumentingVisitableURLClassLoader: 35313K
Loader bootstrap                                                                       : 30923K
Loader org.gradle.initialization.MixInLegacyTypesClassLoader                           : 13944K
Loader jdk.internal.reflect.DelegatingClassLoader                                      : 634K
Loader jdk.internal.loader.ClassLoaders$PlatformClassLoader                            : 515K
Loader org.gradle.internal.classloader.VisitableURLClassLoader                         : 298K
Loader jdk.internal.loader.ClassLoaders$AppClassLoader                                 : 242K
Loader org.gradle.groovy.scripts.internal.DefaultScriptCompilationHandler$ScriptClassLoader: 136K
Loader org.codehaus.groovy.runtime.callsite.CallSiteClassLoader                        : 27512B

Classes loaded by more than one classloader:
Class Program                                                                         : loaded 5 times (x 72B)
Class Build_gradle                                                                    : loaded 3 times (x 130B)
Class Build_gradle$1                                                                  : loaded 3 times (x 74B)
Class org.gradle.internal.classloader.FilteringClassLoader                            : loaded 2 times (x 105B)
Class com.google.common.base.CharMatcher$IsEither                                     : loaded 2 times (x 111B)
Class ijKotlinCoroutineJvmDebugInit1_7tivfiu5uzgnl5vto7u12ucem$_run_closure1$_closure2: loaded 2 times (x 139B)
Class org.gradle.internal.classloader.ClassLoaderHierarchy                            : loaded 2 times (x 70B)
Class com.google.common.collect.ImmutableEnumSet                                      : loaded 2 times (x 146B)
Class com.google.common.util.concurrent.ExecutionError                                : loaded 2 times (x 82B)
Class com.google.common.collect.ImmutableList$1                                       : loaded 2 times (x 97B)
Class org.gradle.api.internal.classpath.ManifestUtil                                  : loaded 2 times (x 71B)
Class com.google.common.collect.RegularImmutableMap                                   : loaded 2 times (x 121B)
Class com.google.common.collect.ImmutableMap$MapViewOfValuesAsSingletonSets           : loaded 2 times (x 126B)
Class [Lorg.objectweb.asm.Symbol;                                                     : loaded 2 times (x 69B)
Class org.objectweb.asm.ClassVisitor                                                  : loaded 2 times (x 88B)
Class com.google.common.collect.UnmodifiableListIterator                              : loaded 2 times (x 95B)
Class com.google.common.base.Platform$JdkPatternCompiler                              : loaded 2 times (x 75B)
Class org.objectweb.asm.MethodTooLargeException                                       : loaded 2 times (x 83B)
Class [Lcom.google.common.cache.CacheBuilder$OneWeigher;                              : loaded 2 times (x 69B)
Class com.google.common.base.Suppliers                                                : loaded 2 times (x 71B)
Class org.gradle.internal.classloader.DefaultClassLoaderFactory                       : loaded 2 times (x 82B)
Class org.gradle.internal.classloader.ClassLoaderVisitor                              : loaded 2 times (x 76B)
Class [Lcom.google.common.collect.ImmutableMapEntry;                                  : loaded 2 times (x 69B)
Class org.gradle.api.internal.classpath.EffectiveClassPath                            : loaded 2 times (x 90B)
Class [Lorg.apache.commons.io.StandardLineSeparator;                                  : loaded 2 times (x 69B)
Class org.apache.commons.io.output.StringBuilderWriter                                : loaded 2 times (x 100B)
Class com.google.common.collect.ImmutableRangeSet                                     : loaded 2 times (x 115B)
Class com.google.common.collect.ListMultimap                                          : loaded 2 times (x 70B)
Class com.google.common.collect.ImmutableEnumMap                                      : loaded 2 times (x 126B)
Class com.google.common.collect.ImmutableSet$SerializedForm                           : loaded 2 times (x 73B)
Class com.google.common.collect.Sets$1                                                : loaded 2 times (x 139B)
Class org.objectweb.asm.AnnotationVisitor                                             : loaded 2 times (x 78B)
Class org.gradle.api.internal.DefaultClassPathProvider                                : loaded 2 times (x 76B)
Class com.google.common.collect.Sets$2                                                : loaded 2 times (x 139B)
Class [Lorg.gradle.api.internal.ClassPathProvider;                                    : loaded 2 times (x 69B)
Class org.gradle.api.internal.ClassPathProvider                                       : loaded 2 times (x 70B)
Class [Lorg.objectweb.asm.AnnotationVisitor;                                          : loaded 2 times (x 69B)
Class com.google.common.collect.Sets$3                                                : loaded 2 times (x 139B)
Class com.google.common.util.concurrent.AbstractFuture$SafeAtomicHelper               : loaded 2 times (x 79B)
Class com.google.common.cache.LocalCache$LocalLoadingCache                            : loaded 2 times (x 134B)
Class ijKotlinCoroutineJvmDebugInit1_7tivfiu5uzgnl5vto7u12ucem$_run_closure1          : loaded 2 times (x 139B)
Class org.gradle.internal.service.UnknownServiceException                             : loaded 2 times (x 83B)
Class com.google.common.collect.Sets$4                                                : loaded 2 times (x 139B)
Class org.objectweb.asm.ModuleVisitor                                                 : loaded 2 times (x 81B)
Class com.google.common.cache.LocalCache$Strength$1                                   : loaded 2 times (x 81B)
Class org.apache.commons.io.output.QueueOutputStream                                  : loaded 2 times (x 87B)
Class com.google.common.util.concurrent.SettableFuture                                : loaded 2 times (x 114B)
Class com.google.common.cache.LocalCache$Strength$2                                   : loaded 2 times (x 81B)
Class com.google.common.cache.LocalCache$Strength$3                                   : loaded 2 times (x 81B)
Class com.google.common.collect.MapDifference                                         : loaded 2 times (x 70B)
Class org.objectweb.asm.FieldWriter                                                   : loaded 2 times (x 78B)
Class com.google.common.cache.CacheBuilder$NullListener                               : loaded 2 times (x 82B)
Class org.gradle.internal.classpath.TransformedClassPath                              : loaded 2 times (x 96B)
Class org.gradle.internal.classloader.InstrumentingClassLoader                        : loaded 2 times (x 70B)
Class org.apache.commons.io.output.UnsynchronizedByteArrayOutputStream                : loaded 2 times (x 102B)
Class com.google.common.collect.ImmutableRangeSet$AsSet                               : loaded 2 times (x 300B)
Class com.google.common.cache.CacheLoader$FunctionToCacheLoader                       : loaded 2 times (x 75B)
Class com.google.common.collect.Iterators$ArrayItr                                    : loaded 2 times (x 97B)
Class com.google.common.collect.ImmutableCollection$Builder                           : loaded 2 times (x 76B)
Class org.apache.commons.io.output.ByteArrayOutputStream                              : loaded 2 times (x 102B)
Class com.google.common.base.Joiner                                                   : loaded 2 times (x 79B)
Class com.google.common.base.MoreObjects                                              : loaded 2 times (x 71B)
Class com.google.common.collect.Platform                                              : loaded 2 times (x 71B)
Class [Lorg.objectweb.asm.Type;                                                       : loaded 2 times (x 69B)
Class com.google.common.collect.UnmodifiableIterator                                  : loaded 2 times (x 80B)
Class org.gradle.internal.service.ServiceLocator                                      : loaded 2 times (x 70B)
Class com.google.common.base.Ascii                                                    : loaded 2 times (x 71B)
Class com.google.common.collect.SingletonImmutableBiMap                               : loaded 2 times (x 143B)
Class com.google.common.cache.LocalCache$1                                            : loaded 2 times (x 89B)
Class com.google.common.collect.AbstractMapEntry                                      : loaded 2 times (x 81B)
Class ijJvmDebugger1_yyhdw0yy96rttrjc51vedtah$_run_closure1$_closure2                 : loaded 2 times (x 140B)
Class com.google.common.collect.Sets$ImprovedAbstractSet                              : loaded 2 times (x 135B)
Class com.google.common.collect.ImmutableList$Builder                                 : loaded 2 times (x 77B)
Class com.google.common.collect.AbstractMultimap                                      : loaded 2 times (x 123B)
Class com.google.common.cache.LocalCache$2                                            : loaded 2 times (x 142B)
Class com.google.common.collect.ImmutableRangeSet$1                                   : loaded 2 times (x 210B)
Class com.google.common.util.concurrent.AbstractFuture$UnsafeAtomicHelper$1           : loaded 2 times (x 76B)
Class com.google.common.collect.RegularImmutableAsList                                : loaded 2 times (x 217B)
Class com.google.common.collect.Range                                                 : loaded 2 times (x 87B)
Class com.google.common.util.concurrent.AbstractFuture$Trusted                        : loaded 2 times (x 70B)
Class com.google.common.collect.Iterators                                             : loaded 2 times (x 71B)
Class com.google.common.collect.Lists$StringAsImmutableList                           : loaded 2 times (x 207B)
Class com.google.common.util.concurrent.UncheckedExecutionException                   : loaded 2 times (x 82B)
Class org.gradle.kotlin.dsl.VersionCatalogAccessorsKt                                 : loaded 2 times (x 71B)
Class org.gradle.internal.InternalTransformer                                         : loaded 2 times (x 70B)
Class com.google.common.collect.AbstractMapBasedMultimap$KeySet$1                     : loaded 2 times (x 82B)
Class org.objectweb.asm.ClassWriter                                                   : loaded 2 times (x 106B)
Class com.google.common.cache.CacheLoader$UnsupportedLoadingOperationException        : loaded 2 times (x 82B)
Class com.google.common.base.CharMatcher$And                                          : loaded 2 times (x 112B)
Class org.gradle.internal.classloader.ClasspathUtil$1                                 : loaded 2 times (x 76B)
Class org.objectweb.asm.FieldVisitor                                                  : loaded 2 times (x 77B)
Class com.google.common.collect.IndexedImmutableSet                                   : loaded 2 times (x 152B)
Class com.google.common.collect.ImmutableMap$1                                        : loaded 2 times (x 81B)
Class com.google.common.collect.BiMap                                                 : loaded 2 times (x 70B)
Class org.gradle.api.internal.classpath.DefaultModuleRegistry$DefaultModule           : loaded 2 times (x 86B)
Class com.google.common.primitives.Ints                                               : loaded 2 times (x 71B)
Class com.google.common.collect.AbstractIterator                                      : loaded 2 times (x 82B)
Class com.google.common.collect.ObjectArrays                                          : loaded 2 times (x 71B)
Class com.google.common.collect.RegularImmutableMap$KeySet                            : loaded 2 times (x 152B)
Class com.google.common.collect.ArrayListMultimapGwtSerializationDependencies         : loaded 2 times (x 172B)
Class com.google.common.collect.AbstractIndexedListIterator                           : loaded 2 times (x 96B)
Class com.google.common.math.MathPreconditions                                        : loaded 2 times (x 71B)
Class org.apache.commons.io.output.NullOutputStream                                   : loaded 2 times (x 85B)
Class com.google.common.collect.ImmutableMapEntrySet                                  : loaded 2 times (x 152B)
Class org.gradle.api.internal.classpath.Module                                        : loaded 2 times (x 70B)
Class com.google.common.cache.Weigher                                                 : loaded 2 times (x 70B)
Class org.gradle.api.internal.classpath.UnknownModuleException                        : loaded 2 times (x 82B)
Class com.google.common.base.Stopwatch                                                : loaded 2 times (x 72B)
Class com.google.common.cache.LocalCache$Strength                                     : loaded 2 times (x 81B)
Class com.google.common.cache.Cache                                                   : loaded 2 times (x 70B)
Class com.google.common.util.concurrent.AbstractFuture$Cancellation                   : loaded 2 times (x 72B)
Class com.google.common.collect.ImmutableMap$Builder                                  : loaded 2 times (x 82B)
Class com.google.common.cache.RemovalListener                                         : loaded 2 times (x 70B)
Class org.gradle.api.internal.DefaultClassPathRegistry                                : loaded 2 times (x 76B)
Class com.google.common.primitives.IntsMethodsForWeb                                  : loaded 2 times (x 71B)
Class com.google.common.collect.Multimap                                              : loaded 2 times (x 70B)
Class org.gradle.api.internal.ClassPathRegistry                                       : loaded 2 times (x 70B)
Class org.gradle.internal.classpath.DefaultClassPath$ImmutableUniqueList              : loaded 2 times (x 199B)
Class org.apache.commons.io.IOUtils                                                   : loaded 2 times (x 71B)
Class com.google.common.base.Equivalence$Identity                                     : loaded 2 times (x 82B)
Class com.google.common.cache.CacheBuilder                                            : loaded 2 times (x 72B)
Class com.google.common.collect.SingletonImmutableList                                : loaded 2 times (x 207B)
Class Settings_gradle$1                                                               : loaded 2 times (x 74B)
Class org.gradle.internal.classpath.ClassPath                                         : loaded 2 times (x 70B)
Class org.gradle.api.UncheckedIOException                                             : loaded 2 times (x 82B)
Class com.google.common.base.JdkPattern                                               : loaded 2 times (x 75B)
Class com.google.common.collect.ImmutableList$ReverseImmutableList                    : loaded 2 times (x 209B)
Class org.objectweb.asm.SymbolTable$Entry                                             : loaded 2 times (x 74B)
Class com.google.common.util.concurrent.AbstractFuture$AtomicHelper                   : loaded 2 times (x 78B)
Class org.objectweb.asm.Edge                                                          : loaded 2 times (x 72B)
Class com.google.common.base.Suppliers$SupplierOfInstance                             : loaded 2 times (x 79B)
Class com.google.common.collect.Iterators$1                                           : loaded 2 times (x 81B)
Class com.google.common.cache.LocalCache$ComputingValueReference                      : loaded 2 times (x 96B)
Class com.google.common.collect.SingletonImmutableSet                                 : loaded 2 times (x 146B)
Class com.google.common.collect.ImmutableMap$IteratorBasedImmutableMap                : loaded 2 times (x 126B)
Class com.google.common.cache.LocalCache$Segment                                      : loaded 2 times (x 154B)
Class ijJvmDebugger1_yyhdw0yy96rttrjc51vedtah$_run_closure1                           : loaded 2 times (x 139B)
Class com.google.common.collect.SortedIterable                                        : loaded 2 times (x 70B)
Class com.google.common.collect.AbstractListMultimap                                  : loaded 2 times (x 172B)
Class [Lorg.objectweb.asm.SymbolTable$Entry;                                          : loaded 2 times (x 69B)
Class com.google.common.cache.CacheLoader                                             : loaded 2 times (x 74B)
Class com.google.common.collect.Iterators$4                                           : loaded 2 times (x 82B)
Class com.google.common.collect.ImmutableBiMap                                        : loaded 2 times (x 143B)
Class org.gradle.internal.installation.GradleInstallation$1                           : loaded 2 times (x 75B)
Class org.gradle.api.internal.classpath.ModuleRegistry                                : loaded 2 times (x 70B)
Class org.apache.commons.io.output.NullWriter                                         : loaded 2 times (x 99B)
Class com.google.common.util.concurrent.internal.InternalFutureFailureAccess          : loaded 2 times (x 72B)
Class com.google.common.collect.Iterators$5                                           : loaded 2 times (x 82B)
Class com.google.common.collect.ImmutableSet$JdkBackedSetBuilderImpl                  : loaded 2 times (x 76B)
Class com.google.common.util.concurrent.AbstractFuture$UnsafeAtomicHelper             : loaded 2 times (x 78B)
Class com.google.common.cache.LocalCache$LocalManualCache$1                           : loaded 2 times (x 75B)
Class com.google.common.base.CharMatcher$ForPredicate                                 : loaded 2 times (x 112B)
Class com.google.common.base.CharMatcher$AnyOf                                        : loaded 2 times (x 112B)
Class com.google.common.collect.ImmutableCollection                                   : loaded 2 times (x 125B)
Class org.gradle.api.internal.classpath.DefaultModuleRegistry                         : loaded 2 times (x 86B)
Class com.google.common.collect.Lists                                                 : loaded 2 times (x 71B)
Class com.google.common.util.concurrent.ListenableFuture                              : loaded 2 times (x 70B)
Class com.google.common.cache.ReferenceEntry                                          : loaded 2 times (x 70B)
Class com.google.common.base.Converter                                                : loaded 2 times (x 90B)
Class com.google.common.collect.ImmutableSet$CachingAsList                            : loaded 2 times (x 148B)
Class com.google.common.collect.AbstractMapBasedMultimap                              : loaded 2 times (x 139B)
Class com.google.common.util.concurrent.AbstractFuture                                : loaded 2 times (x 106B)
Class com.google.common.base.FunctionalEquivalence                                    : loaded 2 times (x 83B)
Class com.google.common.collect.Iterators$9                                           : loaded 2 times (x 81B)
Class com.google.common.collect.ImmutableAsList                                       : loaded 2 times (x 209B)
Class org.objectweb.asm.RecordComponentVisitor                                        : loaded 2 times (x 77B)
Class com.google.common.cache.CacheLoader$SupplierToCacheLoader                       : loaded 2 times (x 75B)
Class com.google.common.collect.Maps$EntryTransformer                                 : loaded 2 times (x 70B)
Class org.gradle.internal.service.ServiceLookupException                              : loaded 2 times (x 82B)
Class com.google.common.collect.Lists$ReverseList                                     : loaded 2 times (x 200B)
Class com.google.common.collect.ImmutableSortedSet                                    : loaded 2 times (x 300B)
Class [Lcom.google.common.cache.LocalCache$EntryFactory;                              : loaded 2 times (x 69B)
Class org.gradle.internal.classloader.ClassLoaderFactory                              : loaded 2 times (x 70B)
Class org.apache.commons.io.CloseableURLConnection                                    : loaded 2 times (x 116B)
Class com.google.common.base.CommonPattern                                            : loaded 2 times (x 74B)
Class com.google.common.cache.LocalCache$LocalManualCache                             : loaded 2 times (x 99B)
Class com.google.common.base.CharMatcher$IsNot                                        : loaded 2 times (x 111B)
Class org.gradle.internal.service.CachingServiceLocator                               : loaded 2 times (x 82B)
Class com.google.common.collect.AbstractMapBasedMultimap$KeySet                       : loaded 2 times (x 137B)
Class com.google.common.collect.RegularImmutableSortedSet                             : loaded 2 times (x 300B)
Class com.google.common.math.IntMath                                                  : loaded 2 times (x 71B)
Class com.google.common.collect.ImmutableMapEntry                                     : loaded 2 times (x 85B)
Class com.google.common.base.Equivalence                                              : loaded 2 times (x 82B)
Class com.google.common.base.Function                                                 : loaded 2 times (x 70B)
Class com.google.common.collect.ImmutableMapEntry$NonTerminalImmutableMapEntry        : loaded 2 times (x 85B)
Class org.apache.commons.io.output.AbstractByteArrayOutputStream                      : loaded 2 times (x 102B)
Class com.google.common.cache.CacheBuilder$OneWeigher                                 : loaded 2 times (x 82B)
Class com.google.common.collect.RegularImmutableList                                  : loaded 2 times (x 213B)
Class org.gradle.internal.classloader.ClasspathUtil                                   : loaded 2 times (x 71B)
Class com.google.common.base.Charsets                                                 : loaded 2 times (x 71B)
Class com.google.common.util.concurrent.Uninterruptibles                              : loaded 2 times (x 71B)
Class com.google.common.collect.Maps                                                  : loaded 2 times (x 71B)
Class org.gradle.api.specs.Spec                                                       : loaded 2 times (x 70B)
Class [Lcom.google.common.collect.ImmutableEntry;                                     : loaded 2 times (x 69B)
Class com.google.common.cache.LocalCache$LoadingValueReference                        : loaded 2 times (x 96B)
Class com.google.common.collect.Multiset                                              : loaded 2 times (x 70B)
Class com.google.common.base.Platform                                                 : loaded 2 times (x 71B)
Class [Lorg.objectweb.asm.AnnotationWriter;                                           : loaded 2 times (x 69B)
Class com.google.common.collect.Maps$8                                                : loaded 2 times (x 82B)
Class ijKotlinCoroutineJvmDebugInit1_7tivfiu5uzgnl5vto7u12ucem                        : loaded 2 times (x 179B)
Class com.google.common.collect.Lists$ReverseList$1                                   : loaded 2 times (x 99B)
Class com.google.common.collect.ImmutableRangeSet$Builder                             : loaded 2 times (x 77B)
Class com.google.common.collect.Sets$SetView                                          : loaded 2 times (x 138B)
Class com.google.common.cache.LocalCache$StrongValueReference                         : loaded 2 times (x 90B)
Class com.google.common.util.concurrent.AbstractFuture$SynchronizedHelper             : loaded 2 times (x 78B)
Class org.objectweb.asm.Type                                                          : loaded 2 times (x 72B)
Class ijJvmDebugger1_yyhdw0yy96rttrjc51vedtah                                         : loaded 2 times (x 179B)
Class org.gradle.internal.classloader.VisitableURLClassLoader$InstrumentingVisitableURLClassLoader: loaded 2 times (x 123B)
Class org.objectweb.asm.ByteVector                                                    : loaded 2 times (x 79B)
Class [Lcom.google.common.cache.CacheBuilder$NullListener;                            : loaded 2 times (x 69B)
Class com.google.common.math.IntMath$1                                                : loaded 2 times (x 71B)
Class org.gradle.internal.classloader.VisitableURLClassLoader$Spec                    : loaded 2 times (x 74B)
Class org.gradle.internal.classpath.DefaultClassPath                                  : loaded 2 times (x 90B)
Class org.objectweb.asm.Symbol                                                        : loaded 2 times (x 73B)
Class com.google.common.io.Closer                                                     : loaded 2 times (x 78B)
Class com.google.common.base.CharMatcher$Ascii                                        : loaded 2 times (x 112B)
Class com.google.common.base.CharMatcher$BitSetMatcher                                : loaded 2 times (x 112B)
Class com.google.common.collect.RegularImmutableMap$Values                            : loaded 2 times (x 207B)
Class com.google.common.collect.ImmutableSet                                          : loaded 2 times (x 145B)
Class org.gradle.internal.classloader.ClassLoaderSpec                                 : loaded 2 times (x 71B)
Class org.objectweb.asm.AnnotationWriter                                              : loaded 2 times (x 79B)
Class com.google.common.cache.CacheStats                                              : loaded 2 times (x 71B)
Class com.google.common.io.Closer$Suppressor                                          : loaded 2 times (x 70B)
Class org.objectweb.asm.RecordComponentWriter                                         : loaded 2 times (x 78B)
Class com.google.common.util.concurrent.AbstractFuture$Listener                       : loaded 2 times (x 72B)
Class com.google.common.base.CharMatcher$Or                                           : loaded 2 times (x 112B)
Class Settings_gradle$1$1                                                             : loaded 2 times (x 74B)
Class org.objectweb.asm.Attribute                                                     : loaded 2 times (x 77B)
Class com.google.common.base.Supplier                                                 : loaded 2 times (x 70B)
Class org.gradle.internal.classloader.VisitableURLClassLoader                         : loaded 2 times (x 117B)
Class com.google.common.util.concurrent.AbstractFuture$Waiter                         : loaded 2 times (x 72B)
Class Settings_gradle                                                                 : loaded 2 times (x 128B)
Class org.gradle.internal.Cast                                                        : loaded 2 times (x 71B)
Class org.gradle.api.Action                                                           : loaded 2 times (x 70B)
Class com.google.common.base.Strings                                                  : loaded 2 times (x 71B)
Class com.google.common.collect.Sets                                                  : loaded 2 times (x 71B)
Class org.objectweb.asm.Handler                                                       : loaded 2 times (x 72B)
Class com.google.common.base.Ticker                                                   : loaded 2 times (x 72B)
Class com.google.common.base.CharMatcher$FastMatcher                                  : loaded 2 times (x 111B)
Class [Lcom.google.common.cache.LocalCache$Segment;                                   : loaded 2 times (x 69B)
Class [Lcom.google.common.cache.LocalCache$Strength;                                  : loaded 2 times (x 69B)
Class com.google.common.cache.CacheBuilder$1                                          : loaded 2 times (x 85B)
Class com.google.common.base.Predicate                                                : loaded 2 times (x 70B)
Class com.google.common.collect.ImmutableMap                                          : loaded 2 times (x 120B)
Class org.gradle.internal.classpath.DefaultClassPath$ImmutableUniqueList$Builder      : loaded 2 times (x 75B)
Class com.google.common.collect.AbstractRangeSet                                      : loaded 2 times (x 114B)
Class com.google.common.cache.LocalCache                                              : loaded 2 times (x 187B)
Class com.google.common.cache.CacheBuilder$2                                          : loaded 2 times (x 79B)
Class com.google.common.base.CharMatcher$NegatedFastMatcher                           : loaded 2 times (x 113B)
Class com.google.common.collect.ArrayListMultimap                                     : loaded 2 times (x 172B)
Class com.google.common.cache.CacheBuilder$3                                          : loaded 2 times (x 72B)
Class [Lcom.google.common.collect.AbstractMapEntry;                                   : loaded 2 times (x 69B)
Class com.google.common.collect.ImmutableEntry                                        : loaded 2 times (x 82B)
Class org.gradle.api.GradleException                                                  : loaded 2 times (x 82B)
Class com.google.common.base.Suppliers$MemoizingSupplier                              : loaded 2 times (x 79B)
Class org.apache.commons.io.StandardLineSeparator                                     : loaded 2 times (x 79B)
Class com.google.common.collect.CollectPreconditions                                  : loaded 2 times (x 71B)
Class com.google.common.collect.SortedMapDifference                                   : loaded 2 times (x 70B)
Class com.google.common.cache.LocalCache$EntryFactory                                 : loaded 2 times (x 83B)
Class com.google.common.cache.LocalCache$AbstractReferenceEntry                       : loaded 2 times (x 107B)
Class org.gradle.internal.IoActions                                                   : loaded 2 times (x 71B)
Class com.google.common.collect.ImmutableRangeSet$ComplementRanges                    : loaded 2 times (x 207B)
Class org.objectweb.asm.SymbolTable                                                   : loaded 2 times (x 72B)
Class com.google.common.cache.CacheLoader$InvalidCacheLoadException                   : loaded 2 times (x 82B)
Class com.google.common.collect.ImmutableSet$RegularSetBuilderImpl                    : loaded 2 times (x 77B)
Class org.gradle.internal.classloader.SystemClassLoaderSpec                           : loaded 2 times (x 71B)
Class com.google.common.cache.LocalCache$StrongEntry                                  : loaded 2 times (x 108B)
Class com.google.common.util.concurrent.AbstractFuture$TrustedFuture                  : loaded 2 times (x 114B)
Class com.google.common.cache.LoadingCache                                            : loaded 2 times (x 70B)
Class com.google.common.base.Suppliers$NonSerializableMemoizingSupplier               : loaded 2 times (x 79B)
Class org.objectweb.asm.MethodWriter                                                  : loaded 2 times (x 106B)
Class [Lcom.google.common.cache.Weigher;                                              : loaded 2 times (x 69B)
Class com.google.common.collect.RegularImmutableMap$BucketOverflowException           : loaded 2 times (x 82B)
Class com.google.common.collect.RegularImmutableBiMap                                 : loaded 2 times (x 149B)
Class com.google.common.cache.LocalCache$ValueReference                               : loaded 2 times (x 70B)
Class com.google.common.base.CharMatcher$Negated                                      : loaded 2 times (x 113B)
Class com.google.common.base.CharMatcher$Is                                           : loaded 2 times (x 111B)
Class com.google.common.hash.PrimitiveSink                                            : loaded 2 times (x 70B)
Class com.google.common.base.PatternCompiler                                          : loaded 2 times (x 70B)
Class com.google.common.util.concurrent.AbstractFuture$Failure                        : loaded 2 times (x 72B)
Class com.google.common.base.Equivalence$Equals                                       : loaded 2 times (x 82B)
Class com.google.common.collect.Hashing                                               : loaded 2 times (x 71B)
Class com.google.common.base.Preconditions                                            : loaded 2 times (x 71B)
Class com.google.common.base.Joiner$1                                                 : loaded 2 times (x 80B)
Class org.objectweb.asm.Label                                                         : loaded 2 times (x 73B)
Class org.objectweb.asm.CurrentFrame                                                  : loaded 2 times (x 73B)
Class org.objectweb.asm.ClassTooLargeException                                        : loaded 2 times (x 83B)
Class com.google.common.base.CharMatcher                                              : loaded 2 times (x 111B)
Class com.google.common.collect.PeekingIterator                                       : loaded 2 times (x 70B)
Class com.google.common.collect.RangeGwtSerializationDependencies                     : loaded 2 times (x 71B)
Class com.google.common.base.Joiner$2                                                 : loaded 2 times (x 79B)
Class org.objectweb.asm.Frame                                                         : loaded 2 times (x 73B)
Class org.objectweb.asm.MethodVisitor                                                 : loaded 2 times (x 105B)
Class com.google.common.cache.LocalCache$EntryFactory$1                               : loaded 2 times (x 83B)
Class [Lcom.google.common.cache.RemovalListener;                                      : loaded 2 times (x 69B)
Class com.google.common.base.CharMatcher$NamedFastMatcher                             : loaded 2 times (x 112B)
Class com.google.common.base.CharMatcher$1                                            : loaded 2 times (x 113B)
Class com.google.common.collect.RangeSet                                              : loaded 2 times (x 70B)
Class com.google.common.cache.LocalCache$EntryFactory$2                               : loaded 2 times (x 83B)
Class org.gradle.api.internal.classpath.GlobalCacheRootsProvider                      : loaded 2 times (x 70B)
Class com.google.common.collect.CollectCollectors                                     : loaded 2 times (x 71B)
Class org.objectweb.asm.ModuleWriter                                                  : loaded 2 times (x 82B)
Class com.google.common.cache.LocalCache$EntryFactory$3                               : loaded 2 times (x 83B)
Class com.google.common.base.Ticker$1                                                 : loaded 2 times (x 72B)
Class com.google.common.collect.Maps$BiMapConverter                                   : loaded 2 times (x 90B)
Class com.google.common.collect.ImmutableMapEntrySet$RegularEntrySet                  : loaded 2 times (x 152B)
Class com.google.common.cache.LocalCache$EntryFactory$4                               : loaded 2 times (x 83B)
Class com.google.common.base.CharMatcher$InRange                                      : loaded 2 times (x 111B)
Class com.google.common.collect.ImmutableSet$Builder                                  : loaded 2 times (x 85B)
Class com.google.common.cache.LocalCache$EntryFactory$5                               : loaded 2 times (x 83B)
Class com.google.common.base.PairwiseEquivalence                                      : loaded 2 times (x 83B)
Class org.apache.commons.io.output.AppendableWriter                                   : loaded 2 times (x 100B)
Class com.google.common.cache.LocalCache$EntryFactory$6                               : loaded 2 times (x 83B)
Class org.gradle.internal.installation.CurrentGradleInstallationLocator               : loaded 2 times (x 71B)
Class org.apache.commons.io.output.ThresholdingOutputStream                           : loaded 2 times (x 95B)
Class com.google.common.collect.Maps$KeySet                                           : loaded 2 times (x 137B)
Class com.google.common.cache.LocalCache$EntryFactory$7                               : loaded 2 times (x 83B)
Class com.google.common.collect.ImmutableSet$EmptySetBuilderImpl                      : loaded 2 times (x 76B)
Class com.google.common.collect.ImmutableList                                         : loaded 2 times (x 206B)
Class org.gradle.internal.service.DefaultServiceLocator                               : loaded 2 times (x 83B)
Class com.google.common.cache.LocalCache$EntryFactory$8                               : loaded 2 times (x 83B)
Class com.google.common.collect.ImmutableSet$SetBuilderImpl                           : loaded 2 times (x 76B)
Class org.gradle.internal.installation.CurrentGradleInstallation                      : loaded 2 times (x 73B)
Class com.google.common.cache.CacheLoader$1                                           : loaded 2 times (x 75B)
Class com.google.common.collect.ForwardingObject                                      : loaded 2 times (x 72B)
Class com.google.common.collect.ImmutableList$SubList                                 : loaded 2 times (x 209B)
Class org.gradle.util.internal.GUtil                                                  : loaded 2 times (x 71B)
Class com.google.common.util.concurrent.AbstractFuture$SetFuture                      : loaded 2 times (x 75B)
Class com.google.common.cache.AbstractCache$StatsCounter                              : loaded 2 times (x 70B)
Class com.google.common.collect.Iterators$MergingIterator                             : loaded 2 times (x 81B)
Class com.google.common.collect.RegularImmutableSet                                   : loaded 2 times (x 149B)
Class org.gradle.internal.installation.GradleInstallation                             : loaded 2 times (x 75B)
Class com.google.common.collect.Iterables                                             : loaded 2 times (x 71B)
Class com.google.common.collect.Lists$RandomAccessReverseList                         : loaded 2 times (x 200B)

---------------  S Y S T E M  ---------------

OS:
 Windows 11 , 64 bit Build 26100 (10.0.26100.7623)
OS uptime: 12 days 7:53 hours

CPU: total 8 (initial active 8) (4 cores per cpu, 2 threads per core) family 6 model 151 stepping 5 microcode 0x38, cx8, cmov, fxsr, ht, mmx, 3dnowpref, sse, sse2, sse3, ssse3, sse4.1, sse4.2, popcnt, lzcnt, tsc, tscinvbit, avx, avx2, aes, erms, clmul, bmi1, bmi2, adx, sha, fma, vzeroupper, clflush, clflushopt, clwb, serialize, rdtscp, rdpid, fsrm, f16c, pku, cet_ibt, cet_ss
Processor Information for the first 8 processors :
  Max Mhz: 3300, Current Mhz: 3300, Mhz Limit: 3300

Memory: 4k page, system-wide physical 16153M (2777M free)
TotalPageFile size 23646M (AvailPageFile size 8M)
current process WorkingSet (physical memory assigned to process): 688M, peak: 688M
current process commit charge ("private bytes"): 823M, peak: 825M

vm_info: OpenJDK 64-Bit Server VM (21.0.8+-14018985-b1038.68) for windows-amd64 JRE (21.0.8+-14018985-b1038.68), built on 2025-08-29T19:56:34Z by "builder" with MS VC++ 16.10 / 16.11 (VS2019)

END.
