#
# There is insufficient memory for the Java Runtime Environment to continue.
# Native memory allocation (malloc) failed to allocate 1878816 bytes. Error detail: Chunk::new
# Possible reasons:
#   The system is out of physical RAM or swap space
#   This process is running with CompressedOops enabled, and the Java Heap may be blocking the growth of the native heap
# Possible solutions:
#   Reduce memory load on the system
#   Increase physical memory or swap space
#   Check if swap backing store is full
#   Decrease Java heap size (-Xmx/-Xms)
#   Decrease number of Java threads
#   Decrease Java thread stack sizes (-Xss)
#   Set larger code cache with -XX:ReservedCodeCacheSize=
#   JVM is running with Unscaled Compressed Oops mode in which the Java heap is
#     placed in the first 4GB address space. The Java Heap base address is the
#     maximum limit for the native heap growth. Please use -XX:HeapBaseMinAddress
#     to set the Java Heap base and to place the Java Heap above 4GB virtual address.
# This output file may be truncated or incomplete.
#
#  Out of Memory Error (arena.cpp:168), pid=12776, tid=25124
#
# JRE version: OpenJDK Runtime Environment (21.0.8) (build 21.0.8+-14018985-b1038.68)
# Java VM: OpenJDK 64-Bit Server VM (21.0.8+-14018985-b1038.68, mixed mode, tiered, compressed oops, compressed class ptrs, g1 gc, windows-amd64)
# No core dump will be written. Minidumps are not enabled by default on client versions of Windows
#

---------------  S U M M A R Y ------------

Command Line: --add-opens=java.base/java.lang=ALL-UNNAMED --add-opens=java.base/java.lang.invoke=ALL-UNNAMED --add-opens=java.base/java.util=ALL-UNNAMED --add-opens=java.prefs/java.util.prefs=ALL-UNNAMED --add-exports=jdk.compiler/com.sun.tools.javac.api=ALL-UNNAMED --add-exports=jdk.compiler/com.sun.tools.javac.util=ALL-UNNAMED --add-opens=java.base/java.util=ALL-UNNAMED --add-opens=java.prefs/java.util.prefs=ALL-UNNAMED --add-opens=java.base/java.nio.charset=ALL-UNNAMED --add-opens=java.base/java.net=ALL-UNNAMED --add-opens=java.base/java.util.concurrent.atomic=ALL-UNNAMED --add-opens=java.xml/javax.xml.namespace=ALL-UNNAMED -Xmx2048m -Dfile.encoding=UTF-8 -Duser.country=US -Duser.language=en -Duser.variant -javaagent:C:\Users\ajays\.gradle\wrapper\dists\gradle-8.13-bin\5xuhj0ry160q40clulazy9h7d\gradle-8.13\lib\agents\gradle-instrumentation-agent-8.13.jar org.gradle.launcher.daemon.bootstrap.GradleDaemon 8.13

Host: 12th Gen Intel(R) Core(TM) i3-12100, 8 cores, 15G,  Windows 11 , 64 bit Build 26100 (10.0.26100.7623)
Time: Tue Jan 27 00:35:06 2026 India Standard Time elapsed time: 11.965513 seconds (0d 0h 0m 11s)

---------------  T H R E A D  ---------------

Current thread (0x000001e0c26e5540):  JavaThread "C2 CompilerThread1" daemon [_thread_in_native, id=25124, stack(0x000000591d900000,0x000000591da00000) (1024K)]


Current CompileTask:
C2:11965 13619       4       org.gradle.api.internal.artifacts.ModuleComponentSelectorSerializer::read (50 bytes)

Stack: [0x000000591d900000,0x000000591da00000]
Native frames: (J=compiled Java code, j=interpreted, Vv=VM code, C=native code)
V  [jvm.dll+0x6d68d9]
V  [jvm.dll+0x866693]
V  [jvm.dll+0x868c4e]
V  [jvm.dll+0x869333]
V  [jvm.dll+0x280566]
V  [jvm.dll+0xc07cd]
V  [jvm.dll+0xc0d03]
V  [jvm.dll+0x3b961b]
V  [jvm.dll+0x385507]
V  [jvm.dll+0x38497a]
V  [jvm.dll+0x249252]
V  [jvm.dll+0x248821]
V  [jvm.dll+0x1c73a4]
V  [jvm.dll+0x257f9e]
V  [jvm.dll+0x2564e6]
V  [jvm.dll+0x3f4696]
V  [jvm.dll+0x80eac8]
V  [jvm.dll+0x6d512d]
C  [ucrtbase.dll+0x37b0]
C  [KERNEL32.DLL+0x2e8d7]
C  [ntdll.dll+0x8c53c]


---------------  P R O C E S S  ---------------

Threads class SMR info:
_java_thread_list=0x000001e0c894bf40, length=98, elements={
0x000001e0aae88f70, 0x000001e0c2693cb0, 0x000001e0c2697910, 0x000001e0c26a84a0,
0x000001e0c26bcc40, 0x000001e0c26bd6a0, 0x000001e0c26be100, 0x000001e0c26b4300,
0x000001e0c26cafc0, 0x000001e0c26e62e0, 0x000001e0c70410a0, 0x000001e0c8a5c7c0,
0x000001e0c89e2050, 0x000001e0c8a29a40, 0x000001e0c8ab9590, 0x000001e0c8b96420,
0x000001e0c8ab0cc0, 0x000001e0c8b1cb80, 0x000001e0c8b53650, 0x000001e0c8b53ce0,
0x000001e0c8b54a00, 0x000001e0c8b51580, 0x000001e0c8b54370, 0x000001e0c8b522a0,
0x000001e0c8b52930, 0x000001e0c8b52fc0, 0x000001e0c981ae30, 0x000001e0c9818d60,
0x000001e0c981a110, 0x000001e0c981a7a0, 0x000001e0c981b4c0, 0x000001e0c9818040,
0x000001e0c981e940, 0x000001e0c981efd0, 0x000001e0c981bb50, 0x000001e0c981dc20,
0x000001e0c981f660, 0x000001e0c981cf00, 0x000001e0c981c1e0, 0x000001e0c981d590,
0x000001e0cb69ae30, 0x000001e0cb69c1e0, 0x000001e0cb69e940, 0x000001e0cb69d590,
0x000001e0cb69c870, 0x000001e0cb69bb50, 0x000001e0cb69b4c0, 0x000001e0cb69cf00,
0x000001e0cb69e2b0, 0x000001e0cb6a10a0, 0x000001e0cb69dc20, 0x000001e0cb69efd0,
0x000001e0cb69f660, 0x000001e0ca30f670, 0x000001e0ca30cf10, 0x000001e0ca30e2c0,
0x000001e0ca30efe0, 0x000001e0ca30e950, 0x000001e0ca30d5a0, 0x000001e0ca30fd00,
0x000001e0ca310390, 0x000001e0ca3110b0, 0x000001e0ca30dc30, 0x000001e0ca313ea0,
0x000001e0ca313810, 0x000001e0ca310a20, 0x000001e0ca314530, 0x000001e0ca311dd0,
0x000001e0ca312af0, 0x000001e0ca313180, 0x000001e0cd623670, 0x000001e0cd622fe0,
0x000001e0cd624390, 0x000001e0c26e5540, 0x000001e0cd6250b0, 0x000001e0cd623d00,
0x000001e0cd6222c0, 0x000001e0cd621c30, 0x000001e0cd625740, 0x000001e0cd629250,
0x000001e0cd625dd0, 0x000001e0cd626af0, 0x000001e0cd626460, 0x000001e0cd627810,
0x000001e0cd628bc0, 0x000001e0cd627180, 0x000001e0cd627ea0, 0x000001e0c26e69b0,
0x000001e0cd9e7fc0, 0x000001e0cd9edba0, 0x000001e0cd9ef5e0, 0x000001e0ce482b60,
0x000001e0ce4852c0, 0x000001e0ce4824d0, 0x000001e0ce4831f0, 0x000001e0ce483f10,
0x000001e0ce483880, 0x000001e0ce481e40
}

Java Threads: ( => current thread )
  0x000001e0aae88f70 JavaThread "main"                              [_thread_blocked, id=24768, stack(0x000000591c700000,0x000000591c800000) (1024K)]
  0x000001e0c2693cb0 JavaThread "Common-Cleaner"             daemon [_thread_blocked, id=27176, stack(0x000000591cf00000,0x000000591d000000) (1024K)]
  0x000001e0c2697910 JavaThread "Reference Handler"          daemon [_thread_blocked, id=23576, stack(0x000000591d000000,0x000000591d100000) (1024K)]
  0x000001e0c26a84a0 JavaThread "Finalizer"                  daemon [_thread_blocked, id=28148, stack(0x000000591d100000,0x000000591d200000) (1024K)]
  0x000001e0c26bcc40 JavaThread "Signal Dispatcher"          daemon [_thread_blocked, id=23524, stack(0x000000591d200000,0x000000591d300000) (1024K)]
  0x000001e0c26bd6a0 JavaThread "Attach Listener"            daemon [_thread_blocked, id=15900, stack(0x000000591d300000,0x000000591d400000) (1024K)]
  0x000001e0c26be100 JavaThread "Service Thread"             daemon [_thread_blocked, id=13604, stack(0x000000591d400000,0x000000591d500000) (1024K)]
  0x000001e0c26b4300 JavaThread "Monitor Deflation Thread"   daemon [_thread_blocked, id=25480, stack(0x000000591d500000,0x000000591d600000) (1024K)]
  0x000001e0c26cafc0 JavaThread "C2 CompilerThread0"         daemon [_thread_blocked, id=20152, stack(0x000000591d600000,0x000000591d700000) (1024K)]
  0x000001e0c26e62e0 JavaThread "C1 CompilerThread0"         daemon [_thread_blocked, id=31396, stack(0x000000591d700000,0x000000591d800000) (1024K)]
  0x000001e0c70410a0 JavaThread "Notification Thread"        daemon [_thread_blocked, id=25472, stack(0x000000591d800000,0x000000591d900000) (1024K)]
  0x000001e0c8a5c7c0 JavaThread "Daemon health stats"               [_thread_blocked, id=22344, stack(0x000000591e000000,0x000000591e100000) (1024K)]
  0x000001e0c89e2050 JavaThread "Incoming local TCP Connector on port 54297"        [_thread_in_native, id=30884, stack(0x000000591e300000,0x000000591e400000) (1024K)]
  0x000001e0c8a29a40 JavaThread "Daemon periodic checks"            [_thread_blocked, id=25576, stack(0x000000591e400000,0x000000591e500000) (1024K)]
  0x000001e0c8ab9590 JavaThread "Daemon"                            [_thread_blocked, id=18984, stack(0x000000591e500000,0x000000591e600000) (1024K)]
  0x000001e0c8b96420 JavaThread "Handler for socket connection from /127.0.0.1:54297 to /127.0.0.1:54298"        [_thread_in_native, id=28740, stack(0x000000591e600000,0x000000591e700000) (1024K)]
  0x000001e0c8ab0cc0 JavaThread "Cancel handler"                    [_thread_blocked, id=19836, stack(0x000000591e700000,0x000000591e800000) (1024K)]
  0x000001e0c8b1cb80 JavaThread "Daemon worker"                     [_thread_blocked, id=10944, stack(0x000000591e800000,0x000000591e900000) (1024K)]
  0x000001e0c8b53650 JavaThread "Asynchronous log dispatcher for DefaultDaemonConnection: socket connection from /127.0.0.1:54297 to /127.0.0.1:54298"        [_thread_blocked, id=29636, stack(0x000000591e900000,0x000000591ea00000) (1024K)]
  0x000001e0c8b53ce0 JavaThread "Stdin handler"                     [_thread_blocked, id=25392, stack(0x000000591ea00000,0x000000591eb00000) (1024K)]
  0x000001e0c8b54a00 JavaThread "Daemon client event forwarder"        [_thread_blocked, id=14348, stack(0x000000591eb00000,0x000000591ec00000) (1024K)]
  0x000001e0c8b51580 JavaThread "Cache worker for journal cache (C:\Users\ajays\.gradle\caches\journal-1)"        [_thread_blocked, id=23720, stack(0x000000591ed00000,0x000000591ee00000) (1024K)]
  0x000001e0c8b54370 JavaThread "File lock request listener"        [_thread_in_native, id=16820, stack(0x000000591ee00000,0x000000591ef00000) (1024K)]
  0x000001e0c8b522a0 JavaThread "Cache worker for file hash cache (C:\Users\ajays\.gradle\caches\8.13\fileHashes)"        [_thread_blocked, id=1476, stack(0x000000591ef00000,0x000000591f000000) (1024K)]
  0x000001e0c8b52930 JavaThread "Cache worker for file hash cache (D:\android\Teamozy\.gradle\8.13\fileHashes)"        [_thread_blocked, id=23744, stack(0x000000591f000000,0x000000591f100000) (1024K)]
  0x000001e0c8b52fc0 JavaThread "Cache worker for Build Output Cleanup Cache (D:\android\Teamozy\.gradle\buildOutputCleanup)"        [_thread_blocked, id=28708, stack(0x000000591f100000,0x000000591f200000) (1024K)]
  0x000001e0c981ae30 JavaThread "File watcher server"        daemon [_thread_in_native, id=17012, stack(0x000000591f200000,0x000000591f300000) (1024K)]
  0x000001e0c9818d60 JavaThread "File watcher consumer"      daemon [_thread_blocked, id=10932, stack(0x000000591f300000,0x000000591f400000) (1024K)]
  0x000001e0c981a110 JavaThread "jar transforms"                    [_thread_blocked, id=27620, stack(0x000000591f400000,0x000000591f500000) (1024K)]
  0x000001e0c981a7a0 JavaThread "jar transforms Thread 2"           [_thread_blocked, id=11172, stack(0x000000591f500000,0x000000591f600000) (1024K)]
  0x000001e0c981b4c0 JavaThread "Cache worker for checksums cache (D:\android\Teamozy\.gradle\8.13\checksums)"        [_thread_blocked, id=16092, stack(0x000000591f600000,0x000000591f700000) (1024K)]
  0x000001e0c9818040 JavaThread "Cache worker for file content cache (C:\Users\ajays\.gradle\caches\8.13\fileContent)"        [_thread_blocked, id=32460, stack(0x000000591f700000,0x000000591f800000) (1024K)]
  0x000001e0c981e940 JavaThread "jar transforms Thread 3"           [_thread_blocked, id=6492, stack(0x000000591f800000,0x000000591f900000) (1024K)]
  0x000001e0c981efd0 JavaThread "Cache worker for cache directory md-supplier (C:\Users\ajays\.gradle\caches\8.13\md-supplier)"        [_thread_blocked, id=20300, stack(0x000000591f900000,0x000000591fa00000) (1024K)]
  0x000001e0c981bb50 JavaThread "Cache worker for cache directory md-rule (C:\Users\ajays\.gradle\caches\8.13\md-rule)"        [_thread_blocked, id=25920, stack(0x000000591fa00000,0x000000591fb00000) (1024K)]
  0x000001e0c981dc20 JavaThread "Unconstrained build operations"        [_thread_blocked, id=24004, stack(0x000000591fb00000,0x000000591fc00000) (1024K)]
  0x000001e0c981f660 JavaThread "Unconstrained build operations Thread 2"        [_thread_blocked, id=27300, stack(0x000000591fc00000,0x000000591fd00000) (1024K)]
  0x000001e0c981cf00 JavaThread "Unconstrained build operations Thread 3"        [_thread_blocked, id=27556, stack(0x000000591fd00000,0x000000591fe00000) (1024K)]
  0x000001e0c981c1e0 JavaThread "Unconstrained build operations Thread 4"        [_thread_blocked, id=19532, stack(0x000000591fe00000,0x000000591ff00000) (1024K)]
  0x000001e0c981d590 JavaThread "Unconstrained build operations Thread 5"        [_thread_blocked, id=14432, stack(0x000000591ff00000,0x0000005920000000) (1024K)]
  0x000001e0cb69ae30 JavaThread "Unconstrained build operations Thread 6"        [_thread_blocked, id=31400, stack(0x0000005920000000,0x0000005920100000) (1024K)]
  0x000001e0cb69c1e0 JavaThread "Unconstrained build operations Thread 7"        [_thread_blocked, id=21620, stack(0x0000005920100000,0x0000005920200000) (1024K)]
  0x000001e0cb69e940 JavaThread "Unconstrained build operations Thread 8"        [_thread_blocked, id=11088, stack(0x0000005920200000,0x0000005920300000) (1024K)]
  0x000001e0cb69d590 JavaThread "jar transforms Thread 4"           [_thread_blocked, id=10476, stack(0x0000005920300000,0x0000005920400000) (1024K)]
  0x000001e0cb69c870 JavaThread "jar transforms Thread 5"           [_thread_blocked, id=30140, stack(0x0000005920400000,0x0000005920500000) (1024K)]
  0x000001e0cb69bb50 JavaThread "Unconstrained build operations Thread 9"        [_thread_blocked, id=10876, stack(0x0000005920500000,0x0000005920600000) (1024K)]
  0x000001e0cb69b4c0 JavaThread "Unconstrained build operations Thread 10"        [_thread_blocked, id=29188, stack(0x0000005920600000,0x0000005920700000) (1024K)]
  0x000001e0cb69cf00 JavaThread "Unconstrained build operations Thread 11"        [_thread_blocked, id=27344, stack(0x0000005920700000,0x0000005920800000) (1024K)]
  0x000001e0cb69e2b0 JavaThread "Unconstrained build operations Thread 12"        [_thread_blocked, id=30076, stack(0x0000005920800000,0x0000005920900000) (1024K)]
  0x000001e0cb6a10a0 JavaThread "jar transforms Thread 6"           [_thread_blocked, id=15044, stack(0x0000005920900000,0x0000005920a00000) (1024K)]
  0x000001e0cb69dc20 JavaThread "jar transforms Thread 7"           [_thread_blocked, id=4044, stack(0x0000005920a00000,0x0000005920b00000) (1024K)]
  0x000001e0cb69efd0 JavaThread "jar transforms Thread 8"           [_thread_blocked, id=11696, stack(0x0000005920b00000,0x0000005920c00000) (1024K)]
  0x000001e0cb69f660 JavaThread "Unconstrained build operations Thread 13"        [_thread_blocked, id=1064, stack(0x0000005920c00000,0x0000005920d00000) (1024K)]
  0x000001e0ca30f670 JavaThread "Unconstrained build operations Thread 14"        [_thread_blocked, id=1788, stack(0x0000005920d00000,0x0000005920e00000) (1024K)]
  0x000001e0ca30cf10 JavaThread "Unconstrained build operations Thread 15"        [_thread_blocked, id=31172, stack(0x0000005920e00000,0x0000005920f00000) (1024K)]
  0x000001e0ca30e2c0 JavaThread "Unconstrained build operations Thread 16"        [_thread_blocked, id=25188, stack(0x0000005920f00000,0x0000005921000000) (1024K)]
  0x000001e0ca30efe0 JavaThread "Unconstrained build operations Thread 17"        [_thread_blocked, id=6088, stack(0x0000005921000000,0x0000005921100000) (1024K)]
  0x000001e0ca30e950 JavaThread "Unconstrained build operations Thread 18"        [_thread_blocked, id=17232, stack(0x0000005921100000,0x0000005921200000) (1024K)]
  0x000001e0ca30d5a0 JavaThread "Unconstrained build operations Thread 19"        [_thread_blocked, id=7604, stack(0x0000005921200000,0x0000005921300000) (1024K)]
  0x000001e0ca30fd00 JavaThread "Unconstrained build operations Thread 20"        [_thread_blocked, id=15488, stack(0x0000005921300000,0x0000005921400000) (1024K)]
  0x000001e0ca310390 JavaThread "Unconstrained build operations Thread 21"        [_thread_blocked, id=17988, stack(0x0000005921400000,0x0000005921500000) (1024K)]
  0x000001e0ca3110b0 JavaThread "Unconstrained build operations Thread 22"        [_thread_blocked, id=22184, stack(0x0000005921500000,0x0000005921600000) (1024K)]
  0x000001e0ca30dc30 JavaThread "Unconstrained build operations Thread 23"        [_thread_blocked, id=12300, stack(0x0000005921600000,0x0000005921700000) (1024K)]
  0x000001e0ca313ea0 JavaThread "Unconstrained build operations Thread 24"        [_thread_blocked, id=17316, stack(0x0000005921700000,0x0000005921800000) (1024K)]
  0x000001e0ca313810 JavaThread "Unconstrained build operations Thread 25"        [_thread_blocked, id=5284, stack(0x0000005921800000,0x0000005921900000) (1024K)]
  0x000001e0ca310a20 JavaThread "Unconstrained build operations Thread 26"        [_thread_blocked, id=16100, stack(0x0000005921900000,0x0000005921a00000) (1024K)]
  0x000001e0ca314530 JavaThread "Unconstrained build operations Thread 27"        [_thread_blocked, id=14004, stack(0x0000005921a00000,0x0000005921b00000) (1024K)]
  0x000001e0ca311dd0 JavaThread "Unconstrained build operations Thread 28"        [_thread_blocked, id=32436, stack(0x0000005921b00000,0x0000005921c00000) (1024K)]
  0x000001e0ca312af0 JavaThread "Unconstrained build operations Thread 29"        [_thread_blocked, id=8940, stack(0x0000005921c00000,0x0000005921d00000) (1024K)]
  0x000001e0ca313180 JavaThread "Unconstrained build operations Thread 30"        [_thread_blocked, id=2792, stack(0x0000005921d00000,0x0000005921e00000) (1024K)]
  0x000001e0cd623670 JavaThread "Unconstrained build operations Thread 31"        [_thread_blocked, id=16768, stack(0x0000005921e00000,0x0000005921f00000) (1024K)]
  0x000001e0cd622fe0 JavaThread "Unconstrained build operations Thread 32"        [_thread_blocked, id=1708, stack(0x0000005921f00000,0x0000005922000000) (1024K)]
  0x000001e0cd624390 JavaThread "Unconstrained build operations Thread 33"        [_thread_blocked, id=29592, stack(0x0000005922000000,0x0000005922100000) (1024K)]
=>0x000001e0c26e5540 JavaThread "C2 CompilerThread1"         daemon [_thread_in_native, id=25124, stack(0x000000591d900000,0x000000591da00000) (1024K)]
  0x000001e0cd6250b0 JavaThread "Unconstrained build operations Thread 34"        [_thread_blocked, id=18364, stack(0x000000591da00000,0x000000591db00000) (1024K)]
  0x000001e0cd623d00 JavaThread "Unconstrained build operations Thread 35"        [_thread_blocked, id=10204, stack(0x0000005922100000,0x0000005922200000) (1024K)]
  0x000001e0cd6222c0 JavaThread "Unconstrained build operations Thread 36"        [_thread_blocked, id=13224, stack(0x0000005922200000,0x0000005922300000) (1024K)]
  0x000001e0cd621c30 JavaThread "Unconstrained build operations Thread 37"        [_thread_blocked, id=11416, stack(0x0000005922300000,0x0000005922400000) (1024K)]
  0x000001e0cd625740 JavaThread "Unconstrained build operations Thread 38"        [_thread_blocked, id=15576, stack(0x0000005922400000,0x0000005922500000) (1024K)]
  0x000001e0cd629250 JavaThread "Unconstrained build operations Thread 39"        [_thread_blocked, id=17460, stack(0x0000005922500000,0x0000005922600000) (1024K)]
  0x000001e0cd625dd0 JavaThread "Unconstrained build operations Thread 40"        [_thread_blocked, id=11464, stack(0x0000005922600000,0x0000005922700000) (1024K)]
  0x000001e0cd626af0 JavaThread "Unconstrained build operations Thread 41"        [_thread_blocked, id=5516, stack(0x0000005922700000,0x0000005922800000) (1024K)]
  0x000001e0cd626460 JavaThread "Unconstrained build operations Thread 42"        [_thread_blocked, id=19208, stack(0x0000005922800000,0x0000005922900000) (1024K)]
  0x000001e0cd627810 JavaThread "Unconstrained build operations Thread 43"        [_thread_blocked, id=15112, stack(0x0000005922900000,0x0000005922a00000) (1024K)]
  0x000001e0cd628bc0 JavaThread "Unconstrained build operations Thread 44"        [_thread_blocked, id=23924, stack(0x0000005922a00000,0x0000005922b00000) (1024K)]
  0x000001e0cd627180 JavaThread "build event listener"              [_thread_blocked, id=23644, stack(0x0000005922b00000,0x0000005922c00000) (1024K)]
  0x000001e0cd627ea0 JavaThread "Memory manager"                    [_thread_blocked, id=12308, stack(0x0000005922c00000,0x0000005922d00000) (1024K)]
  0x000001e0c26e69b0 JavaThread "C2 CompilerThread2"         daemon [_thread_in_native, id=14856, stack(0x0000005922d00000,0x0000005922e00000) (1024K)]
  0x000001e0cd9e7fc0 JavaThread "build event listener"              [_thread_blocked, id=22088, stack(0x0000005922e00000,0x0000005922f00000) (1024K)]
  0x000001e0cd9edba0 JavaThread "included builds"                   [_thread_blocked, id=6652, stack(0x0000005922f00000,0x0000005923000000) (1024K)]
  0x000001e0cd9ef5e0 JavaThread "Execution worker"                  [_thread_in_Java, id=19216, stack(0x0000005923000000,0x0000005923100000) (1024K)]
  0x000001e0ce482b60 JavaThread "Execution worker Thread 2"         [_thread_blocked, id=19752, stack(0x0000005923100000,0x0000005923200000) (1024K)]
  0x000001e0ce4852c0 JavaThread "Execution worker Thread 3"         [_thread_blocked, id=5700, stack(0x0000005923200000,0x0000005923300000) (1024K)]
  0x000001e0ce4824d0 JavaThread "Execution worker Thread 4"         [_thread_blocked, id=14864, stack(0x0000005923300000,0x0000005923400000) (1024K)]
  0x000001e0ce4831f0 JavaThread "Execution worker Thread 5"         [_thread_blocked, id=6500, stack(0x0000005923400000,0x0000005923500000) (1024K)]
  0x000001e0ce483f10 JavaThread "Execution worker Thread 6"         [_thread_blocked, id=31804, stack(0x0000005923500000,0x0000005923600000) (1024K)]
  0x000001e0ce483880 JavaThread "Execution worker Thread 7"         [_thread_blocked, id=29164, stack(0x0000005923600000,0x0000005923700000) (1024K)]
  0x000001e0ce481e40 JavaThread "Cache worker for execution history cache (D:\android\Teamozy\.gradle\8.13\executionHistory)"        [_thread_blocked, id=17364, stack(0x0000005923700000,0x0000005923800000) (1024K)]
Total: 98

Other Threads:
  0x000001e0c261d240 VMThread "VM Thread"                           [id=18336, stack(0x000000591ce00000,0x000000591cf00000) (1024K)]
  0x000001e0c2534290 WatcherThread "VM Periodic Task Thread"        [id=8116, stack(0x000000591cd00000,0x000000591ce00000) (1024K)]
  0x000001e0aaee2710 WorkerThread "GC Thread#0"                     [id=6112, stack(0x000000591c800000,0x000000591c900000) (1024K)]
  0x000001e0c7564a00 WorkerThread "GC Thread#1"                     [id=12708, stack(0x000000591db00000,0x000000591dc00000) (1024K)]
  0x000001e0c77a95b0 WorkerThread "GC Thread#2"                     [id=30480, stack(0x000000591dc00000,0x000000591dd00000) (1024K)]
  0x000001e0c768d1d0 WorkerThread "GC Thread#3"                     [id=29080, stack(0x000000591dd00000,0x000000591de00000) (1024K)]
  0x000001e0c768d570 WorkerThread "GC Thread#4"                     [id=27644, stack(0x000000591de00000,0x000000591df00000) (1024K)]
  0x000001e0c77fe5f0 WorkerThread "GC Thread#5"                     [id=29588, stack(0x000000591df00000,0x000000591e000000) (1024K)]
  0x000001e0c8ac8580 WorkerThread "GC Thread#6"                     [id=12264, stack(0x000000591e100000,0x000000591e200000) (1024K)]
  0x000001e0c8a34aa0 WorkerThread "GC Thread#7"                     [id=12672, stack(0x000000591e200000,0x000000591e300000) (1024K)]
  0x000001e0aaef4440 ConcurrentGCThread "G1 Main Marker"            [id=15680, stack(0x000000591c900000,0x000000591ca00000) (1024K)]
  0x000001e0aaef6430 WorkerThread "G1 Conc#0"                       [id=11636, stack(0x000000591ca00000,0x000000591cb00000) (1024K)]
  0x000001e0c8c0da20 WorkerThread "G1 Conc#1"                       [id=15476, stack(0x000000591ec00000,0x000000591ed00000) (1024K)]
  0x000001e0c24803c0 ConcurrentGCThread "G1 Refine#0"               [id=29844, stack(0x000000591cb00000,0x000000591cc00000) (1024K)]
  0x000001e0c2481bf0 ConcurrentGCThread "G1 Service"                [id=14780, stack(0x000000591cc00000,0x000000591cd00000) (1024K)]
Total: 15

Threads with active compile tasks:
C2 CompilerThread0  11978 13680       4       org.gradle.internal.serialize.kryo.KryoBackedEncoder::writeString (23 bytes)
C1 CompilerThread0  11978 13681       3       org.gradle.api.internal.artifacts.ivyservice.modulecache.ModuleMetadataStore::getFilePath (49 bytes)
C2 CompilerThread1  11978 13619       4       org.gradle.api.internal.artifacts.ModuleComponentSelectorSerializer::read (50 bytes)
C2 CompilerThread2  11979 13677       4       org.gradle.api.internal.attributes.DefaultMutableAttributeContainer::<init> (44 bytes)
Total: 4

VM state: not at safepoint (normal execution)

VM Mutex/Monitor currently owned by a thread: None

Heap address: 0x0000000080000000, size: 2048 MB, Compressed Oops mode: 32-bit

CDS archive(s) not mapped
Compressed class space mapped at: 0x0000000100000000-0x0000000140000000, reserved size: 1073741824
Narrow klass base: 0x0000000000000000, Narrow klass shift: 3, Narrow klass range: 0x140000000

GC Precious Log:
 CardTable entry size: 512
 Card Set container configuration: InlinePtr #cards 5 size 8 Array Of Cards #cards 12 size 40 Howl #buckets 4 coarsen threshold 1843 Howl Bitmap #cards 512 size 80 coarsen threshold 460 Card regions per heap region 1 cards per card region 2048
 CPUs: 8 total, 8 available
 Memory: 16153M
 Large Page Support: Disabled
 NUMA Support: Disabled
 Compressed Oops: Enabled (32-bit)
 Heap Region Size: 1M
 Heap Min Capacity: 8M
 Heap Initial Capacity: 254M
 Heap Max Capacity: 2G
 Pre-touch: Disabled
 Parallel Workers: 8
 Concurrent Workers: 2
 Concurrent Refinement Workers: 8
 Periodic GC: Disabled

Heap:
 garbage-first heap   total 208896K, used 130576K [0x0000000080000000, 0x0000000100000000)
  region size 1024K, 15 young (15360K), 8 survivors (8192K)
 Metaspace       used 119621K, committed 121856K, reserved 1179648K
  class space    used 16970K, committed 18048K, reserved 1048576K

Heap Regions: E=young(eden), S=young(survivor), O=old, HS=humongous(starts), HC=humongous(continues), CS=collection set, F=free, TAMS=top-at-mark-start, PB=parsable bottom
|   0|0x0000000080000000, 0x0000000080100000, 0x0000000080100000|100%|HS|  |TAMS 0x0000000080000000| PB 0x0000000080000000| Complete 
|   1|0x0000000080100000, 0x0000000080200000, 0x0000000080200000|100%|HC|  |TAMS 0x0000000080100000| PB 0x0000000080100000| Complete 
|   2|0x0000000080200000, 0x0000000080300000, 0x0000000080300000|100%|HC|  |TAMS 0x0000000080200000| PB 0x0000000080200000| Complete 
|   3|0x0000000080300000, 0x0000000080400000, 0x0000000080400000|100%| O|  |TAMS 0x0000000080300000| PB 0x0000000080300000| Untracked 
|   4|0x0000000080400000, 0x0000000080500000, 0x0000000080500000|100%| O|  |TAMS 0x0000000080400000| PB 0x0000000080400000| Untracked 
|   5|0x0000000080500000, 0x0000000080600000, 0x0000000080600000|100%| O|  |TAMS 0x0000000080500000| PB 0x0000000080500000| Untracked 
|   6|0x0000000080600000, 0x0000000080700000, 0x0000000080700000|100%|HS|  |TAMS 0x0000000080600000| PB 0x0000000080600000| Complete 
|   7|0x0000000080700000, 0x0000000080800000, 0x0000000080800000|100%| O|  |TAMS 0x0000000080700000| PB 0x0000000080700000| Untracked 
|   8|0x0000000080800000, 0x0000000080900000, 0x0000000080900000|100%| O|  |TAMS 0x0000000080800000| PB 0x0000000080800000| Untracked 
|   9|0x0000000080900000, 0x0000000080a00000, 0x0000000080a00000|100%| O|  |TAMS 0x0000000080900000| PB 0x0000000080900000| Untracked 
|  10|0x0000000080a00000, 0x0000000080b00000, 0x0000000080b00000|100%| O|  |TAMS 0x0000000080a00000| PB 0x0000000080a00000| Untracked 
|  11|0x0000000080b00000, 0x0000000080c00000, 0x0000000080c00000|100%| O|  |TAMS 0x0000000080b00000| PB 0x0000000080b00000| Untracked 
|  12|0x0000000080c00000, 0x0000000080d00000, 0x0000000080d00000|100%| O|  |TAMS 0x0000000080c00000| PB 0x0000000080c00000| Untracked 
|  13|0x0000000080d00000, 0x0000000080e00000, 0x0000000080e00000|100%| O|  |TAMS 0x0000000080d00000| PB 0x0000000080d00000| Untracked 
|  14|0x0000000080e00000, 0x0000000080f00000, 0x0000000080f00000|100%| O|  |TAMS 0x0000000080e00000| PB 0x0000000080e00000| Untracked 
|  15|0x0000000080f00000, 0x0000000081000000, 0x0000000081000000|100%| O|  |TAMS 0x0000000080f00000| PB 0x0000000080f00000| Untracked 
|  16|0x0000000081000000, 0x0000000081100000, 0x0000000081100000|100%| O|  |TAMS 0x0000000081000000| PB 0x0000000081000000| Untracked 
|  17|0x0000000081100000, 0x0000000081200000, 0x0000000081200000|100%| O|  |TAMS 0x0000000081100000| PB 0x0000000081100000| Untracked 
|  18|0x0000000081200000, 0x0000000081300000, 0x0000000081300000|100%| O|  |TAMS 0x0000000081200000| PB 0x0000000081200000| Untracked 
|  19|0x0000000081300000, 0x0000000081400000, 0x0000000081400000|100%| O|  |TAMS 0x0000000081300000| PB 0x0000000081300000| Untracked 
|  20|0x0000000081400000, 0x0000000081500000, 0x0000000081500000|100%| O|  |TAMS 0x0000000081400000| PB 0x0000000081400000| Untracked 
|  21|0x0000000081500000, 0x0000000081600000, 0x0000000081600000|100%| O|  |TAMS 0x0000000081500000| PB 0x0000000081500000| Untracked 
|  22|0x0000000081600000, 0x0000000081700000, 0x0000000081700000|100%| O|  |TAMS 0x0000000081600000| PB 0x0000000081600000| Untracked 
|  23|0x0000000081700000, 0x0000000081800000, 0x0000000081800000|100%| O|  |TAMS 0x0000000081700000| PB 0x0000000081700000| Untracked 
|  24|0x0000000081800000, 0x0000000081900000, 0x0000000081900000|100%| O|  |TAMS 0x0000000081800000| PB 0x0000000081800000| Untracked 
|  25|0x0000000081900000, 0x0000000081a00000, 0x0000000081a00000|100%| O|  |TAMS 0x0000000081900000| PB 0x0000000081900000| Untracked 
|  26|0x0000000081a00000, 0x0000000081b00000, 0x0000000081b00000|100%| O|  |TAMS 0x0000000081a00000| PB 0x0000000081a00000| Untracked 
|  27|0x0000000081b00000, 0x0000000081c00000, 0x0000000081c00000|100%| O|  |TAMS 0x0000000081b00000| PB 0x0000000081b00000| Untracked 
|  28|0x0000000081c00000, 0x0000000081d00000, 0x0000000081d00000|100%| O|  |TAMS 0x0000000081c00000| PB 0x0000000081c00000| Untracked 
|  29|0x0000000081d00000, 0x0000000081e00000, 0x0000000081e00000|100%| O|  |TAMS 0x0000000081d00000| PB 0x0000000081d00000| Untracked 
|  30|0x0000000081e00000, 0x0000000081f00000, 0x0000000081f00000|100%|HS|  |TAMS 0x0000000081e00000| PB 0x0000000081e00000| Complete 
|  31|0x0000000081f00000, 0x0000000082000000, 0x0000000082000000|100%| O|  |TAMS 0x0000000081f00000| PB 0x0000000081f00000| Untracked 
|  32|0x0000000082000000, 0x0000000082100000, 0x0000000082100000|100%| O|  |TAMS 0x0000000082000000| PB 0x0000000082000000| Untracked 
|  33|0x0000000082100000, 0x0000000082200000, 0x0000000082200000|100%| O|  |TAMS 0x0000000082100000| PB 0x0000000082100000| Untracked 
|  34|0x0000000082200000, 0x0000000082300000, 0x0000000082300000|100%| O|  |TAMS 0x0000000082200000| PB 0x0000000082200000| Untracked 
|  35|0x0000000082300000, 0x0000000082400000, 0x0000000082400000|100%| O|  |TAMS 0x0000000082300000| PB 0x0000000082300000| Untracked 
|  36|0x0000000082400000, 0x0000000082500000, 0x0000000082500000|100%| O|  |TAMS 0x0000000082400000| PB 0x0000000082400000| Untracked 
|  37|0x0000000082500000, 0x0000000082600000, 0x0000000082600000|100%| O|  |TAMS 0x0000000082500000| PB 0x0000000082500000| Untracked 
|  38|0x0000000082600000, 0x0000000082700000, 0x0000000082700000|100%| O|  |TAMS 0x0000000082600000| PB 0x0000000082600000| Untracked 
|  39|0x0000000082700000, 0x0000000082800000, 0x0000000082800000|100%| O|  |TAMS 0x0000000082700000| PB 0x0000000082700000| Untracked 
|  40|0x0000000082800000, 0x0000000082900000, 0x0000000082900000|100%|HS|  |TAMS 0x0000000082800000| PB 0x0000000082800000| Complete 
|  41|0x0000000082900000, 0x0000000082a00000, 0x0000000082a00000|100%| O|  |TAMS 0x0000000082900000| PB 0x0000000082900000| Untracked 
|  42|0x0000000082a00000, 0x0000000082b00000, 0x0000000082b00000|100%| O|  |TAMS 0x0000000082a00000| PB 0x0000000082a00000| Untracked 
|  43|0x0000000082b00000, 0x0000000082c00000, 0x0000000082c00000|100%| O|  |TAMS 0x0000000082b00000| PB 0x0000000082b00000| Untracked 
|  44|0x0000000082c00000, 0x0000000082d00000, 0x0000000082d00000|100%| O|  |TAMS 0x0000000082c00000| PB 0x0000000082c00000| Untracked 
|  45|0x0000000082d00000, 0x0000000082e00000, 0x0000000082e00000|100%| O|  |TAMS 0x0000000082d00000| PB 0x0000000082d00000| Untracked 
|  46|0x0000000082e00000, 0x0000000082f00000, 0x0000000082f00000|100%| O|  |TAMS 0x0000000082e00000| PB 0x0000000082e00000| Untracked 
|  47|0x0000000082f00000, 0x0000000083000000, 0x0000000083000000|100%| O|  |TAMS 0x0000000082f00000| PB 0x0000000082f00000| Untracked 
|  48|0x0000000083000000, 0x0000000083100000, 0x0000000083100000|100%|HS|  |TAMS 0x0000000083000000| PB 0x0000000083000000| Complete 
|  49|0x0000000083100000, 0x0000000083200000, 0x0000000083200000|100%|HS|  |TAMS 0x0000000083100000| PB 0x0000000083100000| Complete 
|  50|0x0000000083200000, 0x0000000083300000, 0x0000000083300000|100%|HS|  |TAMS 0x0000000083200000| PB 0x0000000083200000| Complete 
|  51|0x0000000083300000, 0x0000000083400000, 0x0000000083400000|100%| O|  |TAMS 0x0000000083300000| PB 0x0000000083300000| Untracked 
|  52|0x0000000083400000, 0x0000000083500000, 0x0000000083500000|100%| O|  |TAMS 0x0000000083400000| PB 0x0000000083400000| Untracked 
|  53|0x0000000083500000, 0x0000000083600000, 0x0000000083600000|100%| O|  |TAMS 0x0000000083500000| PB 0x0000000083500000| Untracked 
|  54|0x0000000083600000, 0x0000000083700000, 0x0000000083700000|100%|HS|  |TAMS 0x0000000083600000| PB 0x0000000083600000| Complete 
|  55|0x0000000083700000, 0x0000000083800000, 0x0000000083800000|100%|HC|  |TAMS 0x0000000083700000| PB 0x0000000083700000| Complete 
|  56|0x0000000083800000, 0x0000000083900000, 0x0000000083900000|100%| O|  |TAMS 0x0000000083800000| PB 0x0000000083800000| Untracked 
|  57|0x0000000083900000, 0x0000000083a00000, 0x0000000083a00000|100%| O|  |TAMS 0x0000000083900000| PB 0x0000000083900000| Untracked 
|  58|0x0000000083a00000, 0x0000000083b00000, 0x0000000083b00000|100%| O|  |TAMS 0x0000000083a00000| PB 0x0000000083a00000| Untracked 
|  59|0x0000000083b00000, 0x0000000083c00000, 0x0000000083c00000|100%| O|  |TAMS 0x0000000083b00000| PB 0x0000000083b00000| Untracked 
|  60|0x0000000083c00000, 0x0000000083d00000, 0x0000000083d00000|100%|HS|  |TAMS 0x0000000083c00000| PB 0x0000000083c00000| Complete 
|  61|0x0000000083d00000, 0x0000000083e00000, 0x0000000083e00000|100%|HC|  |TAMS 0x0000000083d00000| PB 0x0000000083d00000| Complete 
|  62|0x0000000083e00000, 0x0000000083f00000, 0x0000000083f00000|100%|HS|  |TAMS 0x0000000083e00000| PB 0x0000000083e00000| Complete 
|  63|0x0000000083f00000, 0x0000000084000000, 0x0000000084000000|100%|HC|  |TAMS 0x0000000083f00000| PB 0x0000000083f00000| Complete 
|  64|0x0000000084000000, 0x0000000084100000, 0x0000000084100000|100%|HC|  |TAMS 0x0000000084000000| PB 0x0000000084000000| Complete 
|  65|0x0000000084100000, 0x0000000084200000, 0x0000000084200000|100%|HS|  |TAMS 0x0000000084100000| PB 0x0000000084100000| Complete 
|  66|0x0000000084200000, 0x0000000084300000, 0x0000000084300000|100%| O|Cm|TAMS 0x0000000084200000| PB 0x0000000084200000| Complete 
|  67|0x0000000084300000, 0x0000000084400000, 0x0000000084400000|100%| O|  |TAMS 0x0000000084300000| PB 0x0000000084300000| Untracked 
|  68|0x0000000084400000, 0x0000000084500000, 0x0000000084500000|100%| O|Cm|TAMS 0x0000000084400000| PB 0x0000000084400000| Complete 
|  69|0x0000000084500000, 0x0000000084600000, 0x0000000084600000|100%| O|  |TAMS 0x0000000084500000| PB 0x0000000084500000| Untracked 
|  70|0x0000000084600000, 0x0000000084700000, 0x0000000084700000|100%|HS|  |TAMS 0x0000000084600000| PB 0x0000000084600000| Complete 
|  71|0x0000000084700000, 0x0000000084800000, 0x0000000084800000|100%| O|  |TAMS 0x0000000084700000| PB 0x0000000084700000| Untracked 
|  72|0x0000000084800000, 0x0000000084900000, 0x0000000084900000|100%| O|  |TAMS 0x0000000084800000| PB 0x0000000084800000| Untracked 
|  73|0x0000000084900000, 0x0000000084a00000, 0x0000000084a00000|100%| O|  |TAMS 0x0000000084900000| PB 0x0000000084900000| Untracked 
|  74|0x0000000084a00000, 0x0000000084b00000, 0x0000000084b00000|100%| O|  |TAMS 0x0000000084a00000| PB 0x0000000084a00000| Untracked 
|  75|0x0000000084b00000, 0x0000000084c00000, 0x0000000084c00000|100%| O|  |TAMS 0x0000000084b00000| PB 0x0000000084b00000| Untracked 
|  76|0x0000000084c00000, 0x0000000084d00000, 0x0000000084d00000|100%| O|  |TAMS 0x0000000084c00000| PB 0x0000000084c00000| Untracked 
|  77|0x0000000084d00000, 0x0000000084e00000, 0x0000000084e00000|100%| O|  |TAMS 0x0000000084d00000| PB 0x0000000084d00000| Untracked 
|  78|0x0000000084e00000, 0x0000000084f00000, 0x0000000084f00000|100%|HS|  |TAMS 0x0000000084e00000| PB 0x0000000084e00000| Complete 
|  79|0x0000000084f00000, 0x0000000085000000, 0x0000000085000000|100%|HC|  |TAMS 0x0000000084f00000| PB 0x0000000084f00000| Complete 
|  80|0x0000000085000000, 0x0000000085100000, 0x0000000085100000|100%|HC|  |TAMS 0x0000000085000000| PB 0x0000000085000000| Complete 
|  81|0x0000000085100000, 0x0000000085200000, 0x0000000085200000|100%| O|  |TAMS 0x0000000085100000| PB 0x0000000085100000| Untracked 
|  82|0x0000000085200000, 0x0000000085300000, 0x0000000085300000|100%| O|  |TAMS 0x0000000085200000| PB 0x0000000085200000| Untracked 
|  83|0x0000000085300000, 0x0000000085400000, 0x0000000085400000|100%| O|  |TAMS 0x0000000085300000| PB 0x0000000085300000| Untracked 
|  84|0x0000000085400000, 0x0000000085500000, 0x0000000085500000|100%| O|  |TAMS 0x0000000085400000| PB 0x0000000085400000| Untracked 
|  85|0x0000000085500000, 0x0000000085600000, 0x0000000085600000|100%| O|  |TAMS 0x0000000085500000| PB 0x0000000085500000| Untracked 
|  86|0x0000000085600000, 0x0000000085700000, 0x0000000085700000|100%| O|  |TAMS 0x0000000085600000| PB 0x0000000085600000| Untracked 
|  87|0x0000000085700000, 0x0000000085800000, 0x0000000085800000|100%| O|  |TAMS 0x0000000085700000| PB 0x0000000085700000| Untracked 
|  88|0x0000000085800000, 0x0000000085900000, 0x0000000085900000|100%| O|  |TAMS 0x0000000085800000| PB 0x0000000085800000| Untracked 
|  89|0x0000000085900000, 0x0000000085a00000, 0x0000000085a00000|100%| O|  |TAMS 0x0000000085900000| PB 0x0000000085900000| Untracked 
|  90|0x0000000085a00000, 0x0000000085b00000, 0x0000000085b00000|100%| O|  |TAMS 0x0000000085a00000| PB 0x0000000085a00000| Untracked 
|  91|0x0000000085b00000, 0x0000000085c00000, 0x0000000085c00000|100%| O|  |TAMS 0x0000000085b00000| PB 0x0000000085b00000| Untracked 
|  92|0x0000000085c00000, 0x0000000085d00000, 0x0000000085d00000|100%| O|  |TAMS 0x0000000085c00000| PB 0x0000000085c00000| Untracked 
|  93|0x0000000085d00000, 0x0000000085e00000, 0x0000000085e00000|100%| O|  |TAMS 0x0000000085d00000| PB 0x0000000085d00000| Untracked 
|  94|0x0000000085e00000, 0x0000000085f00000, 0x0000000085f00000|100%| O|  |TAMS 0x0000000085e00000| PB 0x0000000085e00000| Untracked 
|  95|0x0000000085f00000, 0x0000000086000000, 0x0000000086000000|100%| O|  |TAMS 0x0000000085f00000| PB 0x0000000085f00000| Untracked 
|  96|0x0000000086000000, 0x0000000086100000, 0x0000000086100000|100%| O|  |TAMS 0x0000000086000000| PB 0x0000000086000000| Untracked 
|  97|0x0000000086100000, 0x0000000086200000, 0x0000000086200000|100%| O|  |TAMS 0x0000000086100000| PB 0x0000000086100000| Untracked 
|  98|0x0000000086200000, 0x0000000086300000, 0x0000000086300000|100%| O|Cm|TAMS 0x0000000086200000| PB 0x0000000086200000| Complete 
|  99|0x0000000086300000, 0x0000000086400000, 0x0000000086400000|100%| O|  |TAMS 0x0000000086300000| PB 0x0000000086300000| Untracked 
| 100|0x0000000086400000, 0x0000000086500000, 0x0000000086500000|100%| O|  |TAMS 0x0000000086400000| PB 0x0000000086400000| Untracked 
| 101|0x0000000086500000, 0x0000000086500000, 0x0000000086600000|  0%| F|  |TAMS 0x0000000086500000| PB 0x0000000086500000| Untracked 
| 102|0x0000000086600000, 0x0000000086600000, 0x0000000086700000|  0%| F|  |TAMS 0x0000000086600000| PB 0x0000000086600000| Untracked 
| 103|0x0000000086700000, 0x0000000086700000, 0x0000000086800000|  0%| F|  |TAMS 0x0000000086700000| PB 0x0000000086700000| Untracked 
| 104|0x0000000086800000, 0x0000000086800000, 0x0000000086900000|  0%| F|  |TAMS 0x0000000086800000| PB 0x0000000086800000| Untracked 
| 105|0x0000000086900000, 0x0000000086900000, 0x0000000086a00000|  0%| F|  |TAMS 0x0000000086900000| PB 0x0000000086900000| Untracked 
| 106|0x0000000086a00000, 0x0000000086a00000, 0x0000000086b00000|  0%| F|  |TAMS 0x0000000086a00000| PB 0x0000000086a00000| Untracked 
| 107|0x0000000086b00000, 0x0000000086c00000, 0x0000000086c00000|100%| O|  |TAMS 0x0000000086b00000| PB 0x0000000086b00000| Untracked 
| 108|0x0000000086c00000, 0x0000000086d00000, 0x0000000086d00000|100%| O|  |TAMS 0x0000000086c00000| PB 0x0000000086c00000| Untracked 
| 109|0x0000000086d00000, 0x0000000086e00000, 0x0000000086e00000|100%| O|  |TAMS 0x0000000086d00000| PB 0x0000000086d00000| Untracked 
| 110|0x0000000086e00000, 0x0000000086f00000, 0x0000000086f00000|100%| O|  |TAMS 0x0000000086e00000| PB 0x0000000086e00000| Untracked 
| 111|0x0000000086f00000, 0x0000000086f842c0, 0x0000000087000000| 51%| O|  |TAMS 0x0000000086f00000| PB 0x0000000086f00000| Untracked 
| 112|0x0000000087000000, 0x0000000087000000, 0x0000000087100000|  0%| F|  |TAMS 0x0000000087000000| PB 0x0000000087000000| Untracked 
| 113|0x0000000087100000, 0x0000000087200000, 0x0000000087200000|100%| S|CS|TAMS 0x0000000087100000| PB 0x0000000087100000| Complete 
| 114|0x0000000087200000, 0x0000000087300000, 0x0000000087300000|100%| S|CS|TAMS 0x0000000087200000| PB 0x0000000087200000| Complete 
| 115|0x0000000087300000, 0x0000000087300000, 0x0000000087400000|  0%| F|  |TAMS 0x0000000087300000| PB 0x0000000087300000| Untracked 
| 116|0x0000000087400000, 0x0000000087400000, 0x0000000087500000|  0%| F|  |TAMS 0x0000000087400000| PB 0x0000000087400000| Untracked 
| 117|0x0000000087500000, 0x0000000087500000, 0x0000000087600000|  0%| F|  |TAMS 0x0000000087500000| PB 0x0000000087500000| Untracked 
| 118|0x0000000087600000, 0x0000000087700000, 0x0000000087700000|100%| S|CS|TAMS 0x0000000087600000| PB 0x0000000087600000| Complete 
| 119|0x0000000087700000, 0x0000000087800000, 0x0000000087800000|100%| S|CS|TAMS 0x0000000087700000| PB 0x0000000087700000| Complete 
| 120|0x0000000087800000, 0x0000000087900000, 0x0000000087900000|100%| S|CS|TAMS 0x0000000087800000| PB 0x0000000087800000| Complete 
| 121|0x0000000087900000, 0x0000000087a00000, 0x0000000087a00000|100%| S|CS|TAMS 0x0000000087900000| PB 0x0000000087900000| Complete 
| 122|0x0000000087a00000, 0x0000000087b00000, 0x0000000087b00000|100%| S|CS|TAMS 0x0000000087a00000| PB 0x0000000087a00000| Complete 
| 123|0x0000000087b00000, 0x0000000087c00000, 0x0000000087c00000|100%| S|CS|TAMS 0x0000000087b00000| PB 0x0000000087b00000| Complete 
| 124|0x0000000087c00000, 0x0000000087c00000, 0x0000000087d00000|  0%| F|  |TAMS 0x0000000087c00000| PB 0x0000000087c00000| Untracked 
| 125|0x0000000087d00000, 0x0000000087d00000, 0x0000000087e00000|  0%| F|  |TAMS 0x0000000087d00000| PB 0x0000000087d00000| Untracked 
| 126|0x0000000087e00000, 0x0000000087e00000, 0x0000000087f00000|  0%| F|  |TAMS 0x0000000087e00000| PB 0x0000000087e00000| Untracked 
| 127|0x0000000087f00000, 0x0000000087f00000, 0x0000000088000000|  0%| F|  |TAMS 0x0000000087f00000| PB 0x0000000087f00000| Untracked 
| 128|0x0000000088000000, 0x0000000088000000, 0x0000000088100000|  0%| F|  |TAMS 0x0000000088000000| PB 0x0000000088000000| Untracked 
| 129|0x0000000088100000, 0x0000000088100000, 0x0000000088200000|  0%| F|  |TAMS 0x0000000088100000| PB 0x0000000088100000| Untracked 
| 130|0x0000000088200000, 0x0000000088200000, 0x0000000088300000|  0%| F|  |TAMS 0x0000000088200000| PB 0x0000000088200000| Untracked 
| 131|0x0000000088300000, 0x0000000088300000, 0x0000000088400000|  0%| F|  |TAMS 0x0000000088300000| PB 0x0000000088300000| Untracked 
| 132|0x0000000088400000, 0x0000000088400000, 0x0000000088500000|  0%| F|  |TAMS 0x0000000088400000| PB 0x0000000088400000| Untracked 
| 133|0x0000000088500000, 0x0000000088500000, 0x0000000088600000|  0%| F|  |TAMS 0x0000000088500000| PB 0x0000000088500000| Untracked 
| 134|0x0000000088600000, 0x0000000088600000, 0x0000000088700000|  0%| F|  |TAMS 0x0000000088600000| PB 0x0000000088600000| Untracked 
| 135|0x0000000088700000, 0x0000000088700000, 0x0000000088800000|  0%| F|  |TAMS 0x0000000088700000| PB 0x0000000088700000| Untracked 
| 136|0x0000000088800000, 0x0000000088800000, 0x0000000088900000|  0%| F|  |TAMS 0x0000000088800000| PB 0x0000000088800000| Untracked 
| 137|0x0000000088900000, 0x0000000088900000, 0x0000000088a00000|  0%| F|  |TAMS 0x0000000088900000| PB 0x0000000088900000| Untracked 
| 138|0x0000000088a00000, 0x0000000088a00000, 0x0000000088b00000|  0%| F|  |TAMS 0x0000000088a00000| PB 0x0000000088a00000| Untracked 
| 139|0x0000000088b00000, 0x0000000088b00000, 0x0000000088c00000|  0%| F|  |TAMS 0x0000000088b00000| PB 0x0000000088b00000| Untracked 
| 140|0x0000000088c00000, 0x0000000088c00000, 0x0000000088d00000|  0%| F|  |TAMS 0x0000000088c00000| PB 0x0000000088c00000| Untracked 
| 141|0x0000000088d00000, 0x0000000088d00000, 0x0000000088e00000|  0%| F|  |TAMS 0x0000000088d00000| PB 0x0000000088d00000| Untracked 
| 142|0x0000000088e00000, 0x0000000088e00000, 0x0000000088f00000|  0%| F|  |TAMS 0x0000000088e00000| PB 0x0000000088e00000| Untracked 
| 143|0x0000000088f00000, 0x0000000088f00000, 0x0000000089000000|  0%| F|  |TAMS 0x0000000088f00000| PB 0x0000000088f00000| Untracked 
| 144|0x0000000089000000, 0x0000000089000000, 0x0000000089100000|  0%| F|  |TAMS 0x0000000089000000| PB 0x0000000089000000| Untracked 
| 145|0x0000000089100000, 0x0000000089100000, 0x0000000089200000|  0%| F|  |TAMS 0x0000000089100000| PB 0x0000000089100000| Untracked 
| 146|0x0000000089200000, 0x0000000089200000, 0x0000000089300000|  0%| F|  |TAMS 0x0000000089200000| PB 0x0000000089200000| Untracked 
| 147|0x0000000089300000, 0x0000000089300000, 0x0000000089400000|  0%| F|  |TAMS 0x0000000089300000| PB 0x0000000089300000| Untracked 
| 148|0x0000000089400000, 0x0000000089400000, 0x0000000089500000|  0%| F|  |TAMS 0x0000000089400000| PB 0x0000000089400000| Untracked 
| 149|0x0000000089500000, 0x0000000089500000, 0x0000000089600000|  0%| F|  |TAMS 0x0000000089500000| PB 0x0000000089500000| Untracked 
| 150|0x0000000089600000, 0x0000000089600000, 0x0000000089700000|  0%| F|  |TAMS 0x0000000089600000| PB 0x0000000089600000| Untracked 
| 151|0x0000000089700000, 0x0000000089700000, 0x0000000089800000|  0%| F|  |TAMS 0x0000000089700000| PB 0x0000000089700000| Untracked 
| 152|0x0000000089800000, 0x0000000089800000, 0x0000000089900000|  0%| F|  |TAMS 0x0000000089800000| PB 0x0000000089800000| Untracked 
| 153|0x0000000089900000, 0x0000000089900000, 0x0000000089a00000|  0%| F|  |TAMS 0x0000000089900000| PB 0x0000000089900000| Untracked 
| 154|0x0000000089a00000, 0x0000000089a00000, 0x0000000089b00000|  0%| F|  |TAMS 0x0000000089a00000| PB 0x0000000089a00000| Untracked 
| 155|0x0000000089b00000, 0x0000000089b00000, 0x0000000089c00000|  0%| F|  |TAMS 0x0000000089b00000| PB 0x0000000089b00000| Untracked 
| 156|0x0000000089c00000, 0x0000000089c00000, 0x0000000089d00000|  0%| F|  |TAMS 0x0000000089c00000| PB 0x0000000089c00000| Untracked 
| 157|0x0000000089d00000, 0x0000000089d00000, 0x0000000089e00000|  0%| F|  |TAMS 0x0000000089d00000| PB 0x0000000089d00000| Untracked 
| 158|0x0000000089e00000, 0x0000000089e00000, 0x0000000089f00000|  0%| F|  |TAMS 0x0000000089e00000| PB 0x0000000089e00000| Untracked 
| 159|0x0000000089f00000, 0x0000000089f00000, 0x000000008a000000|  0%| F|  |TAMS 0x0000000089f00000| PB 0x0000000089f00000| Untracked 
| 160|0x000000008a000000, 0x000000008a000000, 0x000000008a100000|  0%| F|  |TAMS 0x000000008a000000| PB 0x000000008a000000| Untracked 
| 161|0x000000008a100000, 0x000000008a100000, 0x000000008a200000|  0%| F|  |TAMS 0x000000008a100000| PB 0x000000008a100000| Untracked 
| 162|0x000000008a200000, 0x000000008a200000, 0x000000008a300000|  0%| F|  |TAMS 0x000000008a200000| PB 0x000000008a200000| Untracked 
| 163|0x000000008a300000, 0x000000008a300000, 0x000000008a400000|  0%| F|  |TAMS 0x000000008a300000| PB 0x000000008a300000| Untracked 
| 164|0x000000008a400000, 0x000000008a400000, 0x000000008a500000|  0%| F|  |TAMS 0x000000008a400000| PB 0x000000008a400000| Untracked 
| 165|0x000000008a500000, 0x000000008a500000, 0x000000008a600000|  0%| F|  |TAMS 0x000000008a500000| PB 0x000000008a500000| Untracked 
| 166|0x000000008a600000, 0x000000008a600000, 0x000000008a700000|  0%| F|  |TAMS 0x000000008a600000| PB 0x000000008a600000| Untracked 
| 167|0x000000008a700000, 0x000000008a700000, 0x000000008a800000|  0%| F|  |TAMS 0x000000008a700000| PB 0x000000008a700000| Untracked 
| 168|0x000000008a800000, 0x000000008a800000, 0x000000008a900000|  0%| F|  |TAMS 0x000000008a800000| PB 0x000000008a800000| Untracked 
| 169|0x000000008a900000, 0x000000008a900000, 0x000000008aa00000|  0%| F|  |TAMS 0x000000008a900000| PB 0x000000008a900000| Untracked 
| 170|0x000000008aa00000, 0x000000008aa00000, 0x000000008ab00000|  0%| F|  |TAMS 0x000000008aa00000| PB 0x000000008aa00000| Untracked 
| 171|0x000000008ab00000, 0x000000008ab00000, 0x000000008ac00000|  0%| F|  |TAMS 0x000000008ab00000| PB 0x000000008ab00000| Untracked 
| 172|0x000000008ac00000, 0x000000008ac00000, 0x000000008ad00000|  0%| F|  |TAMS 0x000000008ac00000| PB 0x000000008ac00000| Untracked 
| 173|0x000000008ad00000, 0x000000008ad00000, 0x000000008ae00000|  0%| F|  |TAMS 0x000000008ad00000| PB 0x000000008ad00000| Untracked 
| 174|0x000000008ae00000, 0x000000008ae00000, 0x000000008af00000|  0%| F|  |TAMS 0x000000008ae00000| PB 0x000000008ae00000| Untracked 
| 175|0x000000008af00000, 0x000000008af00000, 0x000000008b000000|  0%| F|  |TAMS 0x000000008af00000| PB 0x000000008af00000| Untracked 
| 176|0x000000008b000000, 0x000000008b000000, 0x000000008b100000|  0%| F|  |TAMS 0x000000008b000000| PB 0x000000008b000000| Untracked 
| 177|0x000000008b100000, 0x000000008b100000, 0x000000008b200000|  0%| F|  |TAMS 0x000000008b100000| PB 0x000000008b100000| Untracked 
| 178|0x000000008b200000, 0x000000008b200000, 0x000000008b300000|  0%| F|  |TAMS 0x000000008b200000| PB 0x000000008b200000| Untracked 
| 179|0x000000008b300000, 0x000000008b300000, 0x000000008b400000|  0%| F|  |TAMS 0x000000008b300000| PB 0x000000008b300000| Untracked 
| 180|0x000000008b400000, 0x000000008b400000, 0x000000008b500000|  0%| F|  |TAMS 0x000000008b400000| PB 0x000000008b400000| Untracked 
| 181|0x000000008b500000, 0x000000008b500000, 0x000000008b600000|  0%| F|  |TAMS 0x000000008b500000| PB 0x000000008b500000| Untracked 
| 182|0x000000008b600000, 0x000000008b600000, 0x000000008b700000|  0%| F|  |TAMS 0x000000008b600000| PB 0x000000008b600000| Untracked 
| 183|0x000000008b700000, 0x000000008b700000, 0x000000008b800000|  0%| F|  |TAMS 0x000000008b700000| PB 0x000000008b700000| Untracked 
| 184|0x000000008b800000, 0x000000008b800000, 0x000000008b900000|  0%| F|  |TAMS 0x000000008b800000| PB 0x000000008b800000| Untracked 
| 185|0x000000008b900000, 0x000000008b900000, 0x000000008ba00000|  0%| F|  |TAMS 0x000000008b900000| PB 0x000000008b900000| Untracked 
| 227|0x000000008e300000, 0x000000008e300000, 0x000000008e400000|  0%| F|  |TAMS 0x000000008e300000| PB 0x000000008e300000| Untracked 
| 228|0x000000008e400000, 0x000000008e400000, 0x000000008e500000|  0%| F|  |TAMS 0x000000008e400000| PB 0x000000008e400000| Untracked 
| 229|0x000000008e500000, 0x000000008e500000, 0x000000008e600000|  0%| F|  |TAMS 0x000000008e500000| PB 0x000000008e500000| Untracked 
| 230|0x000000008e600000, 0x000000008e68a7e0, 0x000000008e700000| 54%| E|  |TAMS 0x000000008e600000| PB 0x000000008e600000| Complete 
| 231|0x000000008e700000, 0x000000008e800000, 0x000000008e800000|100%| E|CS|TAMS 0x000000008e700000| PB 0x000000008e700000| Complete 
| 232|0x000000008e800000, 0x000000008e900000, 0x000000008e900000|100%| E|CS|TAMS 0x000000008e800000| PB 0x000000008e800000| Complete 
| 233|0x000000008e900000, 0x000000008ea00000, 0x000000008ea00000|100%| E|CS|TAMS 0x000000008e900000| PB 0x000000008e900000| Complete 
| 234|0x000000008ea00000, 0x000000008eb00000, 0x000000008eb00000|100%| E|CS|TAMS 0x000000008ea00000| PB 0x000000008ea00000| Complete 
| 253|0x000000008fd00000, 0x000000008fe00000, 0x000000008fe00000|100%| E|CS|TAMS 0x000000008fd00000| PB 0x000000008fd00000| Complete 
|2039|0x00000000ff700000, 0x00000000ff800000, 0x00000000ff800000|100%| E|CS|TAMS 0x00000000ff700000| PB 0x00000000ff700000| Complete 
|2040|0x00000000ff800000, 0x00000000ff900000, 0x00000000ff900000|100%| O|  |TAMS 0x00000000ff800000| PB 0x00000000ff800000| Untracked 
|2041|0x00000000ff900000, 0x00000000ffa00000, 0x00000000ffa00000|100%| O|  |TAMS 0x00000000ff900000| PB 0x00000000ff900000| Untracked 
|2042|0x00000000ffa00000, 0x00000000ffb00000, 0x00000000ffb00000|100%| O|  |TAMS 0x00000000ffa00000| PB 0x00000000ffa00000| Untracked 
|2043|0x00000000ffb00000, 0x00000000ffc00000, 0x00000000ffc00000|100%| O|  |TAMS 0x00000000ffb00000| PB 0x00000000ffb00000| Untracked 
|2044|0x00000000ffc00000, 0x00000000ffd00000, 0x00000000ffd00000|100%| O|  |TAMS 0x00000000ffc00000| PB 0x00000000ffc00000| Untracked 
|2045|0x00000000ffd00000, 0x00000000ffe00000, 0x00000000ffe00000|100%| O|  |TAMS 0x00000000ffd00000| PB 0x00000000ffd00000| Untracked 
|2046|0x00000000ffe00000, 0x00000000fff00000, 0x00000000fff00000|100%| O|  |TAMS 0x00000000ffe00000| PB 0x00000000ffe00000| Untracked 
|2047|0x00000000fff00000, 0x0000000100000000, 0x0000000100000000|100%| O|  |TAMS 0x00000000fff00000| PB 0x00000000fff00000| Untracked 

Card table byte_map: [0x000001e0bd710000,0x000001e0bdb10000] _byte_map_base: 0x000001e0bd310000

Marking Bits: (CMBitMap*) 0x000001e0aaee2d20
 Bits: [0x000001e0bdb10000, 0x000001e0bfb10000)

Polling page: 0x000001e0a8d20000

Metaspace:

Usage:
  Non-class:    100.25 MB used.
      Class:     16.57 MB used.
       Both:    116.82 MB used.

Virtual space:
  Non-class space:      128.00 MB reserved,     101.38 MB ( 79%) committed,  2 nodes.
      Class space:        1.00 GB reserved,      17.62 MB (  2%) committed,  1 nodes.
             Both:        1.12 GB reserved,     119.00 MB ( 10%) committed. 

Chunk freelists:
   Non-Class:  10.41 MB
       Class:  14.35 MB
        Both:  24.76 MB

MaxMetaspaceSize: unlimited
CompressedClassSpaceSize: 1.00 GB
Initial GC threshold: 21.00 MB
Current GC threshold: 198.38 MB
CDS: off
 - commit_granule_bytes: 65536.
 - commit_granule_words: 8192.
 - virtual_space_node_default_size: 8388608.
 - enlarge_chunks_in_place: 1.
 - use_allocation_guard: 0.


Internal statistics:

num_allocs_failed_limit: 9.
num_arena_births: 4378.
num_arena_deaths: 0.
num_vsnodes_births: 3.
num_vsnodes_deaths: 0.
num_space_committed: 1904.
num_space_uncommitted: 0.
num_chunks_returned_to_freelist: 9.
num_chunks_taken_from_freelist: 9546.
num_chunk_merges: 9.
num_chunk_splits: 6221.
num_chunks_enlarged: 3879.
num_inconsistent_stats: 0.

CodeHeap 'non-profiled nmethods': size=120000Kb used=7901Kb max_used=7924Kb free=112098Kb
 bounds [0x000001e0b5ab0000, 0x000001e0b6270000, 0x000001e0bcfe0000]
CodeHeap 'profiled nmethods': size=120000Kb used=21937Kb max_used=22302Kb free=98063Kb
 bounds [0x000001e0adfe0000, 0x000001e0af5b0000, 0x000001e0b5510000]
CodeHeap 'non-nmethods': size=5760Kb used=2902Kb max_used=2987Kb free=2857Kb
 bounds [0x000001e0b5510000, 0x000001e0b5810000, 0x000001e0b5ab0000]
CodeCache: size=245760Kb, used=32740Kb, max_used=33213Kb, free=213018Kb
 total_blobs=12730, nmethods=11719, adapters=915, full_count=0
Compilation: enabled, stopped_count=0, restarted_count=0

Compilation events (20 events):
Event: 11.952 Thread 0x000001e0c26e69b0 13660       4       java.util.Collections$EmptyMap::entrySet (4 bytes)
Event: 11.952 Thread 0x000001e0c26e69b0 nmethod 13660 0x000001e0b5f33c90 code [0x000001e0b5f33e20, 0x000001e0b5f33eb0]
Event: 11.952 Thread 0x000001e0c26e62e0 13661       3       org.gradle.api.internal.artifacts.ivyservice.resolveengine.result.IvyArtifactNameSerializer::read (44 bytes)
Event: 11.953 Thread 0x000001e0c26e62e0 nmethod 13661 0x000001e0aed66090 code [0x000001e0aed662a0, 0x000001e0aed66990]
Event: 11.954 Thread 0x000001e0c26e62e0 13662       3       org.gradle.api.internal.artifacts.ivyservice.resolveengine.graph.builder.DependencyGraphBuilder::maybeDownloadMetadataInParallel (177 bytes)
Event: 11.955 Thread 0x000001e0c26e62e0 nmethod 13662 0x000001e0aeb4f410 code [0x000001e0aeb4f780, 0x000001e0aeb50e50]
Event: 11.956 Thread 0x000001e0c26e62e0 13663       3       org.gradle.api.internal.artifacts.ivyservice.resolveengine.graph.builder.DependencyGraphBuilder::attachToTargetRevisionsSerially (44 bytes)
Event: 11.956 Thread 0x000001e0c26e62e0 nmethod 13663 0x000001e0ae5f3e90 code [0x000001e0ae5f40a0, 0x000001e0ae5f4690]
Event: 11.958 Thread 0x000001e0c26e69b0 13664       4       org.gradle.internal.component.external.model.GradleDependencyMetadata::getSelector (5 bytes)
Event: 11.959 Thread 0x000001e0c26e62e0 13665       3       org.gradle.api.internal.artifacts.ivyservice.resolveengine.graph.selectors.SelectorStateResolver::buildResolveResults (90 bytes)
Event: 11.959 Thread 0x000001e0c26e69b0 nmethod 13664 0x000001e0b5f33810 code [0x000001e0b5f339a0, 0x000001e0b5f33a30]
Event: 11.959 Thread 0x000001e0c26e62e0 nmethod 13665 0x000001e0aea44b90 code [0x000001e0aea44e20, 0x000001e0aea45928]
Event: 11.961 Thread 0x000001e0c26e62e0 13666       3       org.gradle.api.internal.artifacts.ivyservice.ivyresolve.RepositoryChainComponentMetaDataResolver::createValueContainerFor (22 bytes)
Event: 11.961 Thread 0x000001e0c26e69b0 13667       4       org.gradle.api.internal.attributes.DefaultImmutableAttributesContainer::findEntry (37 bytes)
Event: 11.961 Thread 0x000001e0c26e62e0 nmethod 13666 0x000001e0ae137a90 code [0x000001e0ae137d00, 0x000001e0ae1386d8]
Event: 11.961 Thread 0x000001e0c26e62e0 13668       3       org.gradle.internal.component.model.DefaultExternalModuleComponentGraphResolveState$DefaultConfigurationGraphResolveState::getExcludes (10 bytes)
Event: 11.962 Thread 0x000001e0c26e62e0 nmethod 13668 0x000001e0ae3fdf90 code [0x000001e0ae3fe140, 0x000001e0ae3fe310]
Event: 11.962 Thread 0x000001e0c26e62e0 13669       3       org.gradle.internal.Describables$FixedDescribable::equals (41 bytes)
Event: 11.962 Thread 0x000001e0c26e62e0 nmethod 13669 0x000001e0ae021910 code [0x000001e0ae021b00, 0x000001e0ae021ff8]
Event: 11.965 Thread 0x000001e0c26e62e0 13671       3       org.gradle.api.internal.artifacts.ivyservice.ivyresolve.ComponentSelectionRulesProcessor::apply (27 bytes)

GC Heap History (20 events):
Event: 7.810 GC heap before
{Heap before GC invocations=32 (full 0):
 garbage-first heap   total 148480K, used 137867K [0x0000000080000000, 0x0000000100000000)
  region size 1024K, 49 young (50176K), 3 survivors (3072K)
 Metaspace       used 90923K, committed 92864K, reserved 1179648K
  class space    used 12619K, committed 13568K, reserved 1048576K
}
Event: 7.812 GC heap after
{Heap after GC invocations=33 (full 0):
 garbage-first heap   total 148480K, used 92481K [0x0000000080000000, 0x0000000100000000)
  region size 1024K, 6 young (6144K), 6 survivors (6144K)
 Metaspace       used 90923K, committed 92864K, reserved 1179648K
  class space    used 12619K, committed 13568K, reserved 1048576K
}
Event: 8.068 GC heap before
{Heap before GC invocations=33 (full 0):
 garbage-first heap   total 148480K, used 133441K [0x0000000080000000, 0x0000000100000000)
  region size 1024K, 46 young (47104K), 6 survivors (6144K)
 Metaspace       used 94101K, committed 96064K, reserved 1179648K
  class space    used 13068K, committed 14016K, reserved 1048576K
}
Event: 8.071 GC heap after
{Heap after GC invocations=34 (full 0):
 garbage-first heap   total 148480K, used 94544K [0x0000000080000000, 0x0000000100000000)
  region size 1024K, 5 young (5120K), 5 survivors (5120K)
 Metaspace       used 94101K, committed 96064K, reserved 1179648K
  class space    used 13068K, committed 14016K, reserved 1048576K
}
Event: 8.369 GC heap before
{Heap before GC invocations=35 (full 0):
 garbage-first heap   total 158720K, used 133456K [0x0000000080000000, 0x0000000100000000)
  region size 1024K, 43 young (44032K), 5 survivors (5120K)
 Metaspace       used 95696K, committed 97664K, reserved 1179648K
  class space    used 13314K, committed 14272K, reserved 1048576K
}
Event: 8.373 GC heap after
{Heap after GC invocations=36 (full 0):
 garbage-first heap   total 158720K, used 98745K [0x0000000080000000, 0x0000000100000000)
  region size 1024K, 6 young (6144K), 6 survivors (6144K)
 Metaspace       used 95696K, committed 97664K, reserved 1179648K
  class space    used 13314K, committed 14272K, reserved 1048576K
}
Event: 8.634 GC heap before
{Heap before GC invocations=36 (full 0):
 garbage-first heap   total 158720K, used 142777K [0x0000000080000000, 0x0000000100000000)
  region size 1024K, 49 young (50176K), 6 survivors (6144K)
 Metaspace       used 97698K, committed 99648K, reserved 1179648K
  class space    used 13575K, committed 14528K, reserved 1048576K
}
Event: 8.638 GC heap after
{Heap after GC invocations=37 (full 0):
 garbage-first heap   total 158720K, used 99587K [0x0000000080000000, 0x0000000100000000)
  region size 1024K, 4 young (4096K), 4 survivors (4096K)
 Metaspace       used 97698K, committed 99648K, reserved 1179648K
  class space    used 13575K, committed 14528K, reserved 1048576K
}
Event: 8.787 GC heap before
{Heap before GC invocations=37 (full 0):
 garbage-first heap   total 158720K, used 120067K [0x0000000080000000, 0x0000000100000000)
  region size 1024K, 25 young (25600K), 4 survivors (4096K)
 Metaspace       used 99242K, committed 101248K, reserved 1179648K
  class space    used 13824K, committed 14848K, reserved 1048576K
}
Event: 8.789 GC heap after
{Heap after GC invocations=38 (full 0):
 garbage-first heap   total 190464K, used 100315K [0x0000000080000000, 0x0000000100000000)
  region size 1024K, 2 young (2048K), 2 survivors (2048K)
 Metaspace       used 99242K, committed 101248K, reserved 1179648K
  class space    used 13824K, committed 14848K, reserved 1048576K
}
Event: 9.417 GC heap before
{Heap before GC invocations=38 (full 0):
 garbage-first heap   total 190464K, used 174043K [0x0000000080000000, 0x0000000100000000)
  region size 1024K, 73 young (74752K), 2 survivors (2048K)
 Metaspace       used 105082K, committed 107136K, reserved 1179648K
  class space    used 14811K, committed 15808K, reserved 1048576K
}
Event: 9.420 GC heap after
{Heap after GC invocations=39 (full 0):
 garbage-first heap   total 190464K, used 102547K [0x0000000080000000, 0x0000000100000000)
  region size 1024K, 4 young (4096K), 4 survivors (4096K)
 Metaspace       used 105082K, committed 107136K, reserved 1179648K
  class space    used 14811K, committed 15808K, reserved 1048576K
}
Event: 9.999 GC heap before
{Heap before GC invocations=39 (full 0):
 garbage-first heap   total 190464K, used 175251K [0x0000000080000000, 0x0000000100000000)
  region size 1024K, 75 young (76800K), 4 survivors (4096K)
 Metaspace       used 110238K, committed 112384K, reserved 1179648K
  class space    used 15574K, committed 16640K, reserved 1048576K
}
Event: 10.003 GC heap after
{Heap after GC invocations=40 (full 0):
 garbage-first heap   total 190464K, used 106441K [0x0000000080000000, 0x0000000100000000)
  region size 1024K, 8 young (8192K), 8 survivors (8192K)
 Metaspace       used 110238K, committed 112384K, reserved 1179648K
  class space    used 15574K, committed 16640K, reserved 1048576K
}
Event: 10.616 GC heap before
{Heap before GC invocations=41 (full 0):
 garbage-first heap   total 190464K, used 170953K [0x0000000080000000, 0x0000000100000000)
  region size 1024K, 71 young (72704K), 8 survivors (8192K)
 Metaspace       used 115616K, committed 117696K, reserved 1179648K
  class space    used 16387K, committed 17408K, reserved 1048576K
}
Event: 10.622 GC heap after
{Heap after GC invocations=42 (full 0):
 garbage-first heap   total 190464K, used 109631K [0x0000000080000000, 0x0000000100000000)
  region size 1024K, 8 young (8192K), 8 survivors (8192K)
 Metaspace       used 115616K, committed 117696K, reserved 1179648K
  class space    used 16387K, committed 17408K, reserved 1048576K
}
Event: 11.207 GC heap before
{Heap before GC invocations=42 (full 0):
 garbage-first heap   total 190464K, used 171071K [0x0000000080000000, 0x0000000100000000)
  region size 1024K, 68 young (69632K), 8 survivors (8192K)
 Metaspace       used 117349K, committed 119552K, reserved 1179648K
  class space    used 16633K, committed 17664K, reserved 1048576K
}
Event: 11.215 GC heap after
{Heap after GC invocations=43 (full 0):
 garbage-first heap   total 190464K, used 115365K [0x0000000080000000, 0x0000000100000000)
  region size 1024K, 9 young (9216K), 9 survivors (9216K)
 Metaspace       used 117349K, committed 119552K, reserved 1179648K
  class space    used 16633K, committed 17664K, reserved 1048576K
}
Event: 11.861 GC heap before
{Heap before GC invocations=43 (full 0):
 garbage-first heap   total 190464K, used 170661K [0x0000000080000000, 0x0000000100000000)
  region size 1024K, 63 young (64512K), 9 survivors (9216K)
 Metaspace       used 119586K, committed 121792K, reserved 1179648K
  class space    used 16970K, committed 18048K, reserved 1048576K
}
Event: 11.870 GC heap after
{Heap after GC invocations=44 (full 0):
 garbage-first heap   total 190464K, used 124432K [0x0000000080000000, 0x0000000100000000)
  region size 1024K, 8 young (8192K), 8 survivors (8192K)
 Metaspace       used 119586K, committed 121792K, reserved 1179648K
  class space    used 16970K, committed 18048K, reserved 1048576K
}

Dll operation events (3 events):
Event: 0.005 Loaded shared library C:\Program Files\Android\Android Studio\jbr\bin\java.dll
Event: 0.009 Loaded shared library C:\Program Files\Android\Android Studio\jbr\bin\zip.dll
Event: 0.310 Loaded shared library C:\Program Files\Android\Android Studio\jbr\bin\verify.dll

Deoptimization events (20 events):
Event: 11.659 Thread 0x000001e0cd9ef5e0 Uncommon trap: trap_request=0xffffffc6 fr.pc=0x000001e0b5e8fe24 relative=0x0000000000001144
Event: 11.659 Thread 0x000001e0cd9ef5e0 Uncommon trap: reason=bimorphic_or_optimized_type_check action=maybe_recompile pc=0x000001e0b5e8fe24 method=org.gradle.internal.snapshot.ChildMap$Entry.handleAncestorDescendantOrExactMatch(Lorg/gradle/internal/snapshot/VfsRelativePath;Lorg/gradle/internal
Event: 11.659 Thread 0x000001e0cd9ef5e0 DEOPT PACKING pc=0x000001e0b5e8fe24 sp=0x00000059230fec60
Event: 11.659 Thread 0x000001e0cd9ef5e0 DEOPT UNPACKING pc=0x000001e0b55646a2 sp=0x00000059230fec50 mode 2
Event: 11.659 Thread 0x000001e0cd9ef5e0 Uncommon trap: trap_request=0xffffffde fr.pc=0x000001e0b5e8fe38 relative=0x0000000000001158
Event: 11.659 Thread 0x000001e0cd9ef5e0 Uncommon trap: reason=class_check action=maybe_recompile pc=0x000001e0b5e8fe38 method=org.gradle.internal.snapshot.ChildMap$Entry.handleAncestorDescendantOrExactMatch(Lorg/gradle/internal/snapshot/VfsRelativePath;Lorg/gradle/internal/snapshot/CaseSensitiv
Event: 11.659 Thread 0x000001e0cd9ef5e0 DEOPT PACKING pc=0x000001e0b5e8fe38 sp=0x00000059230fe990
Event: 11.659 Thread 0x000001e0cd9ef5e0 DEOPT UNPACKING pc=0x000001e0b55646a2 sp=0x00000059230fe988 mode 2
Event: 11.670 Thread 0x000001e0cd9ef5e0 Uncommon trap: trap_request=0xffffff45 fr.pc=0x000001e0b5e8f074 relative=0x0000000000000394
Event: 11.670 Thread 0x000001e0cd9ef5e0 Uncommon trap: reason=unstable_if action=reinterpret pc=0x000001e0b5e8f074 method=org.gradle.internal.snapshot.ChildMap$Entry.handleAncestorDescendantOrExactMatch(Lorg/gradle/internal/snapshot/VfsRelativePath;Lorg/gradle/internal/snapshot/CaseSensitivity;
Event: 11.670 Thread 0x000001e0cd9ef5e0 DEOPT PACKING pc=0x000001e0b5e8f074 sp=0x00000059230fb4e0
Event: 11.670 Thread 0x000001e0cd9ef5e0 DEOPT UNPACKING pc=0x000001e0b55646a2 sp=0x00000059230fb4e0 mode 2
Event: 11.672 Thread 0x000001e0cd9ef5e0 Uncommon trap: trap_request=0xffffff45 fr.pc=0x000001e0b5e20ddc relative=0x0000000000000b3c
Event: 11.672 Thread 0x000001e0cd9ef5e0 Uncommon trap: reason=unstable_if action=reinterpret pc=0x000001e0b5e20ddc method=org.gradle.internal.file.FileHierarchySet$Node.isChildOfOrThis(Ljava/lang/String;I)Z @ 89 c2
Event: 11.672 Thread 0x000001e0cd9ef5e0 DEOPT PACKING pc=0x000001e0b5e20ddc sp=0x00000059230fb630
Event: 11.672 Thread 0x000001e0cd9ef5e0 DEOPT UNPACKING pc=0x000001e0b55646a2 sp=0x00000059230fb578 mode 2
Event: 11.774 Thread 0x000001e0cd9ef5e0 DEOPT PACKING pc=0x000001e0af20de21 sp=0x00000059230f9ff0
Event: 11.774 Thread 0x000001e0cd9ef5e0 DEOPT UNPACKING pc=0x000001e0b5564e42 sp=0x00000059230f94f0 mode 0
Event: 11.879 Thread 0x000001e0cd9ef5e0 DEOPT PACKING pc=0x000001e0af20de21 sp=0x00000059230f8f00
Event: 11.879 Thread 0x000001e0cd9ef5e0 DEOPT UNPACKING pc=0x000001e0b5564e42 sp=0x00000059230f8400 mode 0

Classes loaded (20 events):
Event: 10.539 Loading class java/io/CharConversionException done
Event: 10.539 Loading class com/sun/org/apache/xerces/internal/impl/io/MalformedByteSequenceException done
Event: 10.901 Loading class java/util/IdentityHashMap$KeyIterator
Event: 10.902 Loading class java/util/IdentityHashMap$KeyIterator done
Event: 10.906 Loading class java/util/TreeMap$KeySpliterator
Event: 10.907 Loading class java/util/TreeMap$TreeMapSpliterator
Event: 10.907 Loading class java/util/TreeMap$TreeMapSpliterator done
Event: 10.907 Loading class java/util/TreeMap$KeySpliterator done
Event: 11.106 Loading class java/util/concurrent/LinkedBlockingDeque$Itr
Event: 11.106 Loading class java/util/concurrent/LinkedBlockingDeque$AbstractItr
Event: 11.106 Loading class java/util/concurrent/LinkedBlockingDeque$AbstractItr done
Event: 11.106 Loading class java/util/concurrent/LinkedBlockingDeque$Itr done
Event: 11.316 Loading class java/io/FilterReader
Event: 11.317 Loading class java/io/FilterReader done
Event: 11.618 Loading class java/util/HashMap$UnsafeHolder
Event: 11.618 Loading class java/util/HashMap$UnsafeHolder done
Event: 11.708 Loading class java/io/SequenceInputStream
Event: 11.708 Loading class java/io/SequenceInputStream done
Event: 11.714 Loading class java/util/function/IntUnaryOperator
Event: 11.714 Loading class java/util/function/IntUnaryOperator done

Classes unloaded (0 events):
No events

Classes redefined (0 events):
No events

Internal exceptions (20 events):
Event: 11.411 Thread 0x000001e0c8b1cb80 Exception <a 'java/lang/ClassNotFoundException'{0x0000000089892780}: com/android/build/gradle/internal/tasks/ListingFileRedirectTask_DecoratedCustomizer> (0x0000000089892780) 
thrown [s\src\hotspot\share\classfile\systemDictionary.cpp, line 312]
Event: 11.416 Thread 0x000001e0c8b1cb80 Exception <a 'java/lang/NoSuchMethodError'{0x00000000898fba80}: 'void java.lang.invoke.DirectMethodHandle$Holder.invokeSpecial(java.lang.Object, java.lang.Object, java.lang.Object, java.lang.Object, int, java.lang.Object, java.lang.Object)'> (0x00000000898fba80) 
thrown [s\src\hotspot\share\interpreter\linkResolver.cpp, line 784]
Event: 11.523 Thread 0x000001e0cd9edba0 Exception <a 'java/lang/NoSuchMethodError'{0x00000000893afbb0}: 'java.lang.Object java.lang.invoke.DirectMethodHandle$Holder.newInvokeSpecial(java.lang.Object, java.lang.Object, int, java.lang.Object, java.lang.Object)'> (0x00000000893afbb0) 
thrown [s\src\hotspot\share\interpreter\linkResolver.cpp, line 784]
Event: 11.581 Thread 0x000001e0cd9ef5e0 Exception <a 'java/lang/NoSuchMethodError'{0x0000000088f35eb8}: 'java.lang.Object java.lang.invoke.DirectMethodHandle$Holder.invokeVirtual(java.lang.Object, java.lang.Object, java.lang.Object, java.lang.Object, java.lang.Object, java.lang.Object, java.lang.Object, java.lang.Object, java.lang.Object, java.lang.Object, java.lang.Object, java.lang.Object, java.lang.Object, java.lang.Object, java.lang.Object, java.lang.Object, java.lang.Object, java.lang.Object, java.lang.Object)'> (0x0000000088f35eb8) 
thrown
Event: 11.595 Thread 0x000001e0c8b54a00 Exception <a 'java/lang/NoSuchMethodError'{0x0000000088e36928}: static Lorg/gradle/internal/build/event/types/DefaultTaskStartedProgressEvent;.<clinit>()V> (0x0000000088e36928) 
thrown [s\src\hotspot\share\prims\jni.cpp, line 1144]
Event: 11.596 Thread 0x000001e0c8b54a00 Exception <a 'java/lang/NoSuchMethodError'{0x0000000088e41e70}: static Lorg/gradle/internal/build/event/types/DefaultTaskDescriptor;.<clinit>()V> (0x0000000088e41e70) 
thrown [s\src\hotspot\share\prims\jni.cpp, line 1144]
Event: 11.601 Thread 0x000001e0c8b54a00 Exception <a 'java/lang/NoSuchMethodError'{0x0000000088e7ecd0}: static Lorg/gradle/internal/build/event/types/DefaultTaskFinishedProgressEvent;.<clinit>()V> (0x0000000088e7ecd0) 
thrown [s\src\hotspot\share\prims\jni.cpp, line 1144]
Event: 11.602 Thread 0x000001e0c8b54a00 Exception <a 'java/lang/NoSuchMethodError'{0x0000000088e9d658}: static Lorg/gradle/internal/build/event/types/DefaultTaskSuccessResult;.<clinit>()V> (0x0000000088e9d658) 
thrown [s\src\hotspot\share\prims\jni.cpp, line 1144]
Event: 11.602 Thread 0x000001e0c8b54a00 Exception <a 'java/lang/NoSuchMethodError'{0x0000000088e9ed90}: static Lorg/gradle/internal/build/event/types/AbstractTaskResult;.<clinit>()V> (0x0000000088e9ed90) 
thrown [s\src\hotspot\share\prims\jni.cpp, line 1144]
Event: 11.615 Thread 0x000001e0cd9e7fc0 Exception <a 'java/lang/NoSuchMethodError'{0x0000000088e67278}: static Ljava/lang/Object;.<clinit>()V> (0x0000000088e67278) 
thrown [s\src\hotspot\share\prims\jni.cpp, line 1144]
Event: 11.615 Thread 0x000001e0cd627180 Exception <a 'java/lang/NoSuchMethodError'{0x0000000088c10790}: static Lcom/android/buildanalyzer/common/AndroidGradlePluginAttributionData$BuildInfo;.<clinit>()V> (0x0000000088c10790) 
thrown [s\src\hotspot\share\prims\jni.cpp, line 1144]
Event: 11.616 Thread 0x000001e0cd9e7fc0 Exception <a 'java/lang/NoSuchMethodError'{0x0000000088c1e398}: static Lorg/jetbrains/kotlin/gradle/plugin/statistics/MetricContainer;.<clinit>()V> (0x0000000088c1e398) 
thrown [s\src\hotspot\share\prims\jni.cpp, line 1144]
Event: 11.616 Thread 0x000001e0cd627180 Exception <a 'java/lang/NoSuchMethodError'{0x0000000088c46f38}: static Lcom/android/buildanalyzer/common/AndroidGradlePluginAttributionData$JavaInfo;.<clinit>()V> (0x0000000088c46f38) 
thrown [s\src\hotspot\share\prims\jni.cpp, line 1144]
Event: 11.618 Thread 0x000001e0cd627180 Exception <a 'java/lang/NoSuchMethodError'{0x0000000088cbb050}: static [Ljava/lang/String;.<clinit>()V> (0x0000000088cbb050) 
thrown [s\src\hotspot\share\prims\jni.cpp, line 1144]
Event: 11.619 Thread 0x000001e0cd627180 Exception <a 'java/lang/NoSuchMethodError'{0x0000000088cd6d68}: static Lcom/android/buildanalyzer/common/AndroidGradlePluginAttributionData$TaskInfo;.<clinit>()V> (0x0000000088cd6d68) 
thrown [s\src\hotspot\share\prims\jni.cpp, line 1144]
Event: 11.621 Thread 0x000001e0cd627180 Exception <a 'java/lang/NoSuchMethodError'{0x0000000088b00200}: static Lcom/android/buildanalyzer/common/AndroidGradlePluginAttributionData$TaskCategoryInfo;.<clinit>()V> (0x0000000088b00200) 
thrown [s\src\hotspot\share\prims\jni.cpp, line 1144]
Event: 11.636 Thread 0x000001e0cd9ef5e0 Exception <a 'sun/nio/fs/WindowsException'{0x0000000088acbd30}> (0x0000000088acbd30) 
thrown [s\src\hotspot\share\prims\jni.cpp, line 537]
Event: 11.658 Thread 0x000001e0c8b54a00 Exception <a 'java/lang/NoSuchMethodError'{0x00000000889a9500}: static Lorg/gradle/internal/build/event/types/DefaultTaskSkippedResult;.<clinit>()V> (0x00000000889a9500) 
thrown [s\src\hotspot\share\prims\jni.cpp, line 1144]
Event: 11.678 Thread 0x000001e0cd9ef5e0 Exception <a 'java/lang/IncompatibleClassChangeError'{0x0000000088814bf0}: Found class java.lang.Object, but interface was expected> (0x0000000088814bf0) 
thrown [s\src\hotspot\share\interpreter\linkResolver.cpp, line 851]
Event: 11.714 Thread 0x000001e0cd9ef5e0 Exception <a 'java/lang/NoSuchMethodError'{0x000000008865cfa8}: 'int java.lang.invoke.DirectMethodHandle$Holder.invokeSpecial(java.lang.Object, java.lang.Object, int)'> (0x000000008865cfa8) 
thrown [s\src\hotspot\share\interpreter\linkResolver.cpp, line 784]

ZGC Phase Switch (0 events):
No events

VM Operations (20 events):
Event: 11.614 Executing VM operation: HandshakeAllThreads (Deoptimize)
Event: 11.614 Executing VM operation: HandshakeAllThreads (Deoptimize) done
Event: 11.632 Executing VM operation: HandshakeAllThreads (Deoptimize)
Event: 11.632 Executing VM operation: HandshakeAllThreads (Deoptimize) done
Event: 11.640 Executing VM operation: HandshakeAllThreads (Deoptimize)
Event: 11.640 Executing VM operation: HandshakeAllThreads (Deoptimize) done
Event: 11.642 Executing VM operation: HandshakeAllThreads (Deoptimize)
Event: 11.642 Executing VM operation: HandshakeAllThreads (Deoptimize) done
Event: 11.646 Executing VM operation: HandshakeAllThreads (Deoptimize)
Event: 11.646 Executing VM operation: HandshakeAllThreads (Deoptimize) done
Event: 11.680 Executing VM operation: HandshakeAllThreads (Deoptimize)
Event: 11.680 Executing VM operation: HandshakeAllThreads (Deoptimize) done
Event: 11.743 Executing VM operation: HandshakeAllThreads (Deoptimize)
Event: 11.743 Executing VM operation: HandshakeAllThreads (Deoptimize) done
Event: 11.753 Executing VM operation: ICBufferFull
Event: 11.753 Executing VM operation: ICBufferFull done
Event: 11.861 Executing VM operation: G1CollectForAllocation (G1 Evacuation Pause)
Event: 11.870 Executing VM operation: G1CollectForAllocation (G1 Evacuation Pause) done
Event: 11.935 Executing VM operation: G1PauseRemark
Event: 11.940 Executing VM operation: G1PauseRemark done

Memory protections (0 events):
No events

Nmethod flushes (20 events):
Event: 11.939 Thread 0x000001e0c261d240 flushing  nmethod 0x000001e0aeb65510
Event: 11.939 Thread 0x000001e0c261d240 flushing  nmethod 0x000001e0aec79110
Event: 11.939 Thread 0x000001e0c261d240 flushing  nmethod 0x000001e0aed3ec90
Event: 11.939 Thread 0x000001e0c261d240 flushing  nmethod 0x000001e0aed40190
Event: 11.939 Thread 0x000001e0c261d240 flushing  nmethod 0x000001e0aedd5590
Event: 11.939 Thread 0x000001e0c261d240 flushing  nmethod 0x000001e0aee2ff10
Event: 11.939 Thread 0x000001e0c261d240 flushing  nmethod 0x000001e0aee31710
Event: 11.939 Thread 0x000001e0c261d240 flushing  nmethod 0x000001e0aee57510
Event: 11.939 Thread 0x000001e0c261d240 flushing  nmethod 0x000001e0aefaa210
Event: 11.939 Thread 0x000001e0c261d240 flushing  nmethod 0x000001e0aefb0690
Event: 11.939 Thread 0x000001e0c261d240 flushing  nmethod 0x000001e0ae93e810
Event: 11.939 Thread 0x000001e0c261d240 flushing  nmethod 0x000001e0ae940010
Event: 11.939 Thread 0x000001e0c261d240 flushing  nmethod 0x000001e0ae940690
Event: 11.939 Thread 0x000001e0c261d240 flushing  nmethod 0x000001e0ae941190
Event: 11.939 Thread 0x000001e0c261d240 flushing  nmethod 0x000001e0ae9d1510
Event: 11.939 Thread 0x000001e0c261d240 flushing  nmethod 0x000001e0aea4b110
Event: 11.939 Thread 0x000001e0c261d240 flushing  nmethod 0x000001e0aea4e610
Event: 11.939 Thread 0x000001e0c261d240 flushing  nmethod 0x000001e0aea53690
Event: 11.939 Thread 0x000001e0c261d240 flushing  nmethod 0x000001e0aeb88f90
Event: 11.939 Thread 0x000001e0c261d240 flushing  nmethod 0x000001e0aefcbd90

Events (20 events):
Event: 5.963 Thread 0x000001e0c8b1cb80 Thread added: 0x000001e0cd625740
Event: 5.963 Thread 0x000001e0c8b1cb80 Thread added: 0x000001e0cd629250
Event: 5.966 Thread 0x000001e0c8b1cb80 Thread added: 0x000001e0cd625dd0
Event: 5.966 Thread 0x000001e0c8b1cb80 Thread added: 0x000001e0cd626af0
Event: 5.966 Thread 0x000001e0c8b1cb80 Thread added: 0x000001e0cd626460
Event: 5.966 Thread 0x000001e0c8b1cb80 Thread added: 0x000001e0cd627810
Event: 5.966 Thread 0x000001e0c8b1cb80 Thread added: 0x000001e0cd628bc0
Event: 6.327 Thread 0x000001e0c8b1cb80 Thread added: 0x000001e0cd627180
Event: 6.625 Thread 0x000001e0c8b1cb80 Thread added: 0x000001e0cd627ea0
Event: 6.784 Thread 0x000001e0c26cafc0 Thread added: 0x000001e0c26e69b0
Event: 7.804 Thread 0x000001e0c8b1cb80 Thread added: 0x000001e0cd9e7fc0
Event: 11.519 Thread 0x000001e0c8b1cb80 Thread added: 0x000001e0cd9edba0
Event: 11.525 Thread 0x000001e0cd9edba0 Thread added: 0x000001e0cd9ef5e0
Event: 11.525 Thread 0x000001e0cd9edba0 Thread added: 0x000001e0ce482b60
Event: 11.525 Thread 0x000001e0cd9edba0 Thread added: 0x000001e0ce4852c0
Event: 11.525 Thread 0x000001e0cd9edba0 Thread added: 0x000001e0ce4824d0
Event: 11.525 Thread 0x000001e0cd9edba0 Thread added: 0x000001e0ce4831f0
Event: 11.525 Thread 0x000001e0cd9edba0 Thread added: 0x000001e0ce483f10
Event: 11.525 Thread 0x000001e0cd9edba0 Thread added: 0x000001e0ce483880
Event: 11.556 Thread 0x000001e0cd9ef5e0 Thread added: 0x000001e0ce481e40


Dynamic libraries:
0x00007ff7939d0000 - 0x00007ff7939da000 	C:\Program Files\Android\Android Studio\jbr\bin\java.exe
0x00007fff123a0000 - 0x00007fff12607000 	C:\WINDOWS\SYSTEM32\ntdll.dll
0x00007fff10de0000 - 0x00007fff10ea9000 	C:\WINDOWS\System32\KERNEL32.DLL
0x00007fff0f960000 - 0x00007fff0fd4f000 	C:\WINDOWS\System32\KERNELBASE.dll
0x00007fff0f750000 - 0x00007fff0f89b000 	C:\WINDOWS\System32\ucrtbase.dll
0x00007ffef0560000 - 0x00007ffef0578000 	C:\Program Files\Android\Android Studio\jbr\bin\jli.dll
0x00007ffefd760000 - 0x00007ffefd77b000 	C:\Program Files\Android\Android Studio\jbr\bin\VCRUNTIME140.dll
0x00007fff10910000 - 0x00007fff10ad5000 	C:\WINDOWS\System32\USER32.dll
0x00007fff0f4f0000 - 0x00007fff0f517000 	C:\WINDOWS\System32\win32u.dll
0x00007ffefe090000 - 0x00007ffefe323000 	C:\WINDOWS\WinSxS\amd64_microsoft.windows.common-controls_6595b64144ccf1df_6.0.26100.7309_none_3e05feeae336a044\COMCTL32.dll
0x00007fff106b0000 - 0x00007fff106db000 	C:\WINDOWS\System32\GDI32.dll
0x00007fff121c0000 - 0x00007fff12269000 	C:\WINDOWS\System32\msvcrt.dll
0x00007fff0fdf0000 - 0x00007fff0ff1c000 	C:\WINDOWS\System32\gdi32full.dll
0x00007fff0f520000 - 0x00007fff0f5c3000 	C:\WINDOWS\System32\msvcp_win.dll
0x00007fff106e0000 - 0x00007fff10711000 	C:\WINDOWS\System32\IMM32.DLL
0x00007fff004c0000 - 0x00007fff004cc000 	C:\Program Files\Android\Android Studio\jbr\bin\vcruntime140_1.dll
0x00007ffed0450000 - 0x00007ffed04dd000 	C:\Program Files\Android\Android Studio\jbr\bin\msvcp140.dll
0x00007ffe66e10000 - 0x00007ffe67aa6000 	C:\Program Files\Android\Android Studio\jbr\bin\server\jvm.dll
0x00007fff122a0000 - 0x00007fff12354000 	C:\WINDOWS\System32\ADVAPI32.dll
0x00007fff12110000 - 0x00007fff121b6000 	C:\WINDOWS\System32\sechost.dll
0x00007fff10590000 - 0x00007fff106a8000 	C:\WINDOWS\System32\RPCRT4.dll
0x00007fff107b0000 - 0x00007fff10824000 	C:\WINDOWS\System32\WS2_32.dll
0x00007fff0f2a0000 - 0x00007fff0f2fe000 	C:\WINDOWS\SYSTEM32\POWRPROF.dll
0x00007fff095f0000 - 0x00007fff095fb000 	C:\WINDOWS\SYSTEM32\VERSION.dll
0x00007fff03df0000 - 0x00007fff03e25000 	C:\WINDOWS\SYSTEM32\WINMM.dll
0x00007fff0f180000 - 0x00007fff0f194000 	C:\WINDOWS\SYSTEM32\UMPDC.dll
0x00007fff0e2a0000 - 0x00007fff0e2bb000 	C:\WINDOWS\SYSTEM32\kernel.appcore.dll
0x00007fff00470000 - 0x00007fff0047a000 	C:\Program Files\Android\Android Studio\jbr\bin\jimage.dll
0x00007ffefe330000 - 0x00007ffefe572000 	C:\WINDOWS\SYSTEM32\DBGHELP.DLL
0x00007fff10fb0000 - 0x00007fff11336000 	C:\WINDOWS\System32\combase.dll
0x00007fff10830000 - 0x00007fff10906000 	C:\WINDOWS\System32\OLEAUT32.dll
0x00007fff0c630000 - 0x00007fff0c66c000 	C:\WINDOWS\SYSTEM32\dbgcore.DLL
0x00007fff10090000 - 0x00007fff10135000 	C:\WINDOWS\System32\bcryptPrimitives.dll
0x00007ffefd940000 - 0x00007ffefd94e000 	C:\Program Files\Android\Android Studio\jbr\bin\instrument.dll
0x00007ffefd280000 - 0x00007ffefd2a0000 	C:\Program Files\Android\Android Studio\jbr\bin\java.dll
0x00007ffefd220000 - 0x00007ffefd238000 	C:\Program Files\Android\Android Studio\jbr\bin\zip.dll
0x00007fff119b0000 - 0x00007fff12103000 	C:\WINDOWS\System32\SHELL32.dll
0x00007fff0ff20000 - 0x00007fff1008a000 	C:\WINDOWS\System32\wintypes.dll
0x00007fff0d130000 - 0x00007fff0d98e000 	C:\WINDOWS\SYSTEM32\windows.storage.dll
0x00007fff10eb0000 - 0x00007fff10fa5000 	C:\WINDOWS\System32\SHCORE.dll
0x00007fff117d0000 - 0x00007fff11836000 	C:\WINDOWS\System32\shlwapi.dll
0x00007fff0f410000 - 0x00007fff0f439000 	C:\WINDOWS\SYSTEM32\profapi.dll
0x00007fff00440000 - 0x00007fff00450000 	C:\Program Files\Android\Android Studio\jbr\bin\net.dll
0x00007fff08bb0000 - 0x00007fff08cd8000 	C:\WINDOWS\SYSTEM32\WINHTTP.dll
0x00007fff0e810000 - 0x00007fff0e87b000 	C:\WINDOWS\system32\mswsock.dll
0x00007ffefcf00000 - 0x00007ffefcf16000 	C:\Program Files\Android\Android Studio\jbr\bin\nio.dll
0x00007ffefd590000 - 0x00007ffefd5a0000 	C:\Program Files\Android\Android Studio\jbr\bin\verify.dll
0x00007ffef6da0000 - 0x00007ffef6dc7000 	C:\Users\ajays\.gradle\native\1def1411415f61bf3af743bc5b6707747c0891f09f0c88961ee8f79bc544acac\windows-amd64\native-platform.dll
0x00007ffed03d0000 - 0x00007ffed0448000 	C:\Users\ajays\.gradle\native\0.2.7\x86_64-windows-gnu\gradle-fileevents.dll
0x00007ffefd920000 - 0x00007ffefd929000 	C:\Program Files\Android\Android Studio\jbr\bin\management.dll
0x00007ffefd890000 - 0x00007ffefd89b000 	C:\Program Files\Android\Android Studio\jbr\bin\management_ext.dll
0x00007fff12290000 - 0x00007fff12298000 	C:\WINDOWS\System32\PSAPI.DLL
0x00007fff0dcb0000 - 0x00007fff0dce4000 	C:\WINDOWS\SYSTEM32\IPHLPAPI.DLL
0x00007fff10350000 - 0x00007fff1035a000 	C:\WINDOWS\System32\NSI.dll
0x00007ffefddd0000 - 0x00007ffefddd9000 	C:\Program Files\Android\Android Studio\jbr\bin\extnet.dll
0x00007fff0ead0000 - 0x00007fff0eaeb000 	C:\WINDOWS\SYSTEM32\CRYPTSP.dll
0x00007fff0e200000 - 0x00007fff0e23a000 	C:\WINDOWS\system32\rsaenh.dll
0x00007fff0e8c0000 - 0x00007fff0e8eb000 	C:\WINDOWS\SYSTEM32\USERENV.dll
0x00007fff0f3e0000 - 0x00007fff0f40a000 	C:\WINDOWS\SYSTEM32\bcrypt.dll
0x00007fff0eaf0000 - 0x00007fff0eafc000 	C:\WINDOWS\SYSTEM32\CRYPTBASE.dll
0x00007ffeb18c0000 - 0x00007ffeb18c8000 	C:\WINDOWS\system32\wshunix.dll
0x00007ffeeb080000 - 0x00007ffeeb098000 	C:\WINDOWS\system32\napinsp.dll
0x00007fff0dd40000 - 0x00007fff0de6c000 	C:\WINDOWS\SYSTEM32\DNSAPI.dll
0x00007ffee9240000 - 0x00007ffee9252000 	C:\WINDOWS\System32\winrnr.dll
0x00007ffee8cd0000 - 0x00007ffee8cf2000 	C:\WINDOWS\system32\nlansp_c.dll
0x00007ffeefed0000 - 0x00007ffeefee6000 	C:\WINDOWS\system32\wshbth.dll
0x00007fff02d60000 - 0x00007fff02d6b000 	C:\Windows\System32\rasadhlp.dll
0x00007fff039d0000 - 0x00007fff03a56000 	C:\WINDOWS\System32\fwpuclnt.dll

JVMTI agents:
C:\Users\ajays\.gradle\wrapper\dists\gradle-8.13-bin\5xuhj0ry160q40clulazy9h7d\gradle-8.13\lib\agents\gradle-instrumentation-agent-8.13.jar path:C:\Program Files\Android\Android Studio\jbr\bin\instrument.dll, loaded, initialized, instrumentlib options:none

dbghelp: loaded successfully - version: 4.0.5 - missing functions: none
symbol engine: initialized successfully - sym options: 0x614 - pdb path: .;C:\Program Files\Android\Android Studio\jbr\bin;C:\WINDOWS\SYSTEM32;C:\WINDOWS\WinSxS\amd64_microsoft.windows.common-controls_6595b64144ccf1df_6.0.26100.7309_none_3e05feeae336a044;C:\Program Files\Android\Android Studio\jbr\bin\server;C:\Users\ajays\.gradle\native\1def1411415f61bf3af743bc5b6707747c0891f09f0c88961ee8f79bc544acac\windows-amd64;C:\Users\ajays\.gradle\native\0.2.7\x86_64-windows-gnu

VM Arguments:
jvm_args: --add-opens=java.base/java.lang=ALL-UNNAMED --add-opens=java.base/java.lang.invoke=ALL-UNNAMED --add-opens=java.base/java.util=ALL-UNNAMED --add-opens=java.prefs/java.util.prefs=ALL-UNNAMED --add-exports=jdk.compiler/com.sun.tools.javac.api=ALL-UNNAMED --add-exports=jdk.compiler/com.sun.tools.javac.util=ALL-UNNAMED --add-opens=java.base/java.util=ALL-UNNAMED --add-opens=java.prefs/java.util.prefs=ALL-UNNAMED --add-opens=java.base/java.nio.charset=ALL-UNNAMED --add-opens=java.base/java.net=ALL-UNNAMED --add-opens=java.base/java.util.concurrent.atomic=ALL-UNNAMED --add-opens=java.xml/javax.xml.namespace=ALL-UNNAMED -Xmx2048m -Dfile.encoding=UTF-8 -Duser.country=US -Duser.language=en -Duser.variant -javaagent:C:\Users\ajays\.gradle\wrapper\dists\gradle-8.13-bin\5xuhj0ry160q40clulazy9h7d\gradle-8.13\lib\agents\gradle-instrumentation-agent-8.13.jar 
java_command: org.gradle.launcher.daemon.bootstrap.GradleDaemon 8.13
java_class_path (initial): C:\Users\ajays\.gradle\wrapper\dists\gradle-8.13-bin\5xuhj0ry160q40clulazy9h7d\gradle-8.13\lib\gradle-daemon-main-8.13.jar
Launcher Type: SUN_STANDARD

[Global flags]
     intx CICompilerCount                          = 4                                         {product} {ergonomic}
     uint ConcGCThreads                            = 2                                         {product} {ergonomic}
     uint G1ConcRefinementThreads                  = 8                                         {product} {ergonomic}
   size_t G1HeapRegionSize                         = 1048576                                   {product} {ergonomic}
    uintx GCDrainStackTargetSize                   = 64                                        {product} {ergonomic}
   size_t InitialHeapSize                          = 266338304                                 {product} {ergonomic}
   size_t MarkStackSize                            = 4194304                                   {product} {ergonomic}
   size_t MaxHeapSize                              = 2147483648                                {product} {command line}
   size_t MaxNewSize                               = 1287651328                                {product} {ergonomic}
   size_t MinHeapDeltaBytes                        = 1048576                                   {product} {ergonomic}
   size_t MinHeapSize                              = 8388608                                   {product} {ergonomic}
    uintx NonNMethodCodeHeapSize                   = 5839372                                {pd product} {ergonomic}
    uintx NonProfiledCodeHeapSize                  = 122909434                              {pd product} {ergonomic}
    uintx ProfiledCodeHeapSize                     = 122909434                              {pd product} {ergonomic}
    uintx ReservedCodeCacheSize                    = 251658240                              {pd product} {ergonomic}
     bool SegmentedCodeCache                       = true                                      {product} {ergonomic}
   size_t SoftMaxHeapSize                          = 2147483648                             {manageable} {ergonomic}
     bool UseCompressedOops                        = true                           {product lp64_product} {ergonomic}
     bool UseG1GC                                  = true                                      {product} {ergonomic}
     bool UseLargePagesIndividualAllocation        = false                                  {pd product} {ergonomic}

Logging:
Log output configuration:
 #0: stdout all=warning uptime,level,tags foldmultilines=false
 #1: stderr all=off uptime,level,tags foldmultilines=false

Environment Variables:
JAVA_HOME=C:\Program Files\Android\Android Studio\jbr
PATH=C:\Python314\Scripts\;C:\Python314\;C:\Program Files\Android\Android Studio\jbr\bin;%PATH%;C:\ProgramData\chocolatey\bin;C:\Program Files\nodejs\;C:\Users\ajays\.pyenv\pyenv-win\bin;C:\Users\ajays\.pyenv\pyenv-win\shims;C:\Users\ajays\AppData\Local\Programs\Python\Python313\Scripts\;C:\Users\ajays\AppData\Local\Programs\Python\Python313\;C:\WINDOWS\system32;C:\WINDOWS;C:\WINDOWS\System32\Wbem;C:\WINDOWS\System32\WindowsPowerShell\v1.0\;C:\WINDOWS\System32\OpenSSH\;C:\Users\ajays\AppData\Local\Android\Sdk\platform-tools;C:\Users\ajays\AppData\Local\Android\Sdk\tools;C:\Program Files (x86)\NVIDIA Corporation\PhysX\Common;C:\Program Files\NVIDIA Corporation\NVIDIA NvDLISR;C:\Users\ajays\AppData\Local\Microsoft\WindowsApps;C:\Users\ajays\AppData\Local\Programs\Microsoft VS Code\bin;C:\Program Files\Git\cmd;C:\ProgramData\miniconda3\Scripts;C:\Users\ajays\AppData\Local\Microsoft\WinGet\Packages\Genymobile.scrcpy_Microsoft.Winget.Source_8wekyb3d8bbwe\scrcpy-win64-v3.3.3;C:\Users\ajays\AppData\Roaming\npm
USERNAME=ajays
OS=Windows_NT
PROCESSOR_IDENTIFIER=Intel64 Family 6 Model 151 Stepping 5, GenuineIntel
TMP=C:\Users\ajays\AppData\Local\Temp
TEMP=C:\Users\ajays\AppData\Local\Temp




Periodic native trim disabled

JNI global refs:
JNI global refs: 29, weak refs: 0

JNI global refs memory usage: 835, weak refs: 833

Process memory usage:
Resident Set Size: 522612K (3% of 16541060K total physical memory with 2587172K free physical memory)

OOME stack traces (most recent first):
Classloader memory used:
Loader org.gradle.internal.classloader.VisitableURLClassLoader                         : 44230K
Loader org.gradle.internal.classloader.VisitableURLClassLoader$InstrumentingVisitableURLClassLoader: 31190K
Loader bootstrap                                                                       : 29532K
Loader org.gradle.initialization.MixInLegacyTypesClassLoader                           : 13088K
Loader jdk.internal.loader.ClassLoaders$PlatformClassLoader                            : 513K
Loader jdk.internal.reflect.DelegatingClassLoader                                      : 370K
Loader org.gradle.internal.classloader.VisitableURLClassLoader                         : 298K
Loader jdk.internal.loader.ClassLoaders$AppClassLoader                                 : 235K
Loader org.gradle.groovy.scripts.internal.DefaultScriptCompilationHandler$ScriptClassLoader: 137K
Loader org.codehaus.groovy.runtime.callsite.CallSiteClassLoader                        : 27488B

Classes loaded by more than one classloader:
Class Program                                                                         : loaded 5 times (x 72B)
Class Build_gradle                                                                    : loaded 3 times (x 130B)
Class Build_gradle$1                                                                  : loaded 3 times (x 74B)
Class org.gradle.internal.classloader.FilteringClassLoader                            : loaded 2 times (x 105B)
Class com.google.common.base.CharMatcher$IsEither                                     : loaded 2 times (x 111B)
Class ijKotlinCoroutineJvmDebugInit1_7tivfiu5uzgnl5vto7u12ucem$_run_closure1$_closure2: loaded 2 times (x 139B)
Class org.gradle.internal.classloader.ClassLoaderHierarchy                            : loaded 2 times (x 70B)
Class com.google.common.collect.ImmutableEnumSet                                      : loaded 2 times (x 146B)
Class com.google.common.util.concurrent.ExecutionError                                : loaded 2 times (x 82B)
Class com.google.common.collect.ImmutableList$1                                       : loaded 2 times (x 97B)
Class org.gradle.api.internal.classpath.ManifestUtil                                  : loaded 2 times (x 71B)
Class com.google.common.collect.RegularImmutableMap                                   : loaded 2 times (x 121B)
Class com.google.common.collect.ImmutableMap$MapViewOfValuesAsSingletonSets           : loaded 2 times (x 126B)
Class [Lorg.objectweb.asm.Symbol;                                                     : loaded 2 times (x 69B)
Class org.objectweb.asm.ClassVisitor                                                  : loaded 2 times (x 88B)
Class com.google.common.collect.UnmodifiableListIterator                              : loaded 2 times (x 95B)
Class com.google.common.base.Platform$JdkPatternCompiler                              : loaded 2 times (x 75B)
Class org.objectweb.asm.MethodTooLargeException                                       : loaded 2 times (x 83B)
Class [Lcom.google.common.cache.CacheBuilder$OneWeigher;                              : loaded 2 times (x 69B)
Class com.google.common.base.Suppliers                                                : loaded 2 times (x 71B)
Class org.gradle.internal.classloader.DefaultClassLoaderFactory                       : loaded 2 times (x 82B)
Class org.gradle.internal.classloader.ClassLoaderVisitor                              : loaded 2 times (x 76B)
Class [Lcom.google.common.collect.ImmutableMapEntry;                                  : loaded 2 times (x 69B)
Class org.gradle.api.internal.classpath.EffectiveClassPath                            : loaded 2 times (x 90B)
Class [Lorg.apache.commons.io.StandardLineSeparator;                                  : loaded 2 times (x 69B)
Class org.apache.commons.io.output.StringBuilderWriter                                : loaded 2 times (x 100B)
Class com.google.common.collect.ImmutableRangeSet                                     : loaded 2 times (x 115B)
Class com.google.common.collect.ListMultimap                                          : loaded 2 times (x 70B)
Class com.google.common.collect.ImmutableEnumMap                                      : loaded 2 times (x 126B)
Class com.google.common.collect.Sets$1                                                : loaded 2 times (x 139B)
Class org.objectweb.asm.AnnotationVisitor                                             : loaded 2 times (x 78B)
Class org.gradle.api.internal.DefaultClassPathProvider                                : loaded 2 times (x 76B)
Class com.google.common.collect.Sets$2                                                : loaded 2 times (x 139B)
Class [Lorg.gradle.api.internal.ClassPathProvider;                                    : loaded 2 times (x 69B)
Class org.gradle.api.internal.ClassPathProvider                                       : loaded 2 times (x 70B)
Class com.google.common.collect.Sets$3                                                : loaded 2 times (x 139B)
Class com.google.common.util.concurrent.AbstractFuture$SafeAtomicHelper               : loaded 2 times (x 79B)
Class com.google.common.cache.LocalCache$LocalLoadingCache                            : loaded 2 times (x 134B)
Class ijKotlinCoroutineJvmDebugInit1_7tivfiu5uzgnl5vto7u12ucem$_run_closure1          : loaded 2 times (x 139B)
Class org.gradle.internal.service.UnknownServiceException                             : loaded 2 times (x 83B)
Class com.google.common.collect.Sets$4                                                : loaded 2 times (x 139B)
Class org.objectweb.asm.ModuleVisitor                                                 : loaded 2 times (x 81B)
Class com.google.common.cache.LocalCache$Strength$1                                   : loaded 2 times (x 81B)
Class org.apache.commons.io.output.QueueOutputStream                                  : loaded 2 times (x 87B)
Class com.google.common.util.concurrent.SettableFuture                                : loaded 2 times (x 114B)
Class com.google.common.cache.LocalCache$Strength$2                                   : loaded 2 times (x 81B)
Class com.google.common.cache.LocalCache$Strength$3                                   : loaded 2 times (x 81B)
Class com.google.common.collect.MapDifference                                         : loaded 2 times (x 70B)
Class org.objectweb.asm.FieldWriter                                                   : loaded 2 times (x 78B)
Class com.google.common.cache.CacheBuilder$NullListener                               : loaded 2 times (x 82B)
Class org.gradle.internal.classpath.TransformedClassPath                              : loaded 2 times (x 96B)
Class org.gradle.internal.classloader.InstrumentingClassLoader                        : loaded 2 times (x 70B)
Class org.apache.commons.io.output.UnsynchronizedByteArrayOutputStream                : loaded 2 times (x 102B)
Class com.google.common.collect.ImmutableRangeSet$AsSet                               : loaded 2 times (x 300B)
Class com.google.common.cache.CacheLoader$FunctionToCacheLoader                       : loaded 2 times (x 75B)
Class com.google.common.collect.Iterators$ArrayItr                                    : loaded 2 times (x 97B)
Class com.google.common.collect.ImmutableCollection$Builder                           : loaded 2 times (x 76B)
Class org.apache.commons.io.output.ByteArrayOutputStream                              : loaded 2 times (x 102B)
Class com.google.common.base.Joiner                                                   : loaded 2 times (x 79B)
Class com.google.common.base.MoreObjects                                              : loaded 2 times (x 71B)
Class com.google.common.collect.Platform                                              : loaded 2 times (x 71B)
Class [Lorg.objectweb.asm.Type;                                                       : loaded 2 times (x 69B)
Class com.google.common.collect.UnmodifiableIterator                                  : loaded 2 times (x 80B)
Class org.gradle.internal.service.ServiceLocator                                      : loaded 2 times (x 70B)
Class com.google.common.base.Ascii                                                    : loaded 2 times (x 71B)
Class com.google.common.collect.SingletonImmutableBiMap                               : loaded 2 times (x 143B)
Class com.google.common.cache.LocalCache$1                                            : loaded 2 times (x 89B)
Class com.google.common.collect.AbstractMapEntry                                      : loaded 2 times (x 81B)
Class ijJvmDebugger1_yyhdw0yy96rttrjc51vedtah$_run_closure1$_closure2                 : loaded 2 times (x 140B)
Class com.google.common.collect.Sets$ImprovedAbstractSet                              : loaded 2 times (x 135B)
Class com.google.common.collect.ImmutableList$Builder                                 : loaded 2 times (x 77B)
Class com.google.common.collect.AbstractMultimap                                      : loaded 2 times (x 123B)
Class com.google.common.cache.LocalCache$2                                            : loaded 2 times (x 142B)
Class com.google.common.collect.ImmutableRangeSet$1                                   : loaded 2 times (x 210B)
Class com.google.common.util.concurrent.AbstractFuture$UnsafeAtomicHelper$1           : loaded 2 times (x 76B)
Class com.google.common.collect.RegularImmutableAsList                                : loaded 2 times (x 217B)
Class com.google.common.collect.Range                                                 : loaded 2 times (x 87B)
Class com.google.common.util.concurrent.AbstractFuture$Trusted                        : loaded 2 times (x 70B)
Class com.google.common.collect.Iterators                                             : loaded 2 times (x 71B)
Class com.google.common.collect.Lists$StringAsImmutableList                           : loaded 2 times (x 207B)
Class com.google.common.util.concurrent.UncheckedExecutionException                   : loaded 2 times (x 82B)
Class org.gradle.kotlin.dsl.VersionCatalogAccessorsKt                                 : loaded 2 times (x 71B)
Class org.gradle.internal.InternalTransformer                                         : loaded 2 times (x 70B)
Class com.google.common.collect.AbstractMapBasedMultimap$KeySet$1                     : loaded 2 times (x 82B)
Class org.objectweb.asm.ClassWriter                                                   : loaded 2 times (x 106B)
Class com.google.common.cache.CacheLoader$UnsupportedLoadingOperationException        : loaded 2 times (x 82B)
Class com.google.common.base.CharMatcher$And                                          : loaded 2 times (x 112B)
Class org.gradle.internal.classloader.ClasspathUtil$1                                 : loaded 2 times (x 76B)
Class org.objectweb.asm.FieldVisitor                                                  : loaded 2 times (x 77B)
Class com.google.common.collect.IndexedImmutableSet                                   : loaded 2 times (x 152B)
Class com.google.common.collect.ImmutableMap$1                                        : loaded 2 times (x 81B)
Class com.google.common.collect.BiMap                                                 : loaded 2 times (x 70B)
Class org.gradle.api.internal.classpath.DefaultModuleRegistry$DefaultModule           : loaded 2 times (x 86B)
Class com.google.common.primitives.Ints                                               : loaded 2 times (x 71B)
Class com.google.common.collect.AbstractIterator                                      : loaded 2 times (x 82B)
Class com.google.common.collect.ObjectArrays                                          : loaded 2 times (x 71B)
Class com.google.common.collect.RegularImmutableMap$KeySet                            : loaded 2 times (x 152B)
Class com.google.common.collect.ArrayListMultimapGwtSerializationDependencies         : loaded 2 times (x 172B)
Class com.google.common.collect.AbstractIndexedListIterator                           : loaded 2 times (x 96B)
Class com.google.common.math.MathPreconditions                                        : loaded 2 times (x 71B)
Class org.apache.commons.io.output.NullOutputStream                                   : loaded 2 times (x 85B)
Class com.google.common.collect.ImmutableMapEntrySet                                  : loaded 2 times (x 152B)
Class org.gradle.api.internal.classpath.Module                                        : loaded 2 times (x 70B)
Class com.google.common.cache.Weigher                                                 : loaded 2 times (x 70B)
Class org.gradle.api.internal.classpath.UnknownModuleException                        : loaded 2 times (x 82B)
Class com.google.common.base.Stopwatch                                                : loaded 2 times (x 72B)
Class com.google.common.cache.LocalCache$Strength                                     : loaded 2 times (x 81B)
Class com.google.common.cache.Cache                                                   : loaded 2 times (x 70B)
Class com.google.common.util.concurrent.AbstractFuture$Cancellation                   : loaded 2 times (x 72B)
Class com.google.common.collect.ImmutableMap$Builder                                  : loaded 2 times (x 82B)
Class com.google.common.cache.RemovalListener                                         : loaded 2 times (x 70B)
Class org.gradle.api.internal.DefaultClassPathRegistry                                : loaded 2 times (x 76B)
Class com.google.common.primitives.IntsMethodsForWeb                                  : loaded 2 times (x 71B)
Class com.google.common.collect.Multimap                                              : loaded 2 times (x 70B)
Class org.gradle.api.internal.ClassPathRegistry                                       : loaded 2 times (x 70B)
Class org.gradle.internal.classpath.DefaultClassPath$ImmutableUniqueList              : loaded 2 times (x 199B)
Class org.apache.commons.io.IOUtils                                                   : loaded 2 times (x 71B)
Class com.google.common.base.Equivalence$Identity                                     : loaded 2 times (x 82B)
Class com.google.common.cache.CacheBuilder                                            : loaded 2 times (x 72B)
Class com.google.common.collect.SingletonImmutableList                                : loaded 2 times (x 207B)
Class Settings_gradle$1                                                               : loaded 2 times (x 74B)
Class org.gradle.internal.classpath.ClassPath                                         : loaded 2 times (x 70B)
Class org.gradle.api.UncheckedIOException                                             : loaded 2 times (x 82B)
Class com.google.common.base.JdkPattern                                               : loaded 2 times (x 75B)
Class com.google.common.collect.ImmutableList$ReverseImmutableList                    : loaded 2 times (x 209B)
Class org.objectweb.asm.SymbolTable$Entry                                             : loaded 2 times (x 74B)
Class com.google.common.util.concurrent.AbstractFuture$AtomicHelper                   : loaded 2 times (x 78B)
Class org.objectweb.asm.Edge                                                          : loaded 2 times (x 72B)
Class com.google.common.base.Suppliers$SupplierOfInstance                             : loaded 2 times (x 79B)
Class com.google.common.collect.Iterators$1                                           : loaded 2 times (x 81B)
Class com.google.common.cache.LocalCache$ComputingValueReference                      : loaded 2 times (x 96B)
Class com.google.common.collect.SingletonImmutableSet                                 : loaded 2 times (x 146B)
Class com.google.common.collect.ImmutableMap$IteratorBasedImmutableMap                : loaded 2 times (x 126B)
Class com.google.common.cache.LocalCache$Segment                                      : loaded 2 times (x 154B)
Class ijJvmDebugger1_yyhdw0yy96rttrjc51vedtah$_run_closure1                           : loaded 2 times (x 139B)
Class com.google.common.collect.SortedIterable                                        : loaded 2 times (x 70B)
Class com.google.common.collect.AbstractListMultimap                                  : loaded 2 times (x 172B)
Class [Lorg.objectweb.asm.SymbolTable$Entry;                                          : loaded 2 times (x 69B)
Class com.google.common.cache.CacheLoader                                             : loaded 2 times (x 74B)
Class com.google.common.collect.Iterators$4                                           : loaded 2 times (x 82B)
Class com.google.common.collect.ImmutableBiMap                                        : loaded 2 times (x 143B)
Class org.gradle.internal.installation.GradleInstallation$1                           : loaded 2 times (x 75B)
Class org.gradle.api.internal.classpath.ModuleRegistry                                : loaded 2 times (x 70B)
Class org.apache.commons.io.output.NullWriter                                         : loaded 2 times (x 99B)
Class com.google.common.util.concurrent.internal.InternalFutureFailureAccess          : loaded 2 times (x 72B)
Class com.google.common.collect.Iterators$5                                           : loaded 2 times (x 82B)
Class com.google.common.collect.ImmutableSet$JdkBackedSetBuilderImpl                  : loaded 2 times (x 76B)
Class com.google.common.util.concurrent.AbstractFuture$UnsafeAtomicHelper             : loaded 2 times (x 78B)
Class com.google.common.cache.LocalCache$LocalManualCache$1                           : loaded 2 times (x 75B)
Class com.google.common.base.CharMatcher$ForPredicate                                 : loaded 2 times (x 112B)
Class com.google.common.base.CharMatcher$AnyOf                                        : loaded 2 times (x 112B)
Class com.google.common.collect.ImmutableCollection                                   : loaded 2 times (x 125B)
Class org.gradle.api.internal.classpath.DefaultModuleRegistry                         : loaded 2 times (x 86B)
Class com.google.common.collect.Lists                                                 : loaded 2 times (x 71B)
Class com.google.common.util.concurrent.ListenableFuture                              : loaded 2 times (x 70B)
Class com.google.common.cache.ReferenceEntry                                          : loaded 2 times (x 70B)
Class com.google.common.base.Converter                                                : loaded 2 times (x 90B)
Class com.google.common.collect.ImmutableSet$CachingAsList                            : loaded 2 times (x 148B)
Class com.google.common.collect.AbstractMapBasedMultimap                              : loaded 2 times (x 139B)
Class com.google.common.util.concurrent.AbstractFuture                                : loaded 2 times (x 106B)
Class com.google.common.base.FunctionalEquivalence                                    : loaded 2 times (x 83B)
Class com.google.common.collect.Iterators$9                                           : loaded 2 times (x 81B)
Class com.google.common.collect.ImmutableAsList                                       : loaded 2 times (x 209B)
Class org.objectweb.asm.RecordComponentVisitor                                        : loaded 2 times (x 77B)
Class com.google.common.cache.CacheLoader$SupplierToCacheLoader                       : loaded 2 times (x 75B)
Class com.google.common.collect.Maps$EntryTransformer                                 : loaded 2 times (x 70B)
Class org.gradle.internal.service.ServiceLookupException                              : loaded 2 times (x 82B)
Class com.google.common.collect.ImmutableSortedSet                                    : loaded 2 times (x 300B)
Class [Lcom.google.common.cache.LocalCache$EntryFactory;                              : loaded 2 times (x 69B)
Class org.gradle.internal.classloader.ClassLoaderFactory                              : loaded 2 times (x 70B)
Class org.apache.commons.io.CloseableURLConnection                                    : loaded 2 times (x 116B)
Class com.google.common.base.CommonPattern                                            : loaded 2 times (x 74B)
Class com.google.common.cache.LocalCache$LocalManualCache                             : loaded 2 times (x 99B)
Class com.google.common.base.CharMatcher$IsNot                                        : loaded 2 times (x 111B)
Class org.gradle.internal.service.CachingServiceLocator                               : loaded 2 times (x 82B)
Class com.google.common.collect.AbstractMapBasedMultimap$KeySet                       : loaded 2 times (x 137B)
Class com.google.common.collect.RegularImmutableSortedSet                             : loaded 2 times (x 300B)
Class com.google.common.math.IntMath                                                  : loaded 2 times (x 71B)
Class com.google.common.collect.ImmutableMapEntry                                     : loaded 2 times (x 85B)
Class com.google.common.base.Equivalence                                              : loaded 2 times (x 82B)
Class com.google.common.base.Function                                                 : loaded 2 times (x 70B)
Class com.google.common.collect.ImmutableMapEntry$NonTerminalImmutableMapEntry        : loaded 2 times (x 85B)
Class org.apache.commons.io.output.AbstractByteArrayOutputStream                      : loaded 2 times (x 102B)
Class com.google.common.cache.CacheBuilder$OneWeigher                                 : loaded 2 times (x 82B)
Class com.google.common.collect.RegularImmutableList                                  : loaded 2 times (x 213B)
Class org.gradle.internal.classloader.ClasspathUtil                                   : loaded 2 times (x 71B)
Class com.google.common.base.Charsets                                                 : loaded 2 times (x 71B)
Class com.google.common.util.concurrent.Uninterruptibles                              : loaded 2 times (x 71B)
Class com.google.common.collect.Maps                                                  : loaded 2 times (x 71B)
Class org.gradle.api.specs.Spec                                                       : loaded 2 times (x 70B)
Class [Lcom.google.common.collect.ImmutableEntry;                                     : loaded 2 times (x 69B)
Class com.google.common.cache.LocalCache$LoadingValueReference                        : loaded 2 times (x 96B)
Class com.google.common.collect.Multiset                                              : loaded 2 times (x 70B)
Class com.google.common.base.Platform                                                 : loaded 2 times (x 71B)
Class com.google.common.collect.Maps$8                                                : loaded 2 times (x 82B)
Class ijKotlinCoroutineJvmDebugInit1_7tivfiu5uzgnl5vto7u12ucem                        : loaded 2 times (x 179B)
Class com.google.common.collect.ImmutableRangeSet$Builder                             : loaded 2 times (x 77B)
Class com.google.common.collect.Sets$SetView                                          : loaded 2 times (x 138B)
Class com.google.common.cache.LocalCache$StrongValueReference                         : loaded 2 times (x 90B)
Class com.google.common.util.concurrent.AbstractFuture$SynchronizedHelper             : loaded 2 times (x 78B)
Class org.objectweb.asm.Type                                                          : loaded 2 times (x 72B)
Class ijJvmDebugger1_yyhdw0yy96rttrjc51vedtah                                         : loaded 2 times (x 179B)
Class org.gradle.internal.classloader.VisitableURLClassLoader$InstrumentingVisitableURLClassLoader: loaded 2 times (x 123B)
Class org.objectweb.asm.ByteVector                                                    : loaded 2 times (x 79B)
Class [Lcom.google.common.cache.CacheBuilder$NullListener;                            : loaded 2 times (x 69B)
Class com.google.common.math.IntMath$1                                                : loaded 2 times (x 71B)
Class org.gradle.internal.classloader.VisitableURLClassLoader$Spec                    : loaded 2 times (x 74B)
Class org.gradle.internal.classpath.DefaultClassPath                                  : loaded 2 times (x 90B)
Class org.objectweb.asm.Symbol                                                        : loaded 2 times (x 73B)
Class com.google.common.base.CharMatcher$Ascii                                        : loaded 2 times (x 112B)
Class com.google.common.base.CharMatcher$BitSetMatcher                                : loaded 2 times (x 112B)
Class com.google.common.collect.ImmutableSet                                          : loaded 2 times (x 145B)
Class com.google.common.collect.RegularImmutableMap$Values                            : loaded 2 times (x 207B)
Class org.gradle.internal.classloader.ClassLoaderSpec                                 : loaded 2 times (x 71B)
Class org.objectweb.asm.AnnotationWriter                                              : loaded 2 times (x 79B)
Class com.google.common.cache.CacheStats                                              : loaded 2 times (x 71B)
Class org.objectweb.asm.RecordComponentWriter                                         : loaded 2 times (x 78B)
Class com.google.common.util.concurrent.AbstractFuture$Listener                       : loaded 2 times (x 72B)
Class com.google.common.base.CharMatcher$Or                                           : loaded 2 times (x 112B)
Class Settings_gradle$1$1                                                             : loaded 2 times (x 74B)
Class org.objectweb.asm.Attribute                                                     : loaded 2 times (x 77B)
Class com.google.common.base.Supplier                                                 : loaded 2 times (x 70B)
Class org.gradle.internal.classloader.VisitableURLClassLoader                         : loaded 2 times (x 117B)
Class com.google.common.util.concurrent.AbstractFuture$Waiter                         : loaded 2 times (x 72B)
Class Settings_gradle                                                                 : loaded 2 times (x 128B)
Class org.gradle.internal.Cast                                                        : loaded 2 times (x 71B)
Class org.gradle.api.Action                                                           : loaded 2 times (x 70B)
Class com.google.common.base.Strings                                                  : loaded 2 times (x 71B)
Class com.google.common.collect.Sets                                                  : loaded 2 times (x 71B)
Class org.objectweb.asm.Handler                                                       : loaded 2 times (x 72B)
Class com.google.common.base.Ticker                                                   : loaded 2 times (x 72B)
Class com.google.common.base.CharMatcher$FastMatcher                                  : loaded 2 times (x 111B)
Class [Lcom.google.common.cache.LocalCache$Segment;                                   : loaded 2 times (x 69B)
Class [Lcom.google.common.cache.LocalCache$Strength;                                  : loaded 2 times (x 69B)
Class com.google.common.cache.CacheBuilder$1                                          : loaded 2 times (x 85B)
Class com.google.common.base.Predicate                                                : loaded 2 times (x 70B)
Class com.google.common.collect.ImmutableMap                                          : loaded 2 times (x 120B)
Class org.gradle.internal.classpath.DefaultClassPath$ImmutableUniqueList$Builder      : loaded 2 times (x 75B)
Class com.google.common.collect.AbstractRangeSet                                      : loaded 2 times (x 114B)
Class com.google.common.cache.LocalCache                                              : loaded 2 times (x 187B)
Class com.google.common.cache.CacheBuilder$2                                          : loaded 2 times (x 79B)
Class com.google.common.base.CharMatcher$NegatedFastMatcher                           : loaded 2 times (x 113B)
Class com.google.common.collect.ArrayListMultimap                                     : loaded 2 times (x 172B)
Class com.google.common.cache.CacheBuilder$3                                          : loaded 2 times (x 72B)
Class [Lcom.google.common.collect.AbstractMapEntry;                                   : loaded 2 times (x 69B)
Class com.google.common.collect.ImmutableEntry                                        : loaded 2 times (x 82B)
Class org.gradle.api.GradleException                                                  : loaded 2 times (x 82B)
Class org.apache.commons.io.StandardLineSeparator                                     : loaded 2 times (x 79B)
Class com.google.common.collect.CollectPreconditions                                  : loaded 2 times (x 71B)
Class com.google.common.collect.SortedMapDifference                                   : loaded 2 times (x 70B)
Class com.google.common.cache.LocalCache$EntryFactory                                 : loaded 2 times (x 83B)
Class com.google.common.cache.LocalCache$AbstractReferenceEntry                       : loaded 2 times (x 107B)
Class org.gradle.internal.IoActions                                                   : loaded 2 times (x 71B)
Class com.google.common.collect.ImmutableRangeSet$ComplementRanges                    : loaded 2 times (x 207B)
Class org.objectweb.asm.SymbolTable                                                   : loaded 2 times (x 72B)
Class com.google.common.cache.CacheLoader$InvalidCacheLoadException                   : loaded 2 times (x 82B)
Class com.google.common.collect.ImmutableSet$RegularSetBuilderImpl                    : loaded 2 times (x 77B)
Class org.gradle.internal.classloader.SystemClassLoaderSpec                           : loaded 2 times (x 71B)
Class com.google.common.cache.LocalCache$StrongEntry                                  : loaded 2 times (x 108B)
Class com.google.common.util.concurrent.AbstractFuture$TrustedFuture                  : loaded 2 times (x 114B)
Class com.google.common.cache.LoadingCache                                            : loaded 2 times (x 70B)
Class org.objectweb.asm.MethodWriter                                                  : loaded 2 times (x 106B)
Class [Lcom.google.common.cache.Weigher;                                              : loaded 2 times (x 69B)
Class com.google.common.collect.RegularImmutableMap$BucketOverflowException           : loaded 2 times (x 82B)
Class com.google.common.collect.RegularImmutableBiMap                                 : loaded 2 times (x 149B)
Class com.google.common.cache.LocalCache$ValueReference                               : loaded 2 times (x 70B)
Class com.google.common.base.CharMatcher$Negated                                      : loaded 2 times (x 113B)
Class com.google.common.base.CharMatcher$Is                                           : loaded 2 times (x 111B)
Class com.google.common.base.PatternCompiler                                          : loaded 2 times (x 70B)
Class com.google.common.util.concurrent.AbstractFuture$Failure                        : loaded 2 times (x 72B)
Class com.google.common.base.Equivalence$Equals                                       : loaded 2 times (x 82B)
Class com.google.common.collect.Hashing                                               : loaded 2 times (x 71B)
Class com.google.common.base.Preconditions                                            : loaded 2 times (x 71B)
Class com.google.common.base.Joiner$1                                                 : loaded 2 times (x 80B)
Class org.objectweb.asm.Label                                                         : loaded 2 times (x 73B)
Class org.objectweb.asm.CurrentFrame                                                  : loaded 2 times (x 73B)
Class org.objectweb.asm.ClassTooLargeException                                        : loaded 2 times (x 83B)
Class com.google.common.base.CharMatcher                                              : loaded 2 times (x 111B)
Class com.google.common.collect.PeekingIterator                                       : loaded 2 times (x 70B)
Class com.google.common.collect.RangeGwtSerializationDependencies                     : loaded 2 times (x 71B)
Class com.google.common.base.Joiner$2                                                 : loaded 2 times (x 79B)
Class org.objectweb.asm.Frame                                                         : loaded 2 times (x 73B)
Class org.objectweb.asm.MethodVisitor                                                 : loaded 2 times (x 105B)
Class com.google.common.cache.LocalCache$EntryFactory$1                               : loaded 2 times (x 83B)
Class [Lcom.google.common.cache.RemovalListener;                                      : loaded 2 times (x 69B)
Class com.google.common.base.CharMatcher$1                                            : loaded 2 times (x 113B)
Class com.google.common.base.CharMatcher$NamedFastMatcher                             : loaded 2 times (x 112B)
Class com.google.common.collect.RangeSet                                              : loaded 2 times (x 70B)
Class com.google.common.cache.LocalCache$EntryFactory$2                               : loaded 2 times (x 83B)
Class org.gradle.api.internal.classpath.GlobalCacheRootsProvider                      : loaded 2 times (x 70B)
Class com.google.common.collect.CollectCollectors                                     : loaded 2 times (x 71B)
Class org.objectweb.asm.ModuleWriter                                                  : loaded 2 times (x 82B)
Class com.google.common.cache.LocalCache$EntryFactory$3                               : loaded 2 times (x 83B)
Class com.google.common.base.Ticker$1                                                 : loaded 2 times (x 72B)
Class com.google.common.collect.Maps$BiMapConverter                                   : loaded 2 times (x 90B)
Class com.google.common.collect.ImmutableMapEntrySet$RegularEntrySet                  : loaded 2 times (x 152B)
Class com.google.common.cache.LocalCache$EntryFactory$4                               : loaded 2 times (x 83B)
Class com.google.common.base.CharMatcher$InRange                                      : loaded 2 times (x 111B)
Class com.google.common.collect.ImmutableSet$Builder                                  : loaded 2 times (x 85B)
Class com.google.common.cache.LocalCache$EntryFactory$5                               : loaded 2 times (x 83B)
Class com.google.common.base.PairwiseEquivalence                                      : loaded 2 times (x 83B)
Class org.apache.commons.io.output.AppendableWriter                                   : loaded 2 times (x 100B)
Class com.google.common.cache.LocalCache$EntryFactory$6                               : loaded 2 times (x 83B)
Class org.gradle.internal.installation.CurrentGradleInstallationLocator               : loaded 2 times (x 71B)
Class org.apache.commons.io.output.ThresholdingOutputStream                           : loaded 2 times (x 95B)
Class com.google.common.collect.Maps$KeySet                                           : loaded 2 times (x 137B)
Class com.google.common.cache.LocalCache$EntryFactory$7                               : loaded 2 times (x 83B)
Class com.google.common.collect.ImmutableSet$EmptySetBuilderImpl                      : loaded 2 times (x 76B)
Class com.google.common.collect.ImmutableList                                         : loaded 2 times (x 206B)
Class org.gradle.internal.service.DefaultServiceLocator                               : loaded 2 times (x 83B)
Class com.google.common.cache.LocalCache$EntryFactory$8                               : loaded 2 times (x 83B)
Class com.google.common.collect.ImmutableSet$SetBuilderImpl                           : loaded 2 times (x 76B)
Class org.gradle.internal.installation.CurrentGradleInstallation                      : loaded 2 times (x 73B)
Class com.google.common.cache.CacheLoader$1                                           : loaded 2 times (x 75B)
Class com.google.common.collect.ImmutableList$SubList                                 : loaded 2 times (x 209B)
Class org.gradle.util.internal.GUtil                                                  : loaded 2 times (x 71B)
Class com.google.common.util.concurrent.AbstractFuture$SetFuture                      : loaded 2 times (x 75B)
Class com.google.common.cache.AbstractCache$StatsCounter                              : loaded 2 times (x 70B)
Class com.google.common.collect.Iterators$MergingIterator                             : loaded 2 times (x 81B)
Class com.google.common.collect.RegularImmutableSet                                   : loaded 2 times (x 149B)
Class org.gradle.internal.installation.GradleInstallation                             : loaded 2 times (x 75B)
Class com.google.common.collect.Iterables                                             : loaded 2 times (x 71B)

---------------  S Y S T E M  ---------------

OS:
 Windows 11 , 64 bit Build 26100 (10.0.26100.7623)
OS uptime: 12 days 7:54 hours

CPU: total 8 (initial active 8) (4 cores per cpu, 2 threads per core) family 6 model 151 stepping 5 microcode 0x38, cx8, cmov, fxsr, ht, mmx, 3dnowpref, sse, sse2, sse3, ssse3, sse4.1, sse4.2, popcnt, lzcnt, tsc, tscinvbit, avx, avx2, aes, erms, clmul, bmi1, bmi2, adx, sha, fma, vzeroupper, clflush, clflushopt, clwb, serialize, rdtscp, rdpid, fsrm, f16c, pku, cet_ibt, cet_ss
Processor Information for the first 8 processors :
  Max Mhz: 3300, Current Mhz: 3300, Mhz Limit: 3300

Memory: 4k page, system-wide physical 16153M (2513M free)
TotalPageFile size 23646M (AvailPageFile size 6M)
current process WorkingSet (physical memory assigned to process): 515M, peak: 515M
current process commit charge ("private bytes"): 563M, peak: 565M

vm_info: OpenJDK 64-Bit Server VM (21.0.8+-14018985-b1038.68) for windows-amd64 JRE (21.0.8+-14018985-b1038.68), built on 2025-08-29T19:56:34Z by "builder" with MS VC++ 16.10 / 16.11 (VS2019)

END.
