#
# There is insufficient memory for the Java Runtime Environment to continue.
# Native memory allocation (malloc) failed to allocate 1738896 bytes. Error detail: Chunk::new
# Possible reasons:
#   The system is out of physical RAM or swap space
#   This process is running with CompressedOops enabled, and the Java Heap may be blocking the growth of the native heap
# Possible solutions:
#   Reduce memory load on the system
#   Increase physical memory or swap space
#   Check if swap backing store is full
#   Decrease Java heap size (-Xmx/-Xms)
#   Decrease number of Java threads
#   Decrease Java thread stack sizes (-Xss)
#   Set larger code cache with -XX:ReservedCodeCacheSize=
#   JVM is running with Unscaled Compressed Oops mode in which the Java heap is
#     placed in the first 4GB address space. The Java Heap base address is the
#     maximum limit for the native heap growth. Please use -XX:HeapBaseMinAddress
#     to set the Java Heap base and to place the Java Heap above 4GB virtual address.
# This output file may be truncated or incomplete.
#
#  Out of Memory Error (arena.cpp:168), pid=20208, tid=21364
#
# JRE version: OpenJDK Runtime Environment (21.0.8) (build 21.0.8+-14018985-b1038.68)
# Java VM: OpenJDK 64-Bit Server VM (21.0.8+-14018985-b1038.68, mixed mode, tiered, compressed oops, compressed class ptrs, g1 gc, windows-amd64)
# No core dump will be written. Minidumps are not enabled by default on client versions of Windows
#

---------------  S U M M A R Y ------------

Command Line: --add-opens=java.base/java.lang=ALL-UNNAMED --add-opens=java.base/java.lang.invoke=ALL-UNNAMED --add-opens=java.base/java.util=ALL-UNNAMED --add-opens=java.prefs/java.util.prefs=ALL-UNNAMED --add-exports=jdk.compiler/com.sun.tools.javac.api=ALL-UNNAMED --add-exports=jdk.compiler/com.sun.tools.javac.util=ALL-UNNAMED --add-opens=java.base/java.util=ALL-UNNAMED --add-opens=java.prefs/java.util.prefs=ALL-UNNAMED --add-opens=java.base/java.nio.charset=ALL-UNNAMED --add-opens=java.base/java.net=ALL-UNNAMED --add-opens=java.base/java.util.concurrent.atomic=ALL-UNNAMED --add-opens=java.xml/javax.xml.namespace=ALL-UNNAMED -XX:+UseG1GC -XX:MaxGCPauseMillis=1000 -Xmx1536m -Dfile.encoding=UTF-8 -Duser.country=US -Duser.language=en -Duser.variant -javaagent:C:\Users\ajays\.gradle\wrapper\dists\gradle-8.13-bin\5xuhj0ry160q40clulazy9h7d\gradle-8.13\lib\agents\gradle-instrumentation-agent-8.13.jar org.gradle.launcher.daemon.bootstrap.GradleDaemon 8.13

Host: 12th Gen Intel(R) Core(TM) i3-12100, 8 cores, 15G,  Windows 11 , 64 bit Build 26100 (10.0.26100.7623)
Time: Tue Jan 27 00:38:40 2026 India Standard Time elapsed time: 10.637557 seconds (0d 0h 0m 10s)

---------------  T H R E A D  ---------------

Current thread (0x000002010f096130):  JavaThread "C2 CompilerThread2" daemon [_thread_in_native, id=21364, stack(0x000000b025c00000,0x000000b025d00000) (1024K)]


Current CompileTask:
C2:10637 13193       4       org.gradle.internal.instantiation.generator.AbstractClassGenerator::inspectType (602 bytes)

Stack: [0x000000b025c00000,0x000000b025d00000]
Native frames: (J=compiled Java code, j=interpreted, Vv=VM code, C=native code)
V  [jvm.dll+0x6d68d9]
V  [jvm.dll+0x866693]
V  [jvm.dll+0x868c4e]
V  [jvm.dll+0x869333]
V  [jvm.dll+0x280566]
V  [jvm.dll+0xc07cd]
V  [jvm.dll+0xc0d03]
V  [jvm.dll+0x3b961b]
V  [jvm.dll+0x1dfb24]
V  [jvm.dll+0x2493a4]
V  [jvm.dll+0x248821]
V  [jvm.dll+0x1c73a4]
V  [jvm.dll+0x257f9e]
V  [jvm.dll+0x2564e6]
V  [jvm.dll+0x3f4696]
V  [jvm.dll+0x80eac8]
V  [jvm.dll+0x6d512d]
C  [ucrtbase.dll+0x37b0]
C  [KERNEL32.DLL+0x2e8d7]
C  [ntdll.dll+0x8c53c]


---------------  P R O C E S S  ---------------

Threads class SMR info:
_java_thread_list=0x000002011075ec90, length=107, elements={
0x000002016f63dd80, 0x000002017745e670, 0x000002017746dfa0, 0x0000020177463c80,
0x000002017748fa10, 0x0000020177490470, 0x0000020177491fb0, 0x00000201774931b0,
0x00000201774a92b0, 0x00000201774aa4f0, 0x00000201777682a0, 0x000002017dd997b0,
0x000002017dd6e930, 0x000002017def1010, 0x000002017de44f30, 0x000002017de455a0,
0x000002017e038780, 0x000002017de39010, 0x000002017df0b040, 0x000002017df0ca80,
0x000002017df0b6d0, 0x000002017df0d110, 0x000002017df0bd60, 0x000002017df0c3f0,
0x000002017df0de30, 0x000002017df0e4c0, 0x000002010f570b00, 0x000002010f56f750,
0x000002010f571820, 0x000002010f56ea30, 0x000002010f56fde0, 0x000002010f570470,
0x000002010f572540, 0x000002010f571190, 0x000002010f571eb0, 0x000002010f56f0c0,
0x000002010f572bd0, 0x000002010f575330, 0x000002010f573f80, 0x000002010f576050,
0x000002010f574ca0, 0x000002010f573260, 0x000002010f5738f0, 0x0000020110a79240,
0x0000020110a77170, 0x0000020110a77800, 0x0000020110a76ae0, 0x0000020110a79f60,
0x0000020110a78bb0, 0x0000020110a798d0, 0x0000020110a77e90, 0x0000020110a78520,
0x000002017eea1e50, 0x000002017ee9f6f0, 0x000002017eea24e0, 0x000002017eea0aa0,
0x000002017eea1130, 0x000002017eea17c0, 0x000002017eea52d0, 0x000002017eea5960,
0x000002017eea4c40, 0x000002017eea3890, 0x000002017eea5ff0, 0x000002017eea6680,
0x000002017eea3f20, 0x000002017eea45b0, 0x0000020111bc9aa0, 0x0000020111bcb4e0,
0x0000020111bc8060, 0x0000020111bcbb70, 0x0000020111bc86f0, 0x0000020111bcc200,
0x0000020111bc8d80, 0x0000020111bcc890, 0x0000020111bca7c0, 0x0000020111bc9410,
0x0000020111bcd5b0, 0x0000020111bccf20, 0x0000020111bca130, 0x0000020111bcae50,
0x0000020111bcf680, 0x0000020111bce960, 0x0000020111bceff0, 0x000002011078a030,
0x000002011078ad50, 0x00000201107899a0, 0x000002011078b3e0, 0x000002011078ba70,
0x00000201107885f0, 0x000002011078c100, 0x000002011078a6c0, 0x000002011176b120,
0x000002017f67f270, 0x000002017f67d1a0, 0x000002017f67bdf0, 0x000002017f67f900,
0x000002017f67ff90, 0x000002017f67cb10, 0x000002017f681340, 0x000002017f6819d0,
0x000002017f680cb0, 0x000002017f680620, 0x000002017f683410, 0x000002010f095a60,
0x000002010f096130, 0x000002011078fc10, 0x0000020112ba5080
}

Java Threads: ( => current thread )
  0x000002016f63dd80 JavaThread "main"                              [_thread_blocked, id=24560, stack(0x000000b01e500000,0x000000b01e600000) (1024K)]
  0x000002017745e670 JavaThread "Common-Cleaner"             daemon [_thread_blocked, id=27824, stack(0x000000b01ed00000,0x000000b01ee00000) (1024K)]
  0x000002017746dfa0 JavaThread "Reference Handler"          daemon [_thread_blocked, id=6004, stack(0x000000b01ee00000,0x000000b01ef00000) (1024K)]
  0x0000020177463c80 JavaThread "Finalizer"                  daemon [_thread_blocked, id=1580, stack(0x000000b01ef00000,0x000000b01f000000) (1024K)]
  0x000002017748fa10 JavaThread "Signal Dispatcher"          daemon [_thread_blocked, id=30348, stack(0x000000b01f000000,0x000000b01f100000) (1024K)]
  0x0000020177490470 JavaThread "Attach Listener"            daemon [_thread_blocked, id=11092, stack(0x000000b01f100000,0x000000b01f200000) (1024K)]
  0x0000020177491fb0 JavaThread "Service Thread"             daemon [_thread_blocked, id=14060, stack(0x000000b01f200000,0x000000b01f300000) (1024K)]
  0x00000201774931b0 JavaThread "Monitor Deflation Thread"   daemon [_thread_blocked, id=14408, stack(0x000000b01f300000,0x000000b01f400000) (1024K)]
  0x00000201774a92b0 JavaThread "C2 CompilerThread0"         daemon [_thread_blocked, id=12320, stack(0x000000b01f400000,0x000000b01f500000) (1024K)]
  0x00000201774aa4f0 JavaThread "C1 CompilerThread0"         daemon [_thread_blocked, id=8560, stack(0x000000b01f500000,0x000000b01f600000) (1024K)]
  0x00000201777682a0 JavaThread "Notification Thread"        daemon [_thread_blocked, id=32320, stack(0x000000b01f600000,0x000000b01f700000) (1024K)]
  0x000002017dd997b0 JavaThread "Daemon health stats"               [_thread_blocked, id=31428, stack(0x000000b01f900000,0x000000b01fa00000) (1024K)]
  0x000002017dd6e930 JavaThread "Incoming local TCP Connector on port 55113"        [_thread_in_native, id=9852, stack(0x000000b01fa00000,0x000000b01fb00000) (1024K)]
  0x000002017def1010 JavaThread "Daemon periodic checks"            [_thread_blocked, id=29088, stack(0x000000b01fb00000,0x000000b01fc00000) (1024K)]
  0x000002017de44f30 JavaThread "Daemon"                            [_thread_blocked, id=24288, stack(0x000000b01fc00000,0x000000b01fd00000) (1024K)]
  0x000002017de455a0 JavaThread "Handler for socket connection from /127.0.0.1:55113 to /127.0.0.1:55114"        [_thread_in_native, id=25564, stack(0x000000b01fd00000,0x000000b01fe00000) (1024K)]
  0x000002017e038780 JavaThread "Cancel handler"                    [_thread_blocked, id=26760, stack(0x000000b01fe00000,0x000000b01ff00000) (1024K)]
  0x000002017de39010 JavaThread "Daemon worker"                     [_thread_in_native, id=24332, stack(0x000000b01ff00000,0x000000b020000000) (1024K)]
  0x000002017df0b040 JavaThread "Asynchronous log dispatcher for DefaultDaemonConnection: socket connection from /127.0.0.1:55113 to /127.0.0.1:55114"        [_thread_blocked, id=23544, stack(0x000000b020000000,0x000000b020100000) (1024K)]
  0x000002017df0ca80 JavaThread "Stdin handler"                     [_thread_blocked, id=22872, stack(0x000000b020900000,0x000000b020a00000) (1024K)]
  0x000002017df0b6d0 JavaThread "Daemon client event forwarder"        [_thread_blocked, id=19716, stack(0x000000b020a00000,0x000000b020b00000) (1024K)]
  0x000002017df0d110 JavaThread "Cache worker for journal cache (C:\Users\ajays\.gradle\caches\journal-1)"        [_thread_blocked, id=31000, stack(0x000000b020b00000,0x000000b020c00000) (1024K)]
  0x000002017df0bd60 JavaThread "File lock request listener"        [_thread_in_native, id=27828, stack(0x000000b020c00000,0x000000b020d00000) (1024K)]
  0x000002017df0c3f0 JavaThread "Cache worker for file hash cache (C:\Users\ajays\.gradle\caches\8.13\fileHashes)"        [_thread_blocked, id=22648, stack(0x000000b020d00000,0x000000b020e00000) (1024K)]
  0x000002017df0de30 JavaThread "Cache worker for file hash cache (D:\android\Teamozy\.gradle\8.13\fileHashes)"        [_thread_blocked, id=16284, stack(0x000000b020e00000,0x000000b020f00000) (1024K)]
  0x000002017df0e4c0 JavaThread "Cache worker for Build Output Cleanup Cache (D:\android\Teamozy\.gradle\buildOutputCleanup)"        [_thread_blocked, id=6416, stack(0x000000b020f00000,0x000000b021000000) (1024K)]
  0x000002010f570b00 JavaThread "File watcher server"        daemon [_thread_in_native, id=23100, stack(0x000000b021000000,0x000000b021100000) (1024K)]
  0x000002010f56f750 JavaThread "File watcher consumer"      daemon [_thread_blocked, id=12956, stack(0x000000b021100000,0x000000b021200000) (1024K)]
  0x000002010f571820 JavaThread "jar transforms"                    [_thread_blocked, id=5444, stack(0x000000b021200000,0x000000b021300000) (1024K)]
  0x000002010f56ea30 JavaThread "jar transforms Thread 2"           [_thread_blocked, id=5508, stack(0x000000b021300000,0x000000b021400000) (1024K)]
  0x000002010f56fde0 JavaThread "jar transforms Thread 3"           [_thread_blocked, id=7072, stack(0x000000b021400000,0x000000b021500000) (1024K)]
  0x000002010f570470 JavaThread "jar transforms Thread 4"           [_thread_blocked, id=24688, stack(0x000000b021500000,0x000000b021600000) (1024K)]
  0x000002010f572540 JavaThread "jar transforms Thread 5"           [_thread_blocked, id=28820, stack(0x000000b021600000,0x000000b021700000) (1024K)]
  0x000002010f571190 JavaThread "jar transforms Thread 6"           [_thread_blocked, id=8544, stack(0x000000b021700000,0x000000b021800000) (1024K)]
  0x000002010f571eb0 JavaThread "jar transforms Thread 7"           [_thread_blocked, id=27452, stack(0x000000b021800000,0x000000b021900000) (1024K)]
  0x000002010f56f0c0 JavaThread "jar transforms Thread 8"           [_thread_blocked, id=6908, stack(0x000000b021900000,0x000000b021a00000) (1024K)]
  0x000002010f572bd0 JavaThread "Cache worker for checksums cache (D:\android\Teamozy\.gradle\8.13\checksums)"        [_thread_blocked, id=7456, stack(0x000000b021a00000,0x000000b021b00000) (1024K)]
  0x000002010f575330 JavaThread "Cache worker for file content cache (C:\Users\ajays\.gradle\caches\8.13\fileContent)"        [_thread_blocked, id=28684, stack(0x000000b021b00000,0x000000b021c00000) (1024K)]
  0x000002010f573f80 JavaThread "Cache worker for cache directory md-supplier (C:\Users\ajays\.gradle\caches\8.13\md-supplier)"        [_thread_blocked, id=25492, stack(0x000000b021c00000,0x000000b021d00000) (1024K)]
  0x000002010f576050 JavaThread "Cache worker for cache directory md-rule (C:\Users\ajays\.gradle\caches\8.13\md-rule)"        [_thread_blocked, id=20824, stack(0x000000b021d00000,0x000000b021e00000) (1024K)]
  0x000002010f574ca0 JavaThread "Unconstrained build operations"        [_thread_blocked, id=9284, stack(0x000000b021e00000,0x000000b021f00000) (1024K)]
  0x000002010f573260 JavaThread "Unconstrained build operations Thread 2"        [_thread_blocked, id=24380, stack(0x000000b021f00000,0x000000b022000000) (1024K)]
  0x000002010f5738f0 JavaThread "Unconstrained build operations Thread 3"        [_thread_blocked, id=11068, stack(0x000000b022000000,0x000000b022100000) (1024K)]
  0x0000020110a79240 JavaThread "Unconstrained build operations Thread 4"        [_thread_blocked, id=10352, stack(0x000000b022100000,0x000000b022200000) (1024K)]
  0x0000020110a77170 JavaThread "Unconstrained build operations Thread 5"        [_thread_blocked, id=12552, stack(0x000000b022200000,0x000000b022300000) (1024K)]
  0x0000020110a77800 JavaThread "Unconstrained build operations Thread 6"        [_thread_blocked, id=17388, stack(0x000000b022300000,0x000000b022400000) (1024K)]
  0x0000020110a76ae0 JavaThread "Unconstrained build operations Thread 7"        [_thread_blocked, id=5756, stack(0x000000b022400000,0x000000b022500000) (1024K)]
  0x0000020110a79f60 JavaThread "Unconstrained build operations Thread 8"        [_thread_blocked, id=32596, stack(0x000000b022500000,0x000000b022600000) (1024K)]
  0x0000020110a78bb0 JavaThread "Unconstrained build operations Thread 9"        [_thread_blocked, id=19368, stack(0x000000b022600000,0x000000b022700000) (1024K)]
  0x0000020110a798d0 JavaThread "Unconstrained build operations Thread 10"        [_thread_blocked, id=7236, stack(0x000000b022700000,0x000000b022800000) (1024K)]
  0x0000020110a77e90 JavaThread "Unconstrained build operations Thread 11"        [_thread_blocked, id=27192, stack(0x000000b022800000,0x000000b022900000) (1024K)]
  0x0000020110a78520 JavaThread "Unconstrained build operations Thread 12"        [_thread_blocked, id=21360, stack(0x000000b022900000,0x000000b022a00000) (1024K)]
  0x000002017eea1e50 JavaThread "Unconstrained build operations Thread 13"        [_thread_blocked, id=22636, stack(0x000000b022a00000,0x000000b022b00000) (1024K)]
  0x000002017ee9f6f0 JavaThread "Unconstrained build operations Thread 14"        [_thread_blocked, id=31536, stack(0x000000b022b00000,0x000000b022c00000) (1024K)]
  0x000002017eea24e0 JavaThread "Unconstrained build operations Thread 15"        [_thread_blocked, id=21944, stack(0x000000b022c00000,0x000000b022d00000) (1024K)]
  0x000002017eea0aa0 JavaThread "Unconstrained build operations Thread 16"        [_thread_blocked, id=8272, stack(0x000000b022d00000,0x000000b022e00000) (1024K)]
  0x000002017eea1130 JavaThread "Unconstrained build operations Thread 17"        [_thread_blocked, id=28788, stack(0x000000b022e00000,0x000000b022f00000) (1024K)]
  0x000002017eea17c0 JavaThread "Unconstrained build operations Thread 18"        [_thread_blocked, id=17628, stack(0x000000b022f00000,0x000000b023000000) (1024K)]
  0x000002017eea52d0 JavaThread "Unconstrained build operations Thread 19"        [_thread_blocked, id=9440, stack(0x000000b023000000,0x000000b023100000) (1024K)]
  0x000002017eea5960 JavaThread "Unconstrained build operations Thread 20"        [_thread_blocked, id=1280, stack(0x000000b023100000,0x000000b023200000) (1024K)]
  0x000002017eea4c40 JavaThread "Unconstrained build operations Thread 21"        [_thread_blocked, id=26088, stack(0x000000b023200000,0x000000b023300000) (1024K)]
  0x000002017eea3890 JavaThread "Unconstrained build operations Thread 22"        [_thread_blocked, id=21848, stack(0x000000b023300000,0x000000b023400000) (1024K)]
  0x000002017eea5ff0 JavaThread "Unconstrained build operations Thread 23"        [_thread_blocked, id=31584, stack(0x000000b023400000,0x000000b023500000) (1024K)]
  0x000002017eea6680 JavaThread "Unconstrained build operations Thread 24"        [_thread_blocked, id=29132, stack(0x000000b023500000,0x000000b023600000) (1024K)]
  0x000002017eea3f20 JavaThread "Unconstrained build operations Thread 25"        [_thread_blocked, id=7928, stack(0x000000b023600000,0x000000b023700000) (1024K)]
  0x000002017eea45b0 JavaThread "Unconstrained build operations Thread 26"        [_thread_blocked, id=22172, stack(0x000000b023700000,0x000000b023800000) (1024K)]
  0x0000020111bc9aa0 JavaThread "Unconstrained build operations Thread 27"        [_thread_blocked, id=7496, stack(0x000000b023800000,0x000000b023900000) (1024K)]
  0x0000020111bcb4e0 JavaThread "Unconstrained build operations Thread 28"        [_thread_blocked, id=26792, stack(0x000000b023900000,0x000000b023a00000) (1024K)]
  0x0000020111bc8060 JavaThread "Unconstrained build operations Thread 29"        [_thread_blocked, id=26024, stack(0x000000b023a00000,0x000000b023b00000) (1024K)]
  0x0000020111bcbb70 JavaThread "Unconstrained build operations Thread 30"        [_thread_blocked, id=20352, stack(0x000000b023b00000,0x000000b023c00000) (1024K)]
  0x0000020111bc86f0 JavaThread "Unconstrained build operations Thread 31"        [_thread_blocked, id=24912, stack(0x000000b023c00000,0x000000b023d00000) (1024K)]
  0x0000020111bcc200 JavaThread "Unconstrained build operations Thread 32"        [_thread_blocked, id=14816, stack(0x000000b023d00000,0x000000b023e00000) (1024K)]
  0x0000020111bc8d80 JavaThread "Unconstrained build operations Thread 33"        [_thread_blocked, id=20220, stack(0x000000b023e00000,0x000000b023f00000) (1024K)]
  0x0000020111bcc890 JavaThread "Unconstrained build operations Thread 34"        [_thread_blocked, id=23964, stack(0x000000b023f00000,0x000000b024000000) (1024K)]
  0x0000020111bca7c0 JavaThread "Unconstrained build operations Thread 35"        [_thread_blocked, id=15776, stack(0x000000b024000000,0x000000b024100000) (1024K)]
  0x0000020111bc9410 JavaThread "Unconstrained build operations Thread 36"        [_thread_blocked, id=26440, stack(0x000000b024100000,0x000000b024200000) (1024K)]
  0x0000020111bcd5b0 JavaThread "Unconstrained build operations Thread 37"        [_thread_blocked, id=21596, stack(0x000000b024200000,0x000000b024300000) (1024K)]
  0x0000020111bccf20 JavaThread "Unconstrained build operations Thread 38"        [_thread_blocked, id=19776, stack(0x000000b024300000,0x000000b024400000) (1024K)]
  0x0000020111bca130 JavaThread "Unconstrained build operations Thread 39"        [_thread_blocked, id=11060, stack(0x000000b024400000,0x000000b024500000) (1024K)]
  0x0000020111bcae50 JavaThread "Unconstrained build operations Thread 40"        [_thread_blocked, id=13804, stack(0x000000b024500000,0x000000b024600000) (1024K)]
  0x0000020111bcf680 JavaThread "Unconstrained build operations Thread 41"        [_thread_blocked, id=17936, stack(0x000000b024600000,0x000000b024700000) (1024K)]
  0x0000020111bce960 JavaThread "Unconstrained build operations Thread 42"        [_thread_blocked, id=6436, stack(0x000000b024700000,0x000000b024800000) (1024K)]
  0x0000020111bceff0 JavaThread "Unconstrained build operations Thread 43"        [_thread_blocked, id=29060, stack(0x000000b024800000,0x000000b024900000) (1024K)]
  0x000002011078a030 JavaThread "Unconstrained build operations Thread 44"        [_thread_blocked, id=2168, stack(0x000000b024900000,0x000000b024a00000) (1024K)]
  0x000002011078ad50 JavaThread "Unconstrained build operations Thread 45"        [_thread_blocked, id=15132, stack(0x000000b024a00000,0x000000b024b00000) (1024K)]
  0x00000201107899a0 JavaThread "Unconstrained build operations Thread 46"        [_thread_blocked, id=6960, stack(0x000000b024b00000,0x000000b024c00000) (1024K)]
  0x000002011078b3e0 JavaThread "Unconstrained build operations Thread 47"        [_thread_blocked, id=13876, stack(0x000000b024c00000,0x000000b024d00000) (1024K)]
  0x000002011078ba70 JavaThread "Unconstrained build operations Thread 48"        [_thread_blocked, id=32412, stack(0x000000b024d00000,0x000000b024e00000) (1024K)]
  0x00000201107885f0 JavaThread "Unconstrained build operations Thread 49"        [_thread_blocked, id=26748, stack(0x000000b024e00000,0x000000b024f00000) (1024K)]
  0x000002011078c100 JavaThread "Unconstrained build operations Thread 50"        [_thread_blocked, id=3788, stack(0x000000b024f00000,0x000000b025000000) (1024K)]
  0x000002011078a6c0 JavaThread "Memory manager"                    [_thread_blocked, id=31668, stack(0x000000b025000000,0x000000b025100000) (1024K)]
  0x000002011176b120 JavaThread "build event listener"              [_thread_blocked, id=13324, stack(0x000000b025100000,0x000000b025200000) (1024K)]
  0x000002017f67f270 JavaThread "included builds"                   [_thread_blocked, id=31040, stack(0x000000b01f800000,0x000000b01f900000) (1024K)]
  0x000002017f67d1a0 JavaThread "Execution worker"                  [_thread_blocked, id=22852, stack(0x000000b025200000,0x000000b025300000) (1024K)]
  0x000002017f67bdf0 JavaThread "Execution worker Thread 2"         [_thread_blocked, id=4004, stack(0x000000b025300000,0x000000b025400000) (1024K)]
  0x000002017f67f900 JavaThread "Execution worker Thread 3"         [_thread_blocked, id=2576, stack(0x000000b025400000,0x000000b025500000) (1024K)]
  0x000002017f67ff90 JavaThread "Execution worker Thread 4"         [_thread_blocked, id=30216, stack(0x000000b025500000,0x000000b025600000) (1024K)]
  0x000002017f67cb10 JavaThread "Execution worker Thread 5"         [_thread_blocked, id=21880, stack(0x000000b025600000,0x000000b025700000) (1024K)]
  0x000002017f681340 JavaThread "Execution worker Thread 6"         [_thread_blocked, id=13236, stack(0x000000b025700000,0x000000b025800000) (1024K)]
  0x000002017f6819d0 JavaThread "Execution worker Thread 7"         [_thread_blocked, id=14480, stack(0x000000b025800000,0x000000b025900000) (1024K)]
  0x000002017f680cb0 JavaThread "Cache worker for execution history cache (D:\android\Teamozy\.gradle\8.13\executionHistory)"        [_thread_blocked, id=7872, stack(0x000000b025900000,0x000000b025a00000) (1024K)]
  0x000002017f680620 JavaThread "idea-tooling-model-converter"        [_thread_blocked, id=30776, stack(0x000000b025a00000,0x000000b025b00000) (1024K)]
  0x000002017f683410 JavaThread "Unconstrained build operations Thread 51"        [_thread_blocked, id=30864, stack(0x000000b025b00000,0x000000b025c00000) (1024K)]
  0x000002010f095a60 JavaThread "C2 CompilerThread1"         daemon [_thread_blocked, id=23868, stack(0x000000b01f700000,0x000000b01f800000) (1024K)]
=>0x000002010f096130 JavaThread "C2 CompilerThread2"         daemon [_thread_in_native, id=21364, stack(0x000000b025c00000,0x000000b025d00000) (1024K)]
  0x000002011078fc10 JavaThread "Unconstrained build operations Thread 52"        [_thread_blocked, id=18584, stack(0x000000b025d00000,0x000000b025e00000) (1024K)]
  0x0000020112ba5080 JavaThread "Unconstrained build operations Thread 53"        [_thread_blocked, id=22844, stack(0x000000b025e00000,0x000000b025f00000) (1024K)]
Total: 107

Other Threads:
  0x000002017730a9e0 VMThread "VM Thread"                           [id=21680, stack(0x000000b01ec00000,0x000000b01ed00000) (1024K)]
  0x00000201773f19e0 WatcherThread "VM Periodic Task Thread"        [id=24720, stack(0x000000b01eb00000,0x000000b01ec00000) (1024K)]
  0x000002016f687d80 WorkerThread "GC Thread#0"                     [id=15328, stack(0x000000b01e600000,0x000000b01e700000) (1024K)]
  0x000002017730b4c0 WorkerThread "GC Thread#1"                     [id=31880, stack(0x000000b020100000,0x000000b020200000) (1024K)]
  0x000002017730b860 WorkerThread "GC Thread#2"                     [id=32280, stack(0x000000b020200000,0x000000b020300000) (1024K)]
  0x000002017df3bb20 WorkerThread "GC Thread#3"                     [id=11512, stack(0x000000b020300000,0x000000b020400000) (1024K)]
  0x000002017df3b3e0 WorkerThread "GC Thread#4"                     [id=21900, stack(0x000000b020400000,0x000000b020500000) (1024K)]
  0x000002017df3cd40 WorkerThread "GC Thread#5"                     [id=13468, stack(0x000000b020500000,0x000000b020600000) (1024K)]
  0x000002017df3d480 WorkerThread "GC Thread#6"                     [id=26316, stack(0x000000b020600000,0x000000b020700000) (1024K)]
  0x000002017df3b780 WorkerThread "GC Thread#7"                     [id=22524, stack(0x000000b020700000,0x000000b020800000) (1024K)]
  0x000002016d37db10 ConcurrentGCThread "G1 Main Marker"            [id=22624, stack(0x000000b01e700000,0x000000b01e800000) (1024K)]
  0x000002016f6aef30 WorkerThread "G1 Conc#0"                       [id=21720, stack(0x000000b01e800000,0x000000b01e900000) (1024K)]
  0x000002017df3b040 WorkerThread "G1 Conc#1"                       [id=12800, stack(0x000000b020800000,0x000000b020900000) (1024K)]
  0x000002017724b700 ConcurrentGCThread "G1 Refine#0"               [id=9820, stack(0x000000b01e900000,0x000000b01ea00000) (1024K)]
  0x000002017724cf30 ConcurrentGCThread "G1 Service"                [id=11560, stack(0x000000b01ea00000,0x000000b01eb00000) (1024K)]
Total: 15

Threads with active compile tasks:
C2 CompilerThread2  10647 13193       4       org.gradle.internal.instantiation.generator.AbstractClassGenerator::inspectType (602 bytes)
Total: 1

VM state: not at safepoint (normal execution)

VM Mutex/Monitor currently owned by a thread: None

Heap address: 0x00000000a0000000, size: 1536 MB, Compressed Oops mode: 32-bit

CDS archive(s) not mapped
Compressed class space mapped at: 0x0000000100000000-0x0000000140000000, reserved size: 1073741824
Narrow klass base: 0x0000000000000000, Narrow klass shift: 3, Narrow klass range: 0x140000000

GC Precious Log:
 CardTable entry size: 512
 Card Set container configuration: InlinePtr #cards 5 size 8 Array Of Cards #cards 12 size 40 Howl #buckets 4 coarsen threshold 1843 Howl Bitmap #cards 512 size 80 coarsen threshold 460 Card regions per heap region 1 cards per card region 2048
 CPUs: 8 total, 8 available
 Memory: 16153M
 Large Page Support: Disabled
 NUMA Support: Disabled
 Compressed Oops: Enabled (32-bit)
 Heap Region Size: 1M
 Heap Min Capacity: 8M
 Heap Initial Capacity: 254M
 Heap Max Capacity: 1536M
 Pre-touch: Disabled
 Parallel Workers: 8
 Concurrent Workers: 2
 Concurrent Refinement Workers: 8
 Periodic GC: Disabled

Heap:
 garbage-first heap   total 276480K, used 175635K [0x00000000a0000000, 0x0000000100000000)
  region size 1024K, 14 young (14336K), 9 survivors (9216K)
 Metaspace       used 126918K, committed 129280K, reserved 1179648K
  class space    used 17894K, committed 19072K, reserved 1048576K

Heap Regions: E=young(eden), S=young(survivor), O=old, HS=humongous(starts), HC=humongous(continues), CS=collection set, F=free, TAMS=top-at-mark-start, PB=parsable bottom
|   0|0x00000000a0000000, 0x00000000a0100000, 0x00000000a0100000|100%|HS|  |TAMS 0x00000000a0000000| PB 0x00000000a0000000| Complete 
|   1|0x00000000a0100000, 0x00000000a0200000, 0x00000000a0200000|100%|HC|  |TAMS 0x00000000a0100000| PB 0x00000000a0100000| Complete 
|   2|0x00000000a0200000, 0x00000000a0300000, 0x00000000a0300000|100%|HC|  |TAMS 0x00000000a0200000| PB 0x00000000a0200000| Complete 
|   3|0x00000000a0300000, 0x00000000a0400000, 0x00000000a0400000|100%|HS|  |TAMS 0x00000000a0300000| PB 0x00000000a0300000| Complete 
|   4|0x00000000a0400000, 0x00000000a0500000, 0x00000000a0500000|100%| O|  |TAMS 0x00000000a0400000| PB 0x00000000a0400000| Untracked 
|   5|0x00000000a0500000, 0x00000000a0600000, 0x00000000a0600000|100%| O|  |TAMS 0x00000000a0500000| PB 0x00000000a0500000| Untracked 
|   6|0x00000000a0600000, 0x00000000a0700000, 0x00000000a0700000|100%|HS|  |TAMS 0x00000000a0600000| PB 0x00000000a0600000| Complete 
|   7|0x00000000a0700000, 0x00000000a0800000, 0x00000000a0800000|100%|HC|  |TAMS 0x00000000a0700000| PB 0x00000000a0700000| Complete 
|   8|0x00000000a0800000, 0x00000000a0900000, 0x00000000a0900000|100%|HC|  |TAMS 0x00000000a0800000| PB 0x00000000a0800000| Complete 
|   9|0x00000000a0900000, 0x00000000a0a00000, 0x00000000a0a00000|100%|HC|  |TAMS 0x00000000a0900000| PB 0x00000000a0900000| Complete 
|  10|0x00000000a0a00000, 0x00000000a0b00000, 0x00000000a0b00000|100%|HC|  |TAMS 0x00000000a0a00000| PB 0x00000000a0a00000| Complete 
|  11|0x00000000a0b00000, 0x00000000a0c00000, 0x00000000a0c00000|100%|HC|  |TAMS 0x00000000a0b00000| PB 0x00000000a0b00000| Complete 
|  12|0x00000000a0c00000, 0x00000000a0d00000, 0x00000000a0d00000|100%|HS|  |TAMS 0x00000000a0c00000| PB 0x00000000a0c00000| Complete 
|  13|0x00000000a0d00000, 0x00000000a0e00000, 0x00000000a0e00000|100%|HS|  |TAMS 0x00000000a0d00000| PB 0x00000000a0d00000| Complete 
|  14|0x00000000a0e00000, 0x00000000a0f00000, 0x00000000a0f00000|100%|HC|  |TAMS 0x00000000a0e00000| PB 0x00000000a0e00000| Complete 
|  15|0x00000000a0f00000, 0x00000000a1000000, 0x00000000a1000000|100%|HC|  |TAMS 0x00000000a0f00000| PB 0x00000000a0f00000| Complete 
|  16|0x00000000a1000000, 0x00000000a1100000, 0x00000000a1100000|100%|HC|  |TAMS 0x00000000a1000000| PB 0x00000000a1000000| Complete 
|  17|0x00000000a1100000, 0x00000000a1200000, 0x00000000a1200000|100%|HS|  |TAMS 0x00000000a1100000| PB 0x00000000a1100000| Complete 
|  18|0x00000000a1200000, 0x00000000a1300000, 0x00000000a1300000|100%|HC|  |TAMS 0x00000000a1200000| PB 0x00000000a1200000| Complete 
|  19|0x00000000a1300000, 0x00000000a1400000, 0x00000000a1400000|100%|HS|  |TAMS 0x00000000a1300000| PB 0x00000000a1300000| Complete 
|  20|0x00000000a1400000, 0x00000000a1500000, 0x00000000a1500000|100%|HS|  |TAMS 0x00000000a1400000| PB 0x00000000a1400000| Complete 
|  21|0x00000000a1500000, 0x00000000a1600000, 0x00000000a1600000|100%|HC|  |TAMS 0x00000000a1500000| PB 0x00000000a1500000| Complete 
|  22|0x00000000a1600000, 0x00000000a1700000, 0x00000000a1700000|100%|HC|  |TAMS 0x00000000a1600000| PB 0x00000000a1600000| Complete 
|  23|0x00000000a1700000, 0x00000000a1800000, 0x00000000a1800000|100%|HC|  |TAMS 0x00000000a1700000| PB 0x00000000a1700000| Complete 
|  24|0x00000000a1800000, 0x00000000a1900000, 0x00000000a1900000|100%|HC|  |TAMS 0x00000000a1800000| PB 0x00000000a1800000| Complete 
|  25|0x00000000a1900000, 0x00000000a1a00000, 0x00000000a1a00000|100%|HC|  |TAMS 0x00000000a1900000| PB 0x00000000a1900000| Complete 
|  26|0x00000000a1a00000, 0x00000000a1b00000, 0x00000000a1b00000|100%|HS|  |TAMS 0x00000000a1a00000| PB 0x00000000a1a00000| Complete 
|  27|0x00000000a1b00000, 0x00000000a1c00000, 0x00000000a1c00000|100%|HS|  |TAMS 0x00000000a1b00000| PB 0x00000000a1b00000| Complete 
|  28|0x00000000a1c00000, 0x00000000a1d00000, 0x00000000a1d00000|100%|HC|  |TAMS 0x00000000a1c00000| PB 0x00000000a1c00000| Complete 
|  29|0x00000000a1d00000, 0x00000000a1e00000, 0x00000000a1e00000|100%|HC|  |TAMS 0x00000000a1d00000| PB 0x00000000a1d00000| Complete 
|  30|0x00000000a1e00000, 0x00000000a1f00000, 0x00000000a1f00000|100%|HC|  |TAMS 0x00000000a1e00000| PB 0x00000000a1e00000| Complete 
|  31|0x00000000a1f00000, 0x00000000a2000000, 0x00000000a2000000|100%|HS|  |TAMS 0x00000000a1f00000| PB 0x00000000a1f00000| Complete 
|  32|0x00000000a2000000, 0x00000000a2100000, 0x00000000a2100000|100%|HC|  |TAMS 0x00000000a2000000| PB 0x00000000a2000000| Complete 
|  33|0x00000000a2100000, 0x00000000a2200000, 0x00000000a2200000|100%|HS|  |TAMS 0x00000000a2100000| PB 0x00000000a2100000| Complete 
|  34|0x00000000a2200000, 0x00000000a2300000, 0x00000000a2300000|100%| O|  |TAMS 0x00000000a2200000| PB 0x00000000a2200000| Untracked 
|  35|0x00000000a2300000, 0x00000000a2400000, 0x00000000a2400000|100%| O|  |TAMS 0x00000000a2300000| PB 0x00000000a2300000| Untracked 
|  36|0x00000000a2400000, 0x00000000a2500000, 0x00000000a2500000|100%|HS|  |TAMS 0x00000000a2400000| PB 0x00000000a2400000| Complete 
|  37|0x00000000a2500000, 0x00000000a2600000, 0x00000000a2600000|100%| O|  |TAMS 0x00000000a2500000| PB 0x00000000a2500000| Untracked 
|  38|0x00000000a2600000, 0x00000000a2700000, 0x00000000a2700000|100%| O|  |TAMS 0x00000000a2600000| PB 0x00000000a2600000| Untracked 
|  39|0x00000000a2700000, 0x00000000a2800000, 0x00000000a2800000|100%| O|  |TAMS 0x00000000a2700000| PB 0x00000000a2700000| Untracked 
|  40|0x00000000a2800000, 0x00000000a2900000, 0x00000000a2900000|100%| O|  |TAMS 0x00000000a2800000| PB 0x00000000a2800000| Untracked 
|  41|0x00000000a2900000, 0x00000000a2a00000, 0x00000000a2a00000|100%| O|  |TAMS 0x00000000a2900000| PB 0x00000000a2900000| Untracked 
|  42|0x00000000a2a00000, 0x00000000a2b00000, 0x00000000a2b00000|100%| O|  |TAMS 0x00000000a2a00000| PB 0x00000000a2a00000| Untracked 
|  43|0x00000000a2b00000, 0x00000000a2c00000, 0x00000000a2c00000|100%| O|  |TAMS 0x00000000a2b00000| PB 0x00000000a2b00000| Untracked 
|  44|0x00000000a2c00000, 0x00000000a2d00000, 0x00000000a2d00000|100%| O|  |TAMS 0x00000000a2c00000| PB 0x00000000a2c00000| Untracked 
|  45|0x00000000a2d00000, 0x00000000a2e00000, 0x00000000a2e00000|100%| O|  |TAMS 0x00000000a2d00000| PB 0x00000000a2d00000| Untracked 
|  46|0x00000000a2e00000, 0x00000000a2f00000, 0x00000000a2f00000|100%| O|  |TAMS 0x00000000a2e00000| PB 0x00000000a2e00000| Untracked 
|  47|0x00000000a2f00000, 0x00000000a3000000, 0x00000000a3000000|100%| O|  |TAMS 0x00000000a2f00000| PB 0x00000000a2f00000| Untracked 
|  48|0x00000000a3000000, 0x00000000a3100000, 0x00000000a3100000|100%| O|  |TAMS 0x00000000a3000000| PB 0x00000000a3000000| Untracked 
|  49|0x00000000a3100000, 0x00000000a3200000, 0x00000000a3200000|100%| O|  |TAMS 0x00000000a3100000| PB 0x00000000a3100000| Untracked 
|  50|0x00000000a3200000, 0x00000000a3300000, 0x00000000a3300000|100%|HS|  |TAMS 0x00000000a3200000| PB 0x00000000a3200000| Complete 
|  51|0x00000000a3300000, 0x00000000a3400000, 0x00000000a3400000|100%|HC|  |TAMS 0x00000000a3300000| PB 0x00000000a3300000| Complete 
|  52|0x00000000a3400000, 0x00000000a3500000, 0x00000000a3500000|100%|HS|  |TAMS 0x00000000a3400000| PB 0x00000000a3400000| Complete 
|  53|0x00000000a3500000, 0x00000000a3600000, 0x00000000a3600000|100%|HC|  |TAMS 0x00000000a3500000| PB 0x00000000a3500000| Complete 
|  54|0x00000000a3600000, 0x00000000a3700000, 0x00000000a3700000|100%|HC|  |TAMS 0x00000000a3600000| PB 0x00000000a3600000| Complete 
|  55|0x00000000a3700000, 0x00000000a3800000, 0x00000000a3800000|100%|HC|  |TAMS 0x00000000a3700000| PB 0x00000000a3700000| Complete 
|  56|0x00000000a3800000, 0x00000000a3900000, 0x00000000a3900000|100%|HC|  |TAMS 0x00000000a3800000| PB 0x00000000a3800000| Complete 
|  57|0x00000000a3900000, 0x00000000a3a00000, 0x00000000a3a00000|100%|HC|  |TAMS 0x00000000a3900000| PB 0x00000000a3900000| Complete 
|  58|0x00000000a3a00000, 0x00000000a3b00000, 0x00000000a3b00000|100%|HS|  |TAMS 0x00000000a3a00000| PB 0x00000000a3a00000| Complete 
|  59|0x00000000a3b00000, 0x00000000a3c00000, 0x00000000a3c00000|100%|HC|  |TAMS 0x00000000a3b00000| PB 0x00000000a3b00000| Complete 
|  60|0x00000000a3c00000, 0x00000000a3d00000, 0x00000000a3d00000|100%|HC|  |TAMS 0x00000000a3c00000| PB 0x00000000a3c00000| Complete 
|  61|0x00000000a3d00000, 0x00000000a3e00000, 0x00000000a3e00000|100%|HC|  |TAMS 0x00000000a3d00000| PB 0x00000000a3d00000| Complete 
|  62|0x00000000a3e00000, 0x00000000a3f00000, 0x00000000a3f00000|100%|HC|  |TAMS 0x00000000a3e00000| PB 0x00000000a3e00000| Complete 
|  63|0x00000000a3f00000, 0x00000000a4000000, 0x00000000a4000000|100%|HC|  |TAMS 0x00000000a3f00000| PB 0x00000000a3f00000| Complete 
|  64|0x00000000a4000000, 0x00000000a4100000, 0x00000000a4100000|100%|HS|  |TAMS 0x00000000a4000000| PB 0x00000000a4000000| Complete 
|  65|0x00000000a4100000, 0x00000000a4200000, 0x00000000a4200000|100%| O|  |TAMS 0x00000000a4100000| PB 0x00000000a4100000| Untracked 
|  66|0x00000000a4200000, 0x00000000a4300000, 0x00000000a4300000|100%| O|  |TAMS 0x00000000a4200000| PB 0x00000000a4200000| Untracked 
|  67|0x00000000a4300000, 0x00000000a4400000, 0x00000000a4400000|100%| O|  |TAMS 0x00000000a4300000| PB 0x00000000a4300000| Untracked 
|  68|0x00000000a4400000, 0x00000000a4500000, 0x00000000a4500000|100%| O|  |TAMS 0x00000000a4400000| PB 0x00000000a4400000| Untracked 
|  69|0x00000000a4500000, 0x00000000a4600000, 0x00000000a4600000|100%|HS|  |TAMS 0x00000000a4500000| PB 0x00000000a4500000| Complete 
|  70|0x00000000a4600000, 0x00000000a4700000, 0x00000000a4700000|100%| O|  |TAMS 0x00000000a4600000| PB 0x00000000a4600000| Untracked 
|  71|0x00000000a4700000, 0x00000000a4800000, 0x00000000a4800000|100%| O|  |TAMS 0x00000000a4700000| PB 0x00000000a4700000| Untracked 
|  72|0x00000000a4800000, 0x00000000a4900000, 0x00000000a4900000|100%| O|  |TAMS 0x00000000a4800000| PB 0x00000000a4800000| Untracked 
|  73|0x00000000a4900000, 0x00000000a4a00000, 0x00000000a4a00000|100%| O|  |TAMS 0x00000000a4900000| PB 0x00000000a4900000| Untracked 
|  74|0x00000000a4a00000, 0x00000000a4b00000, 0x00000000a4b00000|100%| O|  |TAMS 0x00000000a4a00000| PB 0x00000000a4a00000| Untracked 
|  75|0x00000000a4b00000, 0x00000000a4b00000, 0x00000000a4c00000|  0%| F|  |TAMS 0x00000000a4b00000| PB 0x00000000a4b00000| Untracked 
|  76|0x00000000a4c00000, 0x00000000a4d00000, 0x00000000a4d00000|100%| O|  |TAMS 0x00000000a4c00000| PB 0x00000000a4c00000| Untracked 
|  77|0x00000000a4d00000, 0x00000000a4e00000, 0x00000000a4e00000|100%| O|  |TAMS 0x00000000a4d00000| PB 0x00000000a4d00000| Untracked 
|  78|0x00000000a4e00000, 0x00000000a4f00000, 0x00000000a4f00000|100%| O|  |TAMS 0x00000000a4e00000| PB 0x00000000a4e00000| Untracked 
|  79|0x00000000a4f00000, 0x00000000a5000000, 0x00000000a5000000|100%| O|  |TAMS 0x00000000a4f00000| PB 0x00000000a4f00000| Untracked 
|  80|0x00000000a5000000, 0x00000000a5100000, 0x00000000a5100000|100%| O|  |TAMS 0x00000000a5000000| PB 0x00000000a5000000| Untracked 
|  81|0x00000000a5100000, 0x00000000a5200000, 0x00000000a5200000|100%| O|  |TAMS 0x00000000a5100000| PB 0x00000000a5100000| Untracked 
|  82|0x00000000a5200000, 0x00000000a5300000, 0x00000000a5300000|100%|HS|  |TAMS 0x00000000a5200000| PB 0x00000000a5200000| Complete 
|  83|0x00000000a5300000, 0x00000000a5400000, 0x00000000a5400000|100%|HS|  |TAMS 0x00000000a5300000| PB 0x00000000a5300000| Complete 
|  84|0x00000000a5400000, 0x00000000a5500000, 0x00000000a5500000|100%|HC|  |TAMS 0x00000000a5400000| PB 0x00000000a5400000| Complete 
|  85|0x00000000a5500000, 0x00000000a5600000, 0x00000000a5600000|100%|HS|  |TAMS 0x00000000a5500000| PB 0x00000000a5500000| Complete 
|  86|0x00000000a5600000, 0x00000000a5700000, 0x00000000a5700000|100%|HC|  |TAMS 0x00000000a5600000| PB 0x00000000a5600000| Complete 
|  87|0x00000000a5700000, 0x00000000a5800000, 0x00000000a5800000|100%|HS|  |TAMS 0x00000000a5700000| PB 0x00000000a5700000| Complete 
|  88|0x00000000a5800000, 0x00000000a5900000, 0x00000000a5900000|100%|HC|  |TAMS 0x00000000a5800000| PB 0x00000000a5800000| Complete 
|  89|0x00000000a5900000, 0x00000000a5a00000, 0x00000000a5a00000|100%|HC|  |TAMS 0x00000000a5900000| PB 0x00000000a5900000| Complete 
|  90|0x00000000a5a00000, 0x00000000a5b00000, 0x00000000a5b00000|100%|HS|  |TAMS 0x00000000a5a00000| PB 0x00000000a5a00000| Complete 
|  91|0x00000000a5b00000, 0x00000000a5c00000, 0x00000000a5c00000|100%|HS|  |TAMS 0x00000000a5b00000| PB 0x00000000a5b00000| Complete 
|  92|0x00000000a5c00000, 0x00000000a5d00000, 0x00000000a5d00000|100%| O|  |TAMS 0x00000000a5c00000| PB 0x00000000a5c00000| Untracked 
|  93|0x00000000a5d00000, 0x00000000a5e00000, 0x00000000a5e00000|100%|HS|  |TAMS 0x00000000a5d00000| PB 0x00000000a5d00000| Complete 
|  94|0x00000000a5e00000, 0x00000000a5f00000, 0x00000000a5f00000|100%|HS|  |TAMS 0x00000000a5e00000| PB 0x00000000a5e00000| Complete 
|  95|0x00000000a5f00000, 0x00000000a6000000, 0x00000000a6000000|100%| O|  |TAMS 0x00000000a5f00000| PB 0x00000000a5f00000| Untracked 
|  96|0x00000000a6000000, 0x00000000a6100000, 0x00000000a6100000|100%| O|  |TAMS 0x00000000a6000000| PB 0x00000000a6000000| Untracked 
|  97|0x00000000a6100000, 0x00000000a6200000, 0x00000000a6200000|100%| O|  |TAMS 0x00000000a6100000| PB 0x00000000a6100000| Untracked 
|  98|0x00000000a6200000, 0x00000000a6300000, 0x00000000a6300000|100%|HS|  |TAMS 0x00000000a6200000| PB 0x00000000a6200000| Complete 
|  99|0x00000000a6300000, 0x00000000a6400000, 0x00000000a6400000|100%|HC|  |TAMS 0x00000000a6300000| PB 0x00000000a6300000| Complete 
| 100|0x00000000a6400000, 0x00000000a6500000, 0x00000000a6500000|100%|HC|  |TAMS 0x00000000a6400000| PB 0x00000000a6400000| Complete 
| 101|0x00000000a6500000, 0x00000000a6600000, 0x00000000a6600000|100%| O|  |TAMS 0x00000000a6500000| PB 0x00000000a6500000| Untracked 
| 102|0x00000000a6600000, 0x00000000a6700000, 0x00000000a6700000|100%| O|  |TAMS 0x00000000a6600000| PB 0x00000000a6600000| Untracked 
| 103|0x00000000a6700000, 0x00000000a6800000, 0x00000000a6800000|100%| O|  |TAMS 0x00000000a6700000| PB 0x00000000a6700000| Untracked 
| 104|0x00000000a6800000, 0x00000000a6900000, 0x00000000a6900000|100%| O|  |TAMS 0x00000000a6800000| PB 0x00000000a6800000| Untracked 
| 105|0x00000000a6900000, 0x00000000a6a00000, 0x00000000a6a00000|100%| O|  |TAMS 0x00000000a6900000| PB 0x00000000a6900000| Untracked 
| 106|0x00000000a6a00000, 0x00000000a6a00000, 0x00000000a6b00000|  0%| F|  |TAMS 0x00000000a6a00000| PB 0x00000000a6a00000| Untracked 
| 107|0x00000000a6b00000, 0x00000000a6c00000, 0x00000000a6c00000|100%| O|  |TAMS 0x00000000a6b00000| PB 0x00000000a6b00000| Untracked 
| 108|0x00000000a6c00000, 0x00000000a6d00000, 0x00000000a6d00000|100%|HS|  |TAMS 0x00000000a6c00000| PB 0x00000000a6c00000| Complete 
| 109|0x00000000a6d00000, 0x00000000a6e00000, 0x00000000a6e00000|100%| O|  |TAMS 0x00000000a6d00000| PB 0x00000000a6d00000| Untracked 
| 110|0x00000000a6e00000, 0x00000000a6f00000, 0x00000000a6f00000|100%| O|  |TAMS 0x00000000a6e00000| PB 0x00000000a6e00000| Untracked 
| 111|0x00000000a6f00000, 0x00000000a7000000, 0x00000000a7000000|100%| O|  |TAMS 0x00000000a6f00000| PB 0x00000000a6f00000| Untracked 
| 112|0x00000000a7000000, 0x00000000a7100000, 0x00000000a7100000|100%| O|  |TAMS 0x00000000a7000000| PB 0x00000000a7000000| Untracked 
| 113|0x00000000a7100000, 0x00000000a7200000, 0x00000000a7200000|100%| O|  |TAMS 0x00000000a7100000| PB 0x00000000a7100000| Untracked 
| 114|0x00000000a7200000, 0x00000000a7300000, 0x00000000a7300000|100%| O|  |TAMS 0x00000000a7200000| PB 0x00000000a7200000| Untracked 
| 115|0x00000000a7300000, 0x00000000a7400000, 0x00000000a7400000|100%| O|  |TAMS 0x00000000a7300000| PB 0x00000000a7300000| Untracked 
| 116|0x00000000a7400000, 0x00000000a7500000, 0x00000000a7500000|100%| O|  |TAMS 0x00000000a7400000| PB 0x00000000a7400000| Untracked 
| 117|0x00000000a7500000, 0x00000000a7600000, 0x00000000a7600000|100%| O|  |TAMS 0x00000000a7500000| PB 0x00000000a7500000| Untracked 
| 118|0x00000000a7600000, 0x00000000a7700000, 0x00000000a7700000|100%| O|  |TAMS 0x00000000a7600000| PB 0x00000000a7600000| Untracked 
| 119|0x00000000a7700000, 0x00000000a7800000, 0x00000000a7800000|100%| O|  |TAMS 0x00000000a7700000| PB 0x00000000a7700000| Untracked 
| 120|0x00000000a7800000, 0x00000000a7900000, 0x00000000a7900000|100%| O|  |TAMS 0x00000000a7800000| PB 0x00000000a7800000| Untracked 
| 121|0x00000000a7900000, 0x00000000a7a00000, 0x00000000a7a00000|100%| O|  |TAMS 0x00000000a7900000| PB 0x00000000a7900000| Untracked 
| 122|0x00000000a7a00000, 0x00000000a7b00000, 0x00000000a7b00000|100%| O|  |TAMS 0x00000000a7a00000| PB 0x00000000a7a00000| Untracked 
| 123|0x00000000a7b00000, 0x00000000a7c00000, 0x00000000a7c00000|100%| O|  |TAMS 0x00000000a7b00000| PB 0x00000000a7b00000| Untracked 
| 124|0x00000000a7c00000, 0x00000000a7c00000, 0x00000000a7d00000|  0%| F|  |TAMS 0x00000000a7c00000| PB 0x00000000a7c00000| Untracked 
| 125|0x00000000a7d00000, 0x00000000a7e00000, 0x00000000a7e00000|100%|HS|  |TAMS 0x00000000a7d00000| PB 0x00000000a7d00000| Complete 
| 126|0x00000000a7e00000, 0x00000000a7f00000, 0x00000000a7f00000|100%|HC|  |TAMS 0x00000000a7e00000| PB 0x00000000a7e00000| Complete 
| 127|0x00000000a7f00000, 0x00000000a8000000, 0x00000000a8000000|100%| O|  |TAMS 0x00000000a7f00000| PB 0x00000000a7f00000| Untracked 
| 128|0x00000000a8000000, 0x00000000a8100000, 0x00000000a8100000|100%| O|  |TAMS 0x00000000a8000000| PB 0x00000000a8000000| Untracked 
| 129|0x00000000a8100000, 0x00000000a8200000, 0x00000000a8200000|100%| O|  |TAMS 0x00000000a8100000| PB 0x00000000a8100000| Untracked 
| 130|0x00000000a8200000, 0x00000000a8300000, 0x00000000a8300000|100%| O|  |TAMS 0x00000000a8200000| PB 0x00000000a8200000| Untracked 
| 131|0x00000000a8300000, 0x00000000a8400000, 0x00000000a8400000|100%| O|  |TAMS 0x00000000a8300000| PB 0x00000000a8300000| Untracked 
| 132|0x00000000a8400000, 0x00000000a8500000, 0x00000000a8500000|100%| O|  |TAMS 0x00000000a8400000| PB 0x00000000a8400000| Untracked 
| 133|0x00000000a8500000, 0x00000000a8600000, 0x00000000a8600000|100%| O|  |TAMS 0x00000000a8500000| PB 0x00000000a8500000| Untracked 
| 134|0x00000000a8600000, 0x00000000a8700000, 0x00000000a8700000|100%| O|  |TAMS 0x00000000a8600000| PB 0x00000000a8600000| Untracked 
| 135|0x00000000a8700000, 0x00000000a8800000, 0x00000000a8800000|100%| O|  |TAMS 0x00000000a8700000| PB 0x00000000a8700000| Untracked 
| 136|0x00000000a8800000, 0x00000000a8900000, 0x00000000a8900000|100%| O|  |TAMS 0x00000000a8800000| PB 0x00000000a8800000| Untracked 
| 137|0x00000000a8900000, 0x00000000a8a00000, 0x00000000a8a00000|100%| O|  |TAMS 0x00000000a8900000| PB 0x00000000a8900000| Untracked 
| 138|0x00000000a8a00000, 0x00000000a8b00000, 0x00000000a8b00000|100%| O|  |TAMS 0x00000000a8a00000| PB 0x00000000a8a00000| Untracked 
| 139|0x00000000a8b00000, 0x00000000a8c00000, 0x00000000a8c00000|100%| O|  |TAMS 0x00000000a8b00000| PB 0x00000000a8b00000| Untracked 
| 140|0x00000000a8c00000, 0x00000000a8d00000, 0x00000000a8d00000|100%| O|  |TAMS 0x00000000a8c00000| PB 0x00000000a8c00000| Untracked 
| 141|0x00000000a8d00000, 0x00000000a8d84d40, 0x00000000a8e00000| 51%| O|  |TAMS 0x00000000a8d00000| PB 0x00000000a8d00000| Untracked 
| 142|0x00000000a8e00000, 0x00000000a8e00000, 0x00000000a8f00000|  0%| F|  |TAMS 0x00000000a8e00000| PB 0x00000000a8e00000| Untracked 
| 143|0x00000000a8f00000, 0x00000000a8f00000, 0x00000000a9000000|  0%| F|  |TAMS 0x00000000a8f00000| PB 0x00000000a8f00000| Untracked 
| 144|0x00000000a9000000, 0x00000000a9000000, 0x00000000a9100000|  0%| F|  |TAMS 0x00000000a9000000| PB 0x00000000a9000000| Untracked 
| 145|0x00000000a9100000, 0x00000000a9100000, 0x00000000a9200000|  0%| F|  |TAMS 0x00000000a9100000| PB 0x00000000a9100000| Untracked 
| 146|0x00000000a9200000, 0x00000000a9200000, 0x00000000a9300000|  0%| F|  |TAMS 0x00000000a9200000| PB 0x00000000a9200000| Untracked 
| 147|0x00000000a9300000, 0x00000000a9300000, 0x00000000a9400000|  0%| F|  |TAMS 0x00000000a9300000| PB 0x00000000a9300000| Untracked 
| 148|0x00000000a9400000, 0x00000000a9400000, 0x00000000a9500000|  0%| F|  |TAMS 0x00000000a9400000| PB 0x00000000a9400000| Untracked 
| 149|0x00000000a9500000, 0x00000000a9500000, 0x00000000a9600000|  0%| F|  |TAMS 0x00000000a9500000| PB 0x00000000a9500000| Untracked 
| 150|0x00000000a9600000, 0x00000000a9700000, 0x00000000a9700000|100%| S|CS|TAMS 0x00000000a9600000| PB 0x00000000a9600000| Complete 
| 151|0x00000000a9700000, 0x00000000a9800000, 0x00000000a9800000|100%| S|CS|TAMS 0x00000000a9700000| PB 0x00000000a9700000| Complete 
| 152|0x00000000a9800000, 0x00000000a9800000, 0x00000000a9900000|  0%| F|  |TAMS 0x00000000a9800000| PB 0x00000000a9800000| Untracked 
| 153|0x00000000a9900000, 0x00000000a9900000, 0x00000000a9a00000|  0%| F|  |TAMS 0x00000000a9900000| PB 0x00000000a9900000| Untracked 
| 154|0x00000000a9a00000, 0x00000000a9a00000, 0x00000000a9b00000|  0%| F|  |TAMS 0x00000000a9a00000| PB 0x00000000a9a00000| Untracked 
| 155|0x00000000a9b00000, 0x00000000a9c00000, 0x00000000a9c00000|100%| S|CS|TAMS 0x00000000a9b00000| PB 0x00000000a9b00000| Complete 
| 156|0x00000000a9c00000, 0x00000000a9d00000, 0x00000000a9d00000|100%| S|CS|TAMS 0x00000000a9c00000| PB 0x00000000a9c00000| Complete 
| 157|0x00000000a9d00000, 0x00000000a9e00000, 0x00000000a9e00000|100%| S|CS|TAMS 0x00000000a9d00000| PB 0x00000000a9d00000| Complete 
| 158|0x00000000a9e00000, 0x00000000a9f00000, 0x00000000a9f00000|100%| S|CS|TAMS 0x00000000a9e00000| PB 0x00000000a9e00000| Complete 
| 159|0x00000000a9f00000, 0x00000000aa000000, 0x00000000aa000000|100%| S|CS|TAMS 0x00000000a9f00000| PB 0x00000000a9f00000| Complete 
| 160|0x00000000aa000000, 0x00000000aa100000, 0x00000000aa100000|100%| S|CS|TAMS 0x00000000aa000000| PB 0x00000000aa000000| Complete 
| 161|0x00000000aa100000, 0x00000000aa200000, 0x00000000aa200000|100%| S|CS|TAMS 0x00000000aa100000| PB 0x00000000aa100000| Complete 
| 162|0x00000000aa200000, 0x00000000aa200000, 0x00000000aa300000|  0%| F|  |TAMS 0x00000000aa200000| PB 0x00000000aa200000| Untracked 
| 163|0x00000000aa300000, 0x00000000aa300000, 0x00000000aa400000|  0%| F|  |TAMS 0x00000000aa300000| PB 0x00000000aa300000| Untracked 
| 164|0x00000000aa400000, 0x00000000aa400000, 0x00000000aa500000|  0%| F|  |TAMS 0x00000000aa400000| PB 0x00000000aa400000| Untracked 
| 165|0x00000000aa500000, 0x00000000aa500000, 0x00000000aa600000|  0%| F|  |TAMS 0x00000000aa500000| PB 0x00000000aa500000| Untracked 
| 166|0x00000000aa600000, 0x00000000aa600000, 0x00000000aa700000|  0%| F|  |TAMS 0x00000000aa600000| PB 0x00000000aa600000| Untracked 
| 167|0x00000000aa700000, 0x00000000aa700000, 0x00000000aa800000|  0%| F|  |TAMS 0x00000000aa700000| PB 0x00000000aa700000| Untracked 
| 168|0x00000000aa800000, 0x00000000aa800000, 0x00000000aa900000|  0%| F|  |TAMS 0x00000000aa800000| PB 0x00000000aa800000| Untracked 
| 169|0x00000000aa900000, 0x00000000aa900000, 0x00000000aaa00000|  0%| F|  |TAMS 0x00000000aa900000| PB 0x00000000aa900000| Untracked 
| 170|0x00000000aaa00000, 0x00000000aaa00000, 0x00000000aab00000|  0%| F|  |TAMS 0x00000000aaa00000| PB 0x00000000aaa00000| Untracked 
| 171|0x00000000aab00000, 0x00000000aab00000, 0x00000000aac00000|  0%| F|  |TAMS 0x00000000aab00000| PB 0x00000000aab00000| Untracked 
| 172|0x00000000aac00000, 0x00000000aac00000, 0x00000000aad00000|  0%| F|  |TAMS 0x00000000aac00000| PB 0x00000000aac00000| Untracked 
| 173|0x00000000aad00000, 0x00000000aad00000, 0x00000000aae00000|  0%| F|  |TAMS 0x00000000aad00000| PB 0x00000000aad00000| Untracked 
| 174|0x00000000aae00000, 0x00000000aae00000, 0x00000000aaf00000|  0%| F|  |TAMS 0x00000000aae00000| PB 0x00000000aae00000| Untracked 
| 175|0x00000000aaf00000, 0x00000000aaf00000, 0x00000000ab000000|  0%| F|  |TAMS 0x00000000aaf00000| PB 0x00000000aaf00000| Untracked 
| 176|0x00000000ab000000, 0x00000000ab000000, 0x00000000ab100000|  0%| F|  |TAMS 0x00000000ab000000| PB 0x00000000ab000000| Untracked 
| 177|0x00000000ab100000, 0x00000000ab100000, 0x00000000ab200000|  0%| F|  |TAMS 0x00000000ab100000| PB 0x00000000ab100000| Untracked 
| 178|0x00000000ab200000, 0x00000000ab200000, 0x00000000ab300000|  0%| F|  |TAMS 0x00000000ab200000| PB 0x00000000ab200000| Untracked 
| 179|0x00000000ab300000, 0x00000000ab300000, 0x00000000ab400000|  0%| F|  |TAMS 0x00000000ab300000| PB 0x00000000ab300000| Untracked 
| 180|0x00000000ab400000, 0x00000000ab400000, 0x00000000ab500000|  0%| F|  |TAMS 0x00000000ab400000| PB 0x00000000ab400000| Untracked 
| 181|0x00000000ab500000, 0x00000000ab500000, 0x00000000ab600000|  0%| F|  |TAMS 0x00000000ab500000| PB 0x00000000ab500000| Untracked 
| 182|0x00000000ab600000, 0x00000000ab600000, 0x00000000ab700000|  0%| F|  |TAMS 0x00000000ab600000| PB 0x00000000ab600000| Untracked 
| 183|0x00000000ab700000, 0x00000000ab700000, 0x00000000ab800000|  0%| F|  |TAMS 0x00000000ab700000| PB 0x00000000ab700000| Untracked 
| 184|0x00000000ab800000, 0x00000000ab800000, 0x00000000ab900000|  0%| F|  |TAMS 0x00000000ab800000| PB 0x00000000ab800000| Untracked 
| 185|0x00000000ab900000, 0x00000000ab900000, 0x00000000aba00000|  0%| F|  |TAMS 0x00000000ab900000| PB 0x00000000ab900000| Untracked 
| 186|0x00000000aba00000, 0x00000000aba00000, 0x00000000abb00000|  0%| F|  |TAMS 0x00000000aba00000| PB 0x00000000aba00000| Untracked 
| 187|0x00000000abb00000, 0x00000000abb00000, 0x00000000abc00000|  0%| F|  |TAMS 0x00000000abb00000| PB 0x00000000abb00000| Untracked 
| 188|0x00000000abc00000, 0x00000000abc00000, 0x00000000abd00000|  0%| F|  |TAMS 0x00000000abc00000| PB 0x00000000abc00000| Untracked 
| 189|0x00000000abd00000, 0x00000000abd00000, 0x00000000abe00000|  0%| F|  |TAMS 0x00000000abd00000| PB 0x00000000abd00000| Untracked 
| 190|0x00000000abe00000, 0x00000000abe00000, 0x00000000abf00000|  0%| F|  |TAMS 0x00000000abe00000| PB 0x00000000abe00000| Untracked 
| 191|0x00000000abf00000, 0x00000000abf00000, 0x00000000ac000000|  0%| F|  |TAMS 0x00000000abf00000| PB 0x00000000abf00000| Untracked 
| 192|0x00000000ac000000, 0x00000000ac000000, 0x00000000ac100000|  0%| F|  |TAMS 0x00000000ac000000| PB 0x00000000ac000000| Untracked 
| 193|0x00000000ac100000, 0x00000000ac100000, 0x00000000ac200000|  0%| F|  |TAMS 0x00000000ac100000| PB 0x00000000ac100000| Untracked 
| 194|0x00000000ac200000, 0x00000000ac200000, 0x00000000ac300000|  0%| F|  |TAMS 0x00000000ac200000| PB 0x00000000ac200000| Untracked 
| 195|0x00000000ac300000, 0x00000000ac300000, 0x00000000ac400000|  0%| F|  |TAMS 0x00000000ac300000| PB 0x00000000ac300000| Untracked 
| 196|0x00000000ac400000, 0x00000000ac400000, 0x00000000ac500000|  0%| F|  |TAMS 0x00000000ac400000| PB 0x00000000ac400000| Untracked 
| 197|0x00000000ac500000, 0x00000000ac500000, 0x00000000ac600000|  0%| F|  |TAMS 0x00000000ac500000| PB 0x00000000ac500000| Untracked 
| 198|0x00000000ac600000, 0x00000000ac600000, 0x00000000ac700000|  0%| F|  |TAMS 0x00000000ac600000| PB 0x00000000ac600000| Untracked 
| 199|0x00000000ac700000, 0x00000000ac700000, 0x00000000ac800000|  0%| F|  |TAMS 0x00000000ac700000| PB 0x00000000ac700000| Untracked 
| 200|0x00000000ac800000, 0x00000000ac800000, 0x00000000ac900000|  0%| F|  |TAMS 0x00000000ac800000| PB 0x00000000ac800000| Untracked 
| 201|0x00000000ac900000, 0x00000000ac900000, 0x00000000aca00000|  0%| F|  |TAMS 0x00000000ac900000| PB 0x00000000ac900000| Untracked 
| 202|0x00000000aca00000, 0x00000000aca00000, 0x00000000acb00000|  0%| F|  |TAMS 0x00000000aca00000| PB 0x00000000aca00000| Untracked 
| 203|0x00000000acb00000, 0x00000000acb00000, 0x00000000acc00000|  0%| F|  |TAMS 0x00000000acb00000| PB 0x00000000acb00000| Untracked 
| 204|0x00000000acc00000, 0x00000000acc00000, 0x00000000acd00000|  0%| F|  |TAMS 0x00000000acc00000| PB 0x00000000acc00000| Untracked 
| 205|0x00000000acd00000, 0x00000000acd00000, 0x00000000ace00000|  0%| F|  |TAMS 0x00000000acd00000| PB 0x00000000acd00000| Untracked 
| 206|0x00000000ace00000, 0x00000000ace00000, 0x00000000acf00000|  0%| F|  |TAMS 0x00000000ace00000| PB 0x00000000ace00000| Untracked 
| 207|0x00000000acf00000, 0x00000000acf00000, 0x00000000ad000000|  0%| F|  |TAMS 0x00000000acf00000| PB 0x00000000acf00000| Untracked 
| 208|0x00000000ad000000, 0x00000000ad000000, 0x00000000ad100000|  0%| F|  |TAMS 0x00000000ad000000| PB 0x00000000ad000000| Untracked 
| 209|0x00000000ad100000, 0x00000000ad100000, 0x00000000ad200000|  0%| F|  |TAMS 0x00000000ad100000| PB 0x00000000ad100000| Untracked 
| 210|0x00000000ad200000, 0x00000000ad200000, 0x00000000ad300000|  0%| F|  |TAMS 0x00000000ad200000| PB 0x00000000ad200000| Untracked 
| 211|0x00000000ad300000, 0x00000000ad300000, 0x00000000ad400000|  0%| F|  |TAMS 0x00000000ad300000| PB 0x00000000ad300000| Untracked 
| 212|0x00000000ad400000, 0x00000000ad400000, 0x00000000ad500000|  0%| F|  |TAMS 0x00000000ad400000| PB 0x00000000ad400000| Untracked 
| 213|0x00000000ad500000, 0x00000000ad500000, 0x00000000ad600000|  0%| F|  |TAMS 0x00000000ad500000| PB 0x00000000ad500000| Untracked 
| 214|0x00000000ad600000, 0x00000000ad600000, 0x00000000ad700000|  0%| F|  |TAMS 0x00000000ad600000| PB 0x00000000ad600000| Untracked 
| 215|0x00000000ad700000, 0x00000000ad700000, 0x00000000ad800000|  0%| F|  |TAMS 0x00000000ad700000| PB 0x00000000ad700000| Untracked 
| 216|0x00000000ad800000, 0x00000000ad800000, 0x00000000ad900000|  0%| F|  |TAMS 0x00000000ad800000| PB 0x00000000ad800000| Untracked 
| 217|0x00000000ad900000, 0x00000000ad900000, 0x00000000ada00000|  0%| F|  |TAMS 0x00000000ad900000| PB 0x00000000ad900000| Untracked 
| 218|0x00000000ada00000, 0x00000000ada00000, 0x00000000adb00000|  0%| F|  |TAMS 0x00000000ada00000| PB 0x00000000ada00000| Untracked 
| 219|0x00000000adb00000, 0x00000000adb00000, 0x00000000adc00000|  0%| F|  |TAMS 0x00000000adb00000| PB 0x00000000adb00000| Untracked 
| 220|0x00000000adc00000, 0x00000000adc00000, 0x00000000add00000|  0%| F|  |TAMS 0x00000000adc00000| PB 0x00000000adc00000| Untracked 
| 221|0x00000000add00000, 0x00000000add00000, 0x00000000ade00000|  0%| F|  |TAMS 0x00000000add00000| PB 0x00000000add00000| Untracked 
| 222|0x00000000ade00000, 0x00000000ade00000, 0x00000000adf00000|  0%| F|  |TAMS 0x00000000ade00000| PB 0x00000000ade00000| Untracked 
| 223|0x00000000adf00000, 0x00000000adf00000, 0x00000000ae000000|  0%| F|  |TAMS 0x00000000adf00000| PB 0x00000000adf00000| Untracked 
| 224|0x00000000ae000000, 0x00000000ae000000, 0x00000000ae100000|  0%| F|  |TAMS 0x00000000ae000000| PB 0x00000000ae000000| Untracked 
| 225|0x00000000ae100000, 0x00000000ae100000, 0x00000000ae200000|  0%| F|  |TAMS 0x00000000ae100000| PB 0x00000000ae100000| Untracked 
| 226|0x00000000ae200000, 0x00000000ae200000, 0x00000000ae300000|  0%| F|  |TAMS 0x00000000ae200000| PB 0x00000000ae200000| Untracked 
| 227|0x00000000ae300000, 0x00000000ae300000, 0x00000000ae400000|  0%| F|  |TAMS 0x00000000ae300000| PB 0x00000000ae300000| Untracked 
| 228|0x00000000ae400000, 0x00000000ae400000, 0x00000000ae500000|  0%| F|  |TAMS 0x00000000ae400000| PB 0x00000000ae400000| Untracked 
| 229|0x00000000ae500000, 0x00000000ae500000, 0x00000000ae600000|  0%| F|  |TAMS 0x00000000ae500000| PB 0x00000000ae500000| Untracked 
| 230|0x00000000ae600000, 0x00000000ae600000, 0x00000000ae700000|  0%| F|  |TAMS 0x00000000ae600000| PB 0x00000000ae600000| Untracked 
| 231|0x00000000ae700000, 0x00000000ae700000, 0x00000000ae800000|  0%| F|  |TAMS 0x00000000ae700000| PB 0x00000000ae700000| Untracked 
| 232|0x00000000ae800000, 0x00000000ae800000, 0x00000000ae900000|  0%| F|  |TAMS 0x00000000ae800000| PB 0x00000000ae800000| Untracked 
| 233|0x00000000ae900000, 0x00000000ae900000, 0x00000000aea00000|  0%| F|  |TAMS 0x00000000ae900000| PB 0x00000000ae900000| Untracked 
| 234|0x00000000aea00000, 0x00000000aea00000, 0x00000000aeb00000|  0%| F|  |TAMS 0x00000000aea00000| PB 0x00000000aea00000| Untracked 
| 235|0x00000000aeb00000, 0x00000000aeb00000, 0x00000000aec00000|  0%| F|  |TAMS 0x00000000aeb00000| PB 0x00000000aeb00000| Untracked 
| 236|0x00000000aec00000, 0x00000000aec00000, 0x00000000aed00000|  0%| F|  |TAMS 0x00000000aec00000| PB 0x00000000aec00000| Untracked 
| 237|0x00000000aed00000, 0x00000000aed00000, 0x00000000aee00000|  0%| F|  |TAMS 0x00000000aed00000| PB 0x00000000aed00000| Untracked 
| 238|0x00000000aee00000, 0x00000000aee00000, 0x00000000aef00000|  0%| F|  |TAMS 0x00000000aee00000| PB 0x00000000aee00000| Untracked 
| 239|0x00000000aef00000, 0x00000000aef00000, 0x00000000af000000|  0%| F|  |TAMS 0x00000000aef00000| PB 0x00000000aef00000| Untracked 
| 240|0x00000000af000000, 0x00000000af000000, 0x00000000af100000|  0%| F|  |TAMS 0x00000000af000000| PB 0x00000000af000000| Untracked 
| 241|0x00000000af100000, 0x00000000af100000, 0x00000000af200000|  0%| F|  |TAMS 0x00000000af100000| PB 0x00000000af100000| Untracked 
| 242|0x00000000af200000, 0x00000000af200000, 0x00000000af300000|  0%| F|  |TAMS 0x00000000af200000| PB 0x00000000af200000| Untracked 
| 253|0x00000000afd00000, 0x00000000afd00000, 0x00000000afe00000|  0%| F|  |TAMS 0x00000000afd00000| PB 0x00000000afd00000| Untracked 
|1510|0x00000000fe600000, 0x00000000fe700000, 0x00000000fe700000|100%| O|  |TAMS 0x00000000fe600000| PB 0x00000000fe600000| Untracked 
|1511|0x00000000fe700000, 0x00000000fe700000, 0x00000000fe800000|  0%| F|  |TAMS 0x00000000fe700000| PB 0x00000000fe700000| Untracked 
|1512|0x00000000fe800000, 0x00000000fe900000, 0x00000000fe900000|100%| E|  |TAMS 0x00000000fe800000| PB 0x00000000fe800000| Complete 
|1513|0x00000000fe900000, 0x00000000fea00000, 0x00000000fea00000|100%| O|  |TAMS 0x00000000fe900000| PB 0x00000000fe900000| Untracked 
|1514|0x00000000fea00000, 0x00000000feb00000, 0x00000000feb00000|100%| E|CS|TAMS 0x00000000fea00000| PB 0x00000000fea00000| Complete 
|1515|0x00000000feb00000, 0x00000000fec00000, 0x00000000fec00000|100%| E|CS|TAMS 0x00000000feb00000| PB 0x00000000feb00000| Complete 
|1516|0x00000000fec00000, 0x00000000fed00000, 0x00000000fed00000|100%| O|  |TAMS 0x00000000fec00000| PB 0x00000000fec00000| Untracked 
|1517|0x00000000fed00000, 0x00000000fee00000, 0x00000000fee00000|100%| E|CS|TAMS 0x00000000fed00000| PB 0x00000000fed00000| Complete 
|1518|0x00000000fee00000, 0x00000000fef00000, 0x00000000fef00000|100%| E|CS|TAMS 0x00000000fee00000| PB 0x00000000fee00000| Complete 
|1519|0x00000000fef00000, 0x00000000ff000000, 0x00000000ff000000|100%| O|  |TAMS 0x00000000fef00000| PB 0x00000000fef00000| Untracked 
|1520|0x00000000ff000000, 0x00000000ff100000, 0x00000000ff100000|100%| O|  |TAMS 0x00000000ff000000| PB 0x00000000ff000000| Untracked 
|1521|0x00000000ff100000, 0x00000000ff200000, 0x00000000ff200000|100%| O|  |TAMS 0x00000000ff100000| PB 0x00000000ff100000| Untracked 
|1522|0x00000000ff200000, 0x00000000ff300000, 0x00000000ff300000|100%| O|  |TAMS 0x00000000ff200000| PB 0x00000000ff200000| Untracked 
|1523|0x00000000ff300000, 0x00000000ff400000, 0x00000000ff400000|100%| O|  |TAMS 0x00000000ff300000| PB 0x00000000ff300000| Untracked 
|1524|0x00000000ff400000, 0x00000000ff500000, 0x00000000ff500000|100%| O|  |TAMS 0x00000000ff400000| PB 0x00000000ff400000| Untracked 
|1525|0x00000000ff500000, 0x00000000ff600000, 0x00000000ff600000|100%| O|  |TAMS 0x00000000ff500000| PB 0x00000000ff500000| Untracked 
|1526|0x00000000ff600000, 0x00000000ff700000, 0x00000000ff700000|100%| O|  |TAMS 0x00000000ff600000| PB 0x00000000ff600000| Untracked 
|1527|0x00000000ff700000, 0x00000000ff800000, 0x00000000ff800000|100%| O|  |TAMS 0x00000000ff700000| PB 0x00000000ff700000| Untracked 
|1528|0x00000000ff800000, 0x00000000ff900000, 0x00000000ff900000|100%| O|  |TAMS 0x00000000ff800000| PB 0x00000000ff800000| Untracked 
|1529|0x00000000ff900000, 0x00000000ffa00000, 0x00000000ffa00000|100%| O|  |TAMS 0x00000000ff900000| PB 0x00000000ff900000| Untracked 
|1530|0x00000000ffa00000, 0x00000000ffb00000, 0x00000000ffb00000|100%| O|  |TAMS 0x00000000ffa00000| PB 0x00000000ffa00000| Untracked 
|1531|0x00000000ffb00000, 0x00000000ffc00000, 0x00000000ffc00000|100%| O|  |TAMS 0x00000000ffb00000| PB 0x00000000ffb00000| Untracked 
|1532|0x00000000ffc00000, 0x00000000ffd00000, 0x00000000ffd00000|100%| O|  |TAMS 0x00000000ffc00000| PB 0x00000000ffc00000| Untracked 
|1533|0x00000000ffd00000, 0x00000000ffe00000, 0x00000000ffe00000|100%| O|  |TAMS 0x00000000ffd00000| PB 0x00000000ffd00000| Untracked 
|1534|0x00000000ffe00000, 0x00000000fff00000, 0x00000000fff00000|100%| O|  |TAMS 0x00000000ffe00000| PB 0x00000000ffe00000| Untracked 
|1535|0x00000000fff00000, 0x0000000100000000, 0x0000000100000000|100%| O|  |TAMS 0x00000000fff00000| PB 0x00000000fff00000| Untracked 

Card table byte_map: [0x0000020172dd0000,0x00000201730d0000] _byte_map_base: 0x00000201728d0000

Marking Bits: (CMBitMap*) 0x000002016f688390
 Bits: [0x00000201730d0000, 0x00000201748d0000)

Polling page: 0x000002016d490000

Metaspace:

Usage:
  Non-class:    106.50 MB used.
      Class:     17.48 MB used.
       Both:    123.98 MB used.

Virtual space:
  Non-class space:      128.00 MB reserved,     107.69 MB ( 84%) committed,  2 nodes.
      Class space:        1.00 GB reserved,      18.62 MB (  2%) committed,  1 nodes.
             Both:        1.12 GB reserved,     126.31 MB ( 11%) committed. 

Chunk freelists:
   Non-Class:  3.84 MB
       Class:  13.22 MB
        Both:  17.06 MB

MaxMetaspaceSize: unlimited
CompressedClassSpaceSize: 1.00 GB
Initial GC threshold: 21.00 MB
Current GC threshold: 190.94 MB
CDS: off
 - commit_granule_bytes: 65536.
 - commit_granule_words: 8192.
 - virtual_space_node_default_size: 8388608.
 - enlarge_chunks_in_place: 1.
 - use_allocation_guard: 0.


Internal statistics:

num_allocs_failed_limit: 6.
num_arena_births: 4534.
num_arena_deaths: 0.
num_vsnodes_births: 3.
num_vsnodes_deaths: 0.
num_space_committed: 2021.
num_space_uncommitted: 0.
num_chunks_returned_to_freelist: 6.
num_chunks_taken_from_freelist: 10091.
num_chunk_merges: 3.
num_chunk_splits: 6550.
num_chunks_enlarged: 4043.
num_inconsistent_stats: 0.

CodeHeap 'non-profiled nmethods': size=120000Kb used=7288Kb max_used=7288Kb free=112711Kb
 bounds [0x0000020107ad0000, 0x00000201081f0000, 0x000002010f000000]
CodeHeap 'profiled nmethods': size=120000Kb used=19899Kb max_used=19899Kb free=100100Kb
 bounds [0x0000020100000000, 0x0000020101370000, 0x0000020107530000]
CodeHeap 'non-nmethods': size=5760Kb used=2927Kb max_used=2947Kb free=2832Kb
 bounds [0x0000020107530000, 0x0000020107820000, 0x0000020107ad0000]
CodeCache: size=245760Kb, used=30114Kb, max_used=30134Kb, free=215643Kb
 total_blobs=12116, nmethods=11087, adapters=933, full_count=0
Compilation: enabled, stopped_count=0, restarted_count=0

Compilation events (20 events):
Event: 10.622 Thread 0x00000201774aa4f0 13325       3       org.gradle.api.internal.file.CompositeFileCollection::<init> (6 bytes)
Event: 10.623 Thread 0x00000201774aa4f0 nmethod 13325 0x0000020101366e10 code [0x0000020101366fe0, 0x0000020101367328]
Event: 10.623 Thread 0x00000201774aa4f0 13326       3       org.gradle.internal.typeconversion.NotationParserBuilder::toType (18 bytes)
Event: 10.623 Thread 0x00000201774aa4f0 nmethod 13326 0x0000020101367490 code [0x00000201013676a0, 0x0000020101367de8]
Event: 10.623 Thread 0x00000201774aa4f0 13327       3       org.gradle.internal.typeconversion.NotationParserBuilder::toComposite (9 bytes)
Event: 10.623 Thread 0x00000201774aa4f0 nmethod 13327 0x0000020101368090 code [0x0000020101368240, 0x00000201013683c8]
Event: 10.623 Thread 0x00000201774aa4f0 13328       1       com.android.build.api.component.impl.ComponentImpl::getBuildFeatures (5 bytes)
Event: 10.623 Thread 0x00000201774aa4f0 nmethod 13328 0x00000201081ed410 code [0x00000201081ed5a0, 0x00000201081ed668]
Event: 10.623 Thread 0x00000201774aa4f0 13329       3       org.gradle.api.internal.project.DefaultProject::getGradle (5 bytes)
Event: 10.623 Thread 0x00000201774aa4f0 nmethod 13329 0x0000020101368490 code [0x0000020101368660, 0x0000020101368920]
Event: 10.629 Thread 0x00000201774aa4f0 13330       3       org.gradle.api.internal.attributes.immutable.ImmutableAttributesSchemaFactory::convertStrategy (28 bytes)
Event: 10.630 Thread 0x00000201774aa4f0 nmethod 13330 0x0000020101368a90 code [0x0000020101368ce0, 0x00000201013695e8]
Event: 10.630 Thread 0x00000201774aa4f0 13331       3       org.gradle.api.internal.attributes.DefaultCompatibilityRuleChain_Decorated::getRules (39 bytes)
Event: 10.630 Thread 0x00000201774a92b0 13333       4       org.gradle.api.internal.DefaultDomainObjectCollection$IteratorImpl::next (18 bytes)
Event: 10.630 Thread 0x00000201774aa4f0 nmethod 13331 0x0000020101369910 code [0x0000020101369ae0, 0x0000020101369e48]
Event: 10.630 Thread 0x00000201774aa4f0 13332       3       org.gradle.api.internal.attributes.DefaultDisambiguationRuleChain_Decorated::getRules (39 bytes)
Event: 10.630 Thread 0x00000201774aa4f0 nmethod 13332 0x0000020101369f90 code [0x000002010136a160, 0x000002010136a4c8]
Event: 10.631 Thread 0x00000201774a92b0 nmethod 13333 0x00000201081ed710 code [0x00000201081ed8a0, 0x00000201081eda28]
Event: 10.631 Thread 0x00000201774aa4f0 13334       3       org.gradle.api.internal.artifacts.configurations.DefaultConfiguration::getHierarchy (37 bytes)
Event: 10.632 Thread 0x00000201774aa4f0 nmethod 13334 0x000002010136a610 code [0x000002010136a880, 0x000002010136b140]

GC Heap History (20 events):
Event: 7.284 GC heap before
{Heap before GC invocations=32 (full 0):
 garbage-first heap   total 232448K, used 211786K [0x00000000a0000000, 0x0000000100000000)
  region size 1024K, 72 young (73728K), 7 survivors (7168K)
 Metaspace       used 98762K, committed 100800K, reserved 1179648K
  class space    used 13760K, committed 14784K, reserved 1048576K
}
Event: 7.291 GC heap after
{Heap after GC invocations=33 (full 0):
 garbage-first heap   total 232448K, used 149196K [0x00000000a0000000, 0x0000000100000000)
  region size 1024K, 9 young (9216K), 9 survivors (9216K)
 Metaspace       used 98762K, committed 100800K, reserved 1179648K
  class space    used 13760K, committed 14784K, reserved 1048576K
}
Event: 7.441 GC heap before
{Heap before GC invocations=33 (full 0):
 garbage-first heap   total 232448K, used 179916K [0x00000000a0000000, 0x0000000100000000)
  region size 1024K, 40 young (40960K), 9 survivors (9216K)
 Metaspace       used 101004K, committed 103040K, reserved 1179648K
  class space    used 14099K, committed 15104K, reserved 1048576K
}
Event: 7.445 GC heap after
{Heap after GC invocations=34 (full 0):
 garbage-first heap   total 232448K, used 150564K [0x00000000a0000000, 0x0000000100000000)
  region size 1024K, 6 young (6144K), 6 survivors (6144K)
 Metaspace       used 101004K, committed 103040K, reserved 1179648K
  class space    used 14099K, committed 15104K, reserved 1048576K
}
Event: 7.842 GC heap before
{Heap before GC invocations=35 (full 0):
 garbage-first heap   total 254976K, used 213028K [0x00000000a0000000, 0x0000000100000000)
  region size 1024K, 66 young (67584K), 6 survivors (6144K)
 Metaspace       used 105773K, committed 107904K, reserved 1179648K
  class space    used 14934K, committed 16000K, reserved 1048576K
}
Event: 7.846 GC heap after
{Heap after GC invocations=36 (full 0):
 garbage-first heap   total 254976K, used 152257K [0x00000000a0000000, 0x0000000100000000)
  region size 1024K, 4 young (4096K), 4 survivors (4096K)
 Metaspace       used 105773K, committed 107904K, reserved 1179648K
  class space    used 14934K, committed 16000K, reserved 1048576K
}
Event: 8.407 GC heap before
{Heap before GC invocations=36 (full 0):
 garbage-first heap   total 254976K, used 236225K [0x00000000a0000000, 0x0000000100000000)
  region size 1024K, 84 young (86016K), 4 survivors (4096K)
 Metaspace       used 112918K, committed 115136K, reserved 1179648K
  class space    used 16018K, committed 17152K, reserved 1048576K
}
Event: 8.412 GC heap after
{Heap after GC invocations=37 (full 0):
 garbage-first heap   total 254976K, used 156970K [0x00000000a0000000, 0x0000000100000000)
  region size 1024K, 7 young (7168K), 7 survivors (7168K)
 Metaspace       used 112918K, committed 115136K, reserved 1179648K
  class space    used 16018K, committed 17152K, reserved 1048576K
}
Event: 8.699 GC heap before
{Heap before GC invocations=37 (full 0):
 garbage-first heap   total 254976K, used 232746K [0x00000000a0000000, 0x0000000100000000)
  region size 1024K, 82 young (83968K), 7 survivors (7168K)
 Metaspace       used 115105K, committed 117312K, reserved 1179648K
  class space    used 16304K, committed 17408K, reserved 1048576K
}
Event: 8.705 GC heap after
{Heap after GC invocations=38 (full 0):
 garbage-first heap   total 254976K, used 161874K [0x00000000a0000000, 0x0000000100000000)
  region size 1024K, 9 young (9216K), 9 survivors (9216K)
 Metaspace       used 115105K, committed 117312K, reserved 1179648K
  class space    used 16304K, committed 17408K, reserved 1048576K
}
Event: 8.909 GC heap before
{Heap before GC invocations=39 (full 0):
 garbage-first heap   total 271360K, used 230482K [0x00000000a0000000, 0x0000000100000000)
  region size 1024K, 76 young (77824K), 9 survivors (9216K)
 Metaspace       used 115105K, committed 117312K, reserved 1179648K
  class space    used 16304K, committed 17408K, reserved 1048576K
}
Event: 8.913 GC heap after
{Heap after GC invocations=40 (full 0):
 garbage-first heap   total 271360K, used 163200K [0x00000000a0000000, 0x0000000100000000)
  region size 1024K, 7 young (7168K), 7 survivors (7168K)
 Metaspace       used 115105K, committed 117312K, reserved 1179648K
  class space    used 16304K, committed 17408K, reserved 1048576K
}
Event: 9.178 GC heap before
{Heap before GC invocations=40 (full 0):
 garbage-first heap   total 271360K, used 248192K [0x00000000a0000000, 0x0000000100000000)
  region size 1024K, 90 young (92160K), 7 survivors (7168K)
 Metaspace       used 115105K, committed 117312K, reserved 1179648K
  class space    used 16304K, committed 17408K, reserved 1048576K
}
Event: 9.184 GC heap after
{Heap after GC invocations=41 (full 0):
 garbage-first heap   total 271360K, used 162738K [0x00000000a0000000, 0x0000000100000000)
  region size 1024K, 8 young (8192K), 8 survivors (8192K)
 Metaspace       used 115105K, committed 117312K, reserved 1179648K
  class space    used 16304K, committed 17408K, reserved 1048576K
}
Event: 9.469 GC heap before
{Heap before GC invocations=41 (full 0):
 garbage-first heap   total 271360K, used 247730K [0x00000000a0000000, 0x0000000100000000)
  region size 1024K, 91 young (93184K), 8 survivors (8192K)
 Metaspace       used 115105K, committed 117312K, reserved 1179648K
  class space    used 16304K, committed 17408K, reserved 1048576K
}
Event: 9.475 GC heap after
{Heap after GC invocations=42 (full 0):
 garbage-first heap   total 271360K, used 164893K [0x00000000a0000000, 0x0000000100000000)
  region size 1024K, 8 young (8192K), 8 survivors (8192K)
 Metaspace       used 115105K, committed 117312K, reserved 1179648K
  class space    used 16304K, committed 17408K, reserved 1048576K
}
Event: 10.025 GC heap before
{Heap before GC invocations=43 (full 0):
 garbage-first heap   total 276480K, used 248861K [0x00000000a0000000, 0x0000000100000000)
  region size 1024K, 89 young (91136K), 8 survivors (8192K)
 Metaspace       used 119544K, committed 121856K, reserved 1179648K
  class space    used 16838K, committed 17984K, reserved 1048576K
}
Event: 10.029 GC heap after
{Heap after GC invocations=44 (full 0):
 garbage-first heap   total 276480K, used 168105K [0x00000000a0000000, 0x0000000100000000)
  region size 1024K, 10 young (10240K), 10 survivors (10240K)
 Metaspace       used 119544K, committed 121856K, reserved 1179648K
  class space    used 16838K, committed 17984K, reserved 1048576K
}
Event: 10.608 GC heap before
{Heap before GC invocations=44 (full 0):
 garbage-first heap   total 276480K, used 251049K [0x00000000a0000000, 0x0000000100000000)
  region size 1024K, 91 young (93184K), 10 survivors (10240K)
 Metaspace       used 126558K, committed 128960K, reserved 1179648K
  class space    used 17839K, committed 19008K, reserved 1048576K
}
Event: 10.613 GC heap after
{Heap after GC invocations=45 (full 0):
 garbage-first heap   total 276480K, used 171539K [0x00000000a0000000, 0x0000000100000000)
  region size 1024K, 9 young (9216K), 9 survivors (9216K)
 Metaspace       used 126558K, committed 128960K, reserved 1179648K
  class space    used 17839K, committed 19008K, reserved 1048576K
}

Dll operation events (3 events):
Event: 0.004 Loaded shared library C:\Program Files\Android\Android Studio\jbr\bin\java.dll
Event: 0.007 Loaded shared library C:\Program Files\Android\Android Studio\jbr\bin\zip.dll
Event: 0.308 Loaded shared library C:\Program Files\Android\Android Studio\jbr\bin\verify.dll

Deoptimization events (20 events):
Event: 10.567 Thread 0x000002017de39010 DEOPT PACKING pc=0x0000020108162df0 sp=0x000000b01fff6ed0
Event: 10.567 Thread 0x000002017de39010 DEOPT UNPACKING pc=0x00000201075846a2 sp=0x000000b01fff6e88 mode 2
Event: 10.567 Thread 0x000002017de39010 Uncommon trap: trap_request=0xffffff45 fr.pc=0x0000020107d7e0b8 relative=0x0000000000000918
Event: 10.567 Thread 0x000002017de39010 Uncommon trap: reason=unstable_if action=reinterpret pc=0x0000020107d7e0b8 method=java.nio.file.FileTreeWalker.visit(Ljava/nio/file/Path;ZZ)Ljava/nio/file/FileTreeWalker$Event; @ 84 c2
Event: 10.567 Thread 0x000002017de39010 DEOPT PACKING pc=0x0000020107d7e0b8 sp=0x000000b01fff6e70
Event: 10.567 Thread 0x000002017de39010 DEOPT UNPACKING pc=0x00000201075846a2 sp=0x000000b01fff6e10 mode 2
Event: 10.570 Thread 0x000002017de39010 Uncommon trap: trap_request=0xffffff45 fr.pc=0x0000020107f1e2c8 relative=0x0000000000000288
Event: 10.570 Thread 0x000002017de39010 Uncommon trap: reason=unstable_if action=reinterpret pc=0x0000020107f1e2c8 method=java.lang.String.regionMatches(ZILjava/lang/String;II)Z @ 1 c2
Event: 10.570 Thread 0x000002017de39010 DEOPT PACKING pc=0x0000020107f1e2c8 sp=0x000000b01fff6550
Event: 10.570 Thread 0x000002017de39010 DEOPT UNPACKING pc=0x00000201075846a2 sp=0x000000b01fff64e8 mode 2
Event: 10.574 Thread 0x000002017de39010 DEOPT PACKING pc=0x00000201011ab48e sp=0x000000b01fff72d0
Event: 10.574 Thread 0x000002017de39010 DEOPT UNPACKING pc=0x0000020107584e42 sp=0x000000b01fff6890 mode 0
Event: 10.576 Thread 0x000002017de39010 Uncommon trap: trap_request=0xffffffd6 fr.pc=0x00000201081dbdfc relative=0x0000000000001bfc
Event: 10.576 Thread 0x000002017de39010 Uncommon trap: reason=array_check action=maybe_recompile pc=0x00000201081dbdfc method=java.util.TimSort.reverseRange([Ljava/lang/Object;II)V @ 27 c2
Event: 10.576 Thread 0x000002017de39010 DEOPT PACKING pc=0x00000201081dbdfc sp=0x000000b01fff7360
Event: 10.576 Thread 0x000002017de39010 DEOPT UNPACKING pc=0x00000201075846a2 sp=0x000000b01fff7208 mode 2
Event: 10.613 Thread 0x0000020177463c80 Uncommon trap: trap_request=0xffffff45 fr.pc=0x0000020107ee06ac relative=0x000000000000072c
Event: 10.613 Thread 0x0000020177463c80 Uncommon trap: reason=unstable_if action=reinterpret pc=0x0000020107ee06ac method=java.lang.ThreadLocal.remove(Ljava/lang/Thread;)V @ 7 c2
Event: 10.613 Thread 0x0000020177463c80 DEOPT PACKING pc=0x0000020107ee06ac sp=0x000000b01effef30
Event: 10.613 Thread 0x0000020177463c80 DEOPT UNPACKING pc=0x00000201075846a2 sp=0x000000b01effee90 mode 2

Classes loaded (20 events):
Event: 10.593 Loading class javax/xml/stream/events/Attribute
Event: 10.593 Loading class javax/xml/stream/events/Attribute done
Event: 10.593 Loading class javax/xml/stream/events/Namespace done
Event: 10.593 Loading class com/sun/xml/internal/stream/events/AttributeImpl
Event: 10.593 Loading class com/sun/xml/internal/stream/events/AttributeImpl done
Event: 10.593 Loading class com/sun/xml/internal/stream/events/NamespaceImpl done
Event: 10.593 Loading class com/sun/org/apache/xerces/internal/util/NamespaceSupport$Prefixes
Event: 10.593 Loading class com/sun/org/apache/xerces/internal/util/NamespaceSupport$Prefixes done
Event: 10.593 Loading class com/sun/xml/internal/stream/events/CharacterEvent
Event: 10.593 Loading class javax/xml/stream/events/Characters
Event: 10.593 Loading class javax/xml/stream/events/Characters done
Event: 10.593 Loading class com/sun/xml/internal/stream/events/CharacterEvent done
Event: 10.593 Loading class com/sun/xml/internal/stream/events/EndElementEvent
Event: 10.593 Loading class javax/xml/stream/events/EndElement
Event: 10.594 Loading class javax/xml/stream/events/EndElement done
Event: 10.594 Loading class com/sun/xml/internal/stream/events/EndElementEvent done
Event: 10.595 Loading class com/sun/xml/internal/stream/events/CommentEvent
Event: 10.595 Loading class javax/xml/stream/events/Comment
Event: 10.595 Loading class javax/xml/stream/events/Comment done
Event: 10.595 Loading class com/sun/xml/internal/stream/events/CommentEvent done

Classes unloaded (0 events):
No events

Classes redefined (0 events):
No events

Internal exceptions (20 events):
Event: 8.450 Thread 0x000002017f680620 Exception <a 'java/lang/NoSuchMethodError'{0x00000000afdde4b0}: 'void java.lang.invoke.DirectMethodHandle$Holder.invokeStatic(java.lang.Object, int)'> (0x00000000afdde4b0) 
thrown [s\src\hotspot\share\interpreter\linkResolver.cpp, line 784]
Event: 8.450 Thread 0x000002017f680620 Exception <a 'java/lang/NoSuchMethodError'{0x00000000afde1870}: 'void java.lang.invoke.DirectMethodHandle$Holder.invokeStaticInit(java.lang.Object, int)'> (0x00000000afde1870) 
thrown [s\src\hotspot\share\interpreter\linkResolver.cpp, line 784]
Event: 9.743 Thread 0x000002017de39010 Exception <a 'java/lang/ClassNotFoundException'{0x00000000acb684f8}: org/gradle/api/internal/plugins/NaggingBasePluginConventionBeanInfo> (0x00000000acb684f8) 
thrown [s\src\hotspot\share\classfile\systemDictionary.cpp, line 312]
Event: 9.743 Thread 0x000002017de39010 Exception <a 'java/lang/ClassNotFoundException'{0x00000000acb73f08}: org/gradle/api/plugins/BasePluginConventionBeanInfo> (0x00000000acb73f08) 
thrown [s\src\hotspot\share\classfile\systemDictionary.cpp, line 312]
Event: 9.743 Thread 0x000002017de39010 Exception <a 'java/lang/ClassNotFoundException'{0x00000000acb7f8e0}: org/gradle/api/plugins/BasePluginConventionCustomizer> (0x00000000acb7f8e0) 
thrown [s\src\hotspot\share\classfile\systemDictionary.cpp, line 312]
Event: 9.744 Thread 0x000002017de39010 Exception <a 'java/lang/ClassNotFoundException'{0x00000000acb973f0}: org/gradle/api/internal/plugins/NaggingBasePluginConventionCustomizer> (0x00000000acb973f0) 
thrown [s\src\hotspot\share\classfile\systemDictionary.cpp, line 312]
Event: 9.745 Thread 0x000002017de39010 Exception <a 'java/lang/ClassNotFoundException'{0x00000000acbd3808}: org/gradle/api/plugins/internal/NaggingJavaPluginConventionBeanInfo> (0x00000000acbd3808) 
thrown [s\src\hotspot\share\classfile\systemDictionary.cpp, line 312]
Event: 9.746 Thread 0x000002017de39010 Exception <a 'java/lang/ClassNotFoundException'{0x00000000acbdf218}: org/gradle/api/plugins/JavaPluginConventionBeanInfo> (0x00000000acbdf218) 
thrown [s\src\hotspot\share\classfile\systemDictionary.cpp, line 312]
Event: 9.746 Thread 0x000002017de39010 Exception <a 'java/lang/ClassNotFoundException'{0x00000000acbeabf0}: org/gradle/api/plugins/JavaPluginConventionCustomizer> (0x00000000acbeabf0) 
thrown [s\src\hotspot\share\classfile\systemDictionary.cpp, line 312]
Event: 9.746 Thread 0x000002017de39010 Exception <a 'java/lang/ClassNotFoundException'{0x00000000aca0c410}: org/gradle/api/plugins/internal/NaggingJavaPluginConventionCustomizer> (0x00000000aca0c410) 
thrown [s\src\hotspot\share\classfile\systemDictionary.cpp, line 312]
Event: 9.758 Thread 0x000002017f680620 Exception <a 'java/lang/NoSuchMethodError'{0x00000000ac531478}: static Lorg/jetbrains/plugins/gradle/tooling/serialization/internal/adapter/kotlin/dsl/InternalKotlinDslScriptsModel;.<clinit>()V> (0x00000000ac531478) 
thrown [s\src\hotspot\share\prims\jni.cpp, line 1144]
Event: 9.759 Thread 0x000002017f680620 Exception <a 'java/lang/NoSuchMethodError'{0x00000000ac59c8a0}: static Lorg/jetbrains/plugins/gradle/tooling/serialization/internal/adapter/kotlin/dsl/InternalKotlinDslScriptModel;.<clinit>()V> (0x00000000ac59c8a0) 
thrown [s\src\hotspot\share\prims\jni.cpp, line 1144]
Event: 9.780 Thread 0x000002017f680620 Exception <a 'java/lang/NoSuchMethodError'{0x00000000ac5f3ec8}: static Lcom/intellij/gradle/toolingExtension/impl/javaModel/manifestModel/DefaultJavaGradleManifestModel;.<clinit>()V> (0x00000000ac5f3ec8) 
thrown [s\src\hotspot\share\prims\jni.cpp, line 1144]
Event: 9.876 Thread 0x000002017de39010 Exception <a 'java/lang/NoSuchMethodError'{0x00000000ab96b7b0}: 'void java.lang.invoke.DirectMethodHandle$Holder.invokeStatic(java.lang.Object, int, java.lang.Object)'> (0x00000000ab96b7b0) 
thrown [s\src\hotspot\share\interpreter\linkResolver.cpp, line 784]
Event: 10.000 Thread 0x000002017de39010 Exception <a 'sun/nio/fs/WindowsException'{0x00000000aac80828}> (0x00000000aac80828) 
thrown [s\src\hotspot\share\prims\jni.cpp, line 537]
Event: 10.000 Thread 0x000002017de39010 Exception <a 'sun/nio/fs/WindowsException'{0x00000000aac81ef8}> (0x00000000aac81ef8) 
thrown [s\src\hotspot\share\prims\jni.cpp, line 537]
Event: 10.000 Thread 0x000002017de39010 Exception <a 'sun/nio/fs/WindowsException'{0x00000000aac83618}> (0x00000000aac83618) 
thrown [s\src\hotspot\share\prims\jni.cpp, line 537]
Event: 10.000 Thread 0x000002017de39010 Exception <a 'sun/nio/fs/WindowsException'{0x00000000aac84d38}> (0x00000000aac84d38) 
thrown [s\src\hotspot\share\prims\jni.cpp, line 537]
Event: 10.087 Thread 0x000002017de39010 Exception <a 'java/lang/NullPointerException'{0x00000000af185ae8}> (0x00000000af185ae8) 
thrown [s\src\hotspot\share\interpreter\linkResolver.cpp, line 1471]
Event: 10.613 Thread 0x0000020177463c80 Implicit null exception at 0x0000020107edffc8 to 0x0000020107ee069c

ZGC Phase Switch (0 events):
No events

VM Operations (20 events):
Event: 9.542 Executing VM operation: G1PauseCleanup
Event: 9.542 Executing VM operation: G1PauseCleanup done
Event: 9.733 Executing VM operation: ICBufferFull
Event: 9.734 Executing VM operation: ICBufferFull done
Event: 9.826 Executing VM operation: HandshakeAllThreads (Deoptimize)
Event: 9.827 Executing VM operation: HandshakeAllThreads (Deoptimize) done
Event: 10.025 Executing VM operation: G1CollectForAllocation (G1 Evacuation Pause)
Event: 10.029 Executing VM operation: G1CollectForAllocation (G1 Evacuation Pause) done
Event: 10.239 Executing VM operation: HandshakeAllThreads (Deoptimize)
Event: 10.239 Executing VM operation: HandshakeAllThreads (Deoptimize) done
Event: 10.267 Executing VM operation: HandshakeAllThreads (Deoptimize)
Event: 10.267 Executing VM operation: HandshakeAllThreads (Deoptimize) done
Event: 10.285 Executing VM operation: HandshakeAllThreads (Deoptimize)
Event: 10.285 Executing VM operation: HandshakeAllThreads (Deoptimize) done
Event: 10.306 Executing VM operation: ICBufferFull
Event: 10.306 Executing VM operation: ICBufferFull done
Event: 10.461 Executing VM operation: ICBufferFull
Event: 10.461 Executing VM operation: ICBufferFull done
Event: 10.607 Executing VM operation: G1CollectForAllocation (G1 Evacuation Pause)
Event: 10.613 Executing VM operation: G1CollectForAllocation (G1 Evacuation Pause) done

Memory protections (0 events):
No events

Nmethod flushes (20 events):
Event: 9.521 Thread 0x000002017730a9e0 flushing  nmethod 0x0000020100964210
Event: 9.521 Thread 0x000002017730a9e0 flushing  nmethod 0x0000020100993310
Event: 9.521 Thread 0x000002017730a9e0 flushing  nmethod 0x00000201009c3190
Event: 9.521 Thread 0x000002017730a9e0 flushing  nmethod 0x00000201009c5c10
Event: 9.521 Thread 0x000002017730a9e0 flushing  nmethod 0x00000201009c8310
Event: 9.521 Thread 0x000002017730a9e0 flushing  nmethod 0x0000020100a64490
Event: 9.521 Thread 0x000002017730a9e0 flushing  nmethod 0x0000020100a65010
Event: 9.521 Thread 0x000002017730a9e0 flushing  nmethod 0x0000020100a65a90
Event: 9.521 Thread 0x000002017730a9e0 flushing  nmethod 0x0000020100a67990
Event: 9.521 Thread 0x000002017730a9e0 flushing  nmethod 0x0000020100ab5410
Event: 9.521 Thread 0x000002017730a9e0 flushing  nmethod 0x0000020100ae1110
Event: 9.521 Thread 0x000002017730a9e0 flushing  nmethod 0x0000020100ae2190
Event: 9.521 Thread 0x000002017730a9e0 flushing  nmethod 0x0000020100ae3710
Event: 9.521 Thread 0x000002017730a9e0 flushing  nmethod 0x0000020100ae9910
Event: 9.521 Thread 0x000002017730a9e0 flushing  nmethod 0x0000020100b29990
Event: 9.521 Thread 0x000002017730a9e0 flushing  nmethod 0x0000020100e5f810
Event: 9.521 Thread 0x000002017730a9e0 flushing  nmethod 0x0000020100efb010
Event: 9.521 Thread 0x000002017730a9e0 flushing  nmethod 0x0000020100f94190
Event: 9.521 Thread 0x000002017730a9e0 flushing  nmethod 0x0000020100fe4410
Event: 9.521 Thread 0x000002017730a9e0 flushing  nmethod 0x00000201011ad790

Events (20 events):
Event: 8.311 Thread 0x000002017f67f270 Thread exited: 0x000002017f67f270
Event: 8.344 Thread 0x0000020110c335a0 Thread exited: 0x0000020110c335a0
Event: 8.351 Thread 0x000002017de39010 Thread added: 0x000002017f67f270
Event: 8.355 Thread 0x000002017f67f270 Thread added: 0x000002017f67d1a0
Event: 8.355 Thread 0x000002017f67f270 Thread added: 0x000002017f67bdf0
Event: 8.355 Thread 0x000002017f67f270 Thread added: 0x000002017f67f900
Event: 8.355 Thread 0x000002017f67f270 Thread added: 0x000002017f67ff90
Event: 8.355 Thread 0x000002017f67f270 Thread added: 0x000002017f67cb10
Event: 8.355 Thread 0x000002017f67f270 Thread added: 0x000002017f681340
Event: 8.355 Thread 0x000002017f67f270 Thread added: 0x000002017f6819d0
Event: 8.367 Thread 0x000002017f67f270 Thread added: 0x000002017f680cb0
Event: 8.414 Thread 0x000002017de39010 Thread added: 0x000002017f680620
Event: 8.495 Thread 0x000002017de39010 Thread added: 0x000002017f683410
Event: 9.098 Thread 0x000002017c1aa270 Thread exited: 0x000002017c1aa270
Event: 9.244 Thread 0x00000201774a92b0 Thread added: 0x000002010f095a60
Event: 9.584 Thread 0x000002010f095a60 Thread exited: 0x000002010f095a60
Event: 9.618 Thread 0x00000201774aa4f0 Thread added: 0x000002010f095a60
Event: 9.803 Thread 0x00000201774aa4f0 Thread added: 0x000002010f096130
Event: 10.456 Thread 0x000002017de39010 Thread added: 0x000002011078fc10
Event: 10.556 Thread 0x000002017de39010 Thread added: 0x0000020112ba5080


Dynamic libraries:
0x00007ff7939d0000 - 0x00007ff7939da000 	C:\Program Files\Android\Android Studio\jbr\bin\java.exe
0x00007fff123a0000 - 0x00007fff12607000 	C:\WINDOWS\SYSTEM32\ntdll.dll
0x00007fff10de0000 - 0x00007fff10ea9000 	C:\WINDOWS\System32\KERNEL32.DLL
0x00007fff0f960000 - 0x00007fff0fd4f000 	C:\WINDOWS\System32\KERNELBASE.dll
0x00007fff0f750000 - 0x00007fff0f89b000 	C:\WINDOWS\System32\ucrtbase.dll
0x00007ffefd760000 - 0x00007ffefd77b000 	C:\Program Files\Android\Android Studio\jbr\bin\VCRUNTIME140.dll
0x00007ffef0560000 - 0x00007ffef0578000 	C:\Program Files\Android\Android Studio\jbr\bin\jli.dll
0x00007fff10910000 - 0x00007fff10ad5000 	C:\WINDOWS\System32\USER32.dll
0x00007fff0f4f0000 - 0x00007fff0f517000 	C:\WINDOWS\System32\win32u.dll
0x00007fff106b0000 - 0x00007fff106db000 	C:\WINDOWS\System32\GDI32.dll
0x00007ffefe090000 - 0x00007ffefe323000 	C:\WINDOWS\WinSxS\amd64_microsoft.windows.common-controls_6595b64144ccf1df_6.0.26100.7309_none_3e05feeae336a044\COMCTL32.dll
0x00007fff0fdf0000 - 0x00007fff0ff1c000 	C:\WINDOWS\System32\gdi32full.dll
0x00007fff0f520000 - 0x00007fff0f5c3000 	C:\WINDOWS\System32\msvcp_win.dll
0x00007fff121c0000 - 0x00007fff12269000 	C:\WINDOWS\System32\msvcrt.dll
0x00007fff106e0000 - 0x00007fff10711000 	C:\WINDOWS\System32\IMM32.DLL
0x00007fff004c0000 - 0x00007fff004cc000 	C:\Program Files\Android\Android Studio\jbr\bin\vcruntime140_1.dll
0x00007ffed0450000 - 0x00007ffed04dd000 	C:\Program Files\Android\Android Studio\jbr\bin\msvcp140.dll
0x00007ffe66e10000 - 0x00007ffe67aa6000 	C:\Program Files\Android\Android Studio\jbr\bin\server\jvm.dll
0x00007fff122a0000 - 0x00007fff12354000 	C:\WINDOWS\System32\ADVAPI32.dll
0x00007fff12110000 - 0x00007fff121b6000 	C:\WINDOWS\System32\sechost.dll
0x00007fff10590000 - 0x00007fff106a8000 	C:\WINDOWS\System32\RPCRT4.dll
0x00007fff107b0000 - 0x00007fff10824000 	C:\WINDOWS\System32\WS2_32.dll
0x00007fff0f2a0000 - 0x00007fff0f2fe000 	C:\WINDOWS\SYSTEM32\POWRPROF.dll
0x00007fff095f0000 - 0x00007fff095fb000 	C:\WINDOWS\SYSTEM32\VERSION.dll
0x00007fff03df0000 - 0x00007fff03e25000 	C:\WINDOWS\SYSTEM32\WINMM.dll
0x00007fff0f180000 - 0x00007fff0f194000 	C:\WINDOWS\SYSTEM32\UMPDC.dll
0x00007fff0e2a0000 - 0x00007fff0e2bb000 	C:\WINDOWS\SYSTEM32\kernel.appcore.dll
0x00007fff00470000 - 0x00007fff0047a000 	C:\Program Files\Android\Android Studio\jbr\bin\jimage.dll
0x00007ffefe330000 - 0x00007ffefe572000 	C:\WINDOWS\SYSTEM32\DBGHELP.DLL
0x00007fff10fb0000 - 0x00007fff11336000 	C:\WINDOWS\System32\combase.dll
0x00007fff10830000 - 0x00007fff10906000 	C:\WINDOWS\System32\OLEAUT32.dll
0x00007fff0c630000 - 0x00007fff0c66c000 	C:\WINDOWS\SYSTEM32\dbgcore.DLL
0x00007fff10090000 - 0x00007fff10135000 	C:\WINDOWS\System32\bcryptPrimitives.dll
0x00007fff09960000 - 0x00007fff0996e000 	C:\Program Files\Android\Android Studio\jbr\bin\instrument.dll
0x00007ffefd280000 - 0x00007ffefd2a0000 	C:\Program Files\Android\Android Studio\jbr\bin\java.dll
0x00007ffefd220000 - 0x00007ffefd238000 	C:\Program Files\Android\Android Studio\jbr\bin\zip.dll
0x00007fff119b0000 - 0x00007fff12103000 	C:\WINDOWS\System32\SHELL32.dll
0x00007fff0ff20000 - 0x00007fff1008a000 	C:\WINDOWS\System32\wintypes.dll
0x00007fff0d130000 - 0x00007fff0d98e000 	C:\WINDOWS\SYSTEM32\windows.storage.dll
0x00007fff10eb0000 - 0x00007fff10fa5000 	C:\WINDOWS\System32\SHCORE.dll
0x00007fff117d0000 - 0x00007fff11836000 	C:\WINDOWS\System32\shlwapi.dll
0x00007fff0f410000 - 0x00007fff0f439000 	C:\WINDOWS\SYSTEM32\profapi.dll
0x00007fff00440000 - 0x00007fff00450000 	C:\Program Files\Android\Android Studio\jbr\bin\net.dll
0x00007fff08bb0000 - 0x00007fff08cd8000 	C:\WINDOWS\SYSTEM32\WINHTTP.dll
0x00007fff0e810000 - 0x00007fff0e87b000 	C:\WINDOWS\system32\mswsock.dll
0x00007ffefcf00000 - 0x00007ffefcf16000 	C:\Program Files\Android\Android Studio\jbr\bin\nio.dll
0x00007ffefd590000 - 0x00007ffefd5a0000 	C:\Program Files\Android\Android Studio\jbr\bin\verify.dll
0x00007ffef6da0000 - 0x00007ffef6dc7000 	C:\Users\ajays\.gradle\native\1def1411415f61bf3af743bc5b6707747c0891f09f0c88961ee8f79bc544acac\windows-amd64\native-platform.dll
0x00007ffed0280000 - 0x00007ffed02f8000 	C:\Users\ajays\.gradle\native\0.2.7\x86_64-windows-gnu\gradle-fileevents.dll
0x00007ffefd920000 - 0x00007ffefd929000 	C:\Program Files\Android\Android Studio\jbr\bin\management.dll
0x00007ffefd890000 - 0x00007ffefd89b000 	C:\Program Files\Android\Android Studio\jbr\bin\management_ext.dll
0x00007fff12290000 - 0x00007fff12298000 	C:\WINDOWS\System32\PSAPI.DLL
0x00007fff0dcb0000 - 0x00007fff0dce4000 	C:\WINDOWS\SYSTEM32\IPHLPAPI.DLL
0x00007fff10350000 - 0x00007fff1035a000 	C:\WINDOWS\System32\NSI.dll
0x00007ffefddd0000 - 0x00007ffefddd9000 	C:\Program Files\Android\Android Studio\jbr\bin\extnet.dll
0x00007fff0ead0000 - 0x00007fff0eaeb000 	C:\WINDOWS\SYSTEM32\CRYPTSP.dll
0x00007fff0e200000 - 0x00007fff0e23a000 	C:\WINDOWS\system32\rsaenh.dll
0x00007fff0e8c0000 - 0x00007fff0e8eb000 	C:\WINDOWS\SYSTEM32\USERENV.dll
0x00007fff0f3e0000 - 0x00007fff0f40a000 	C:\WINDOWS\SYSTEM32\bcrypt.dll
0x00007fff0eaf0000 - 0x00007fff0eafc000 	C:\WINDOWS\SYSTEM32\CRYPTBASE.dll
0x00007ffeb18c0000 - 0x00007ffeb18c8000 	C:\WINDOWS\system32\wshunix.dll
0x00007ffeeb080000 - 0x00007ffeeb098000 	C:\WINDOWS\system32\napinsp.dll
0x00007fff0dd40000 - 0x00007fff0de6c000 	C:\WINDOWS\SYSTEM32\DNSAPI.dll
0x00007ffee9240000 - 0x00007ffee9252000 	C:\WINDOWS\System32\winrnr.dll
0x00007ffee8cd0000 - 0x00007ffee8cf2000 	C:\WINDOWS\system32\nlansp_c.dll
0x00007ffeefed0000 - 0x00007ffeefee6000 	C:\WINDOWS\system32\wshbth.dll
0x00007fff02d60000 - 0x00007fff02d6b000 	C:\Windows\System32\rasadhlp.dll
0x00007fff039d0000 - 0x00007fff03a56000 	C:\WINDOWS\System32\fwpuclnt.dll

JVMTI agents:
C:\Users\ajays\.gradle\wrapper\dists\gradle-8.13-bin\5xuhj0ry160q40clulazy9h7d\gradle-8.13\lib\agents\gradle-instrumentation-agent-8.13.jar path:C:\Program Files\Android\Android Studio\jbr\bin\instrument.dll, loaded, initialized, instrumentlib options:none

dbghelp: loaded successfully - version: 4.0.5 - missing functions: none
symbol engine: initialized successfully - sym options: 0x614 - pdb path: .;C:\Program Files\Android\Android Studio\jbr\bin;C:\WINDOWS\SYSTEM32;C:\WINDOWS\WinSxS\amd64_microsoft.windows.common-controls_6595b64144ccf1df_6.0.26100.7309_none_3e05feeae336a044;C:\Program Files\Android\Android Studio\jbr\bin\server;C:\Users\ajays\.gradle\native\1def1411415f61bf3af743bc5b6707747c0891f09f0c88961ee8f79bc544acac\windows-amd64;C:\Users\ajays\.gradle\native\0.2.7\x86_64-windows-gnu

VM Arguments:
jvm_args: --add-opens=java.base/java.lang=ALL-UNNAMED --add-opens=java.base/java.lang.invoke=ALL-UNNAMED --add-opens=java.base/java.util=ALL-UNNAMED --add-opens=java.prefs/java.util.prefs=ALL-UNNAMED --add-exports=jdk.compiler/com.sun.tools.javac.api=ALL-UNNAMED --add-exports=jdk.compiler/com.sun.tools.javac.util=ALL-UNNAMED --add-opens=java.base/java.util=ALL-UNNAMED --add-opens=java.prefs/java.util.prefs=ALL-UNNAMED --add-opens=java.base/java.nio.charset=ALL-UNNAMED --add-opens=java.base/java.net=ALL-UNNAMED --add-opens=java.base/java.util.concurrent.atomic=ALL-UNNAMED --add-opens=java.xml/javax.xml.namespace=ALL-UNNAMED -XX:+UseG1GC -XX:MaxGCPauseMillis=1000 -Xmx1536m -Dfile.encoding=UTF-8 -Duser.country=US -Duser.language=en -Duser.variant -javaagent:C:\Users\ajays\.gradle\wrapper\dists\gradle-8.13-bin\5xuhj0ry160q40clulazy9h7d\gradle-8.13\lib\agents\gradle-instrumentation-agent-8.13.jar 
java_command: org.gradle.launcher.daemon.bootstrap.GradleDaemon 8.13
java_class_path (initial): C:\Users\ajays\.gradle\wrapper\dists\gradle-8.13-bin\5xuhj0ry160q40clulazy9h7d\gradle-8.13\lib\gradle-daemon-main-8.13.jar
Launcher Type: SUN_STANDARD

[Global flags]
     intx CICompilerCount                          = 4                                         {product} {ergonomic}
     uint ConcGCThreads                            = 2                                         {product} {ergonomic}
     uint G1ConcRefinementThreads                  = 8                                         {product} {ergonomic}
   size_t G1HeapRegionSize                         = 1048576                                   {product} {ergonomic}
    uintx GCDrainStackTargetSize                   = 64                                        {product} {ergonomic}
   size_t InitialHeapSize                          = 266338304                                 {product} {ergonomic}
   size_t MarkStackSize                            = 4194304                                   {product} {ergonomic}
    uintx MaxGCPauseMillis                         = 1000                                      {product} {command line}
   size_t MaxHeapSize                              = 1610612736                                {product} {command line}
   size_t MaxNewSize                               = 965738496                                 {product} {ergonomic}
   size_t MinHeapDeltaBytes                        = 1048576                                   {product} {ergonomic}
   size_t MinHeapSize                              = 8388608                                   {product} {ergonomic}
    uintx NonNMethodCodeHeapSize                   = 5839372                                {pd product} {ergonomic}
    uintx NonProfiledCodeHeapSize                  = 122909434                              {pd product} {ergonomic}
    uintx ProfiledCodeHeapSize                     = 122909434                              {pd product} {ergonomic}
    uintx ReservedCodeCacheSize                    = 251658240                              {pd product} {ergonomic}
     bool SegmentedCodeCache                       = true                                      {product} {ergonomic}
   size_t SoftMaxHeapSize                          = 1610612736                             {manageable} {ergonomic}
     bool UseCompressedOops                        = true                           {product lp64_product} {ergonomic}
     bool UseG1GC                                  = true                                      {product} {command line}
     bool UseLargePagesIndividualAllocation        = false                                  {pd product} {ergonomic}

Logging:
Log output configuration:
 #0: stdout all=warning uptime,level,tags foldmultilines=false
 #1: stderr all=off uptime,level,tags foldmultilines=false

Environment Variables:
JAVA_HOME=C:\Program Files\Android\Android Studio\jbr
PATH=C:\Python314\Scripts\;C:\Python314\;C:\Program Files\Android\Android Studio\jbr\bin;%PATH%;C:\ProgramData\chocolatey\bin;C:\Program Files\nodejs\;C:\Users\ajays\.pyenv\pyenv-win\bin;C:\Users\ajays\.pyenv\pyenv-win\shims;C:\Users\ajays\AppData\Local\Programs\Python\Python313\Scripts\;C:\Users\ajays\AppData\Local\Programs\Python\Python313\;C:\WINDOWS\system32;C:\WINDOWS;C:\WINDOWS\System32\Wbem;C:\WINDOWS\System32\WindowsPowerShell\v1.0\;C:\WINDOWS\System32\OpenSSH\;C:\Users\ajays\AppData\Local\Android\Sdk\platform-tools;C:\Users\ajays\AppData\Local\Android\Sdk\tools;C:\Program Files (x86)\NVIDIA Corporation\PhysX\Common;C:\Program Files\NVIDIA Corporation\NVIDIA NvDLISR;C:\Users\ajays\AppData\Local\Microsoft\WindowsApps;C:\Users\ajays\AppData\Local\Programs\Microsoft VS Code\bin;C:\Program Files\Git\cmd;C:\ProgramData\miniconda3\Scripts;C:\Users\ajays\AppData\Local\Microsoft\WinGet\Packages\Genymobile.scrcpy_Microsoft.Winget.Source_8wekyb3d8bbwe\scrcpy-win64-v3.3.3;C:\Users\ajays\AppData\Roaming\npm
USERNAME=ajays
OS=Windows_NT
PROCESSOR_IDENTIFIER=Intel64 Family 6 Model 151 Stepping 5, GenuineIntel
TMP=C:\Users\ajays\AppData\Local\Temp
TEMP=C:\Users\ajays\AppData\Local\Temp




Periodic native trim disabled

JNI global refs:
JNI global refs: 28, weak refs: 0

JNI global refs memory usage: 835, weak refs: 833

Process memory usage:
Resident Set Size: 604848K (3% of 16541060K total physical memory with 2216332K free physical memory)

OOME stack traces (most recent first):
Classloader memory used:
Loader org.gradle.internal.classloader.VisitableURLClassLoader                         : 43935K
Loader org.gradle.internal.classloader.VisitableURLClassLoader$InstrumentingVisitableURLClassLoader: 33123K
Loader bootstrap                                                                       : 29887K
Loader org.gradle.initialization.MixInLegacyTypesClassLoader                           : 13862K
Loader org.gradle.internal.classloader.VisitableURLClassLoader                         : 4883K
Loader jdk.internal.loader.ClassLoaders$PlatformClassLoader                            : 515K
Loader jdk.internal.reflect.DelegatingClassLoader                                      : 497K
Loader jdk.internal.loader.ClassLoaders$AppClassLoader                                 : 235K
Loader org.gradle.groovy.scripts.internal.DefaultScriptCompilationHandler$ScriptClassLoader: 91696B
Loader org.codehaus.groovy.runtime.callsite.CallSiteClassLoader                        : 49912B

Classes loaded by more than one classloader:
Class Program                                                                         : loaded 5 times (x 72B)
Class com.google.common.collect.ImmutableList$SubList                                 : loaded 3 times (x 209B)
Class com.google.common.collect.ImmutableSet$SetBuilderImpl                           : loaded 3 times (x 76B)
Class com.google.common.collect.ImmutableList                                         : loaded 3 times (x 206B)
Class Build_gradle                                                                    : loaded 3 times (x 130B)
Class com.google.common.collect.RangeSet                                              : loaded 3 times (x 70B)
Class com.google.common.base.Joiner$2                                                 : loaded 3 times (x 79B)
Class com.google.common.collect.RangeGwtSerializationDependencies                     : loaded 3 times (x 71B)
Class com.google.common.collect.PeekingIterator                                       : loaded 3 times (x 70B)
Class com.google.common.base.Joiner$1                                                 : loaded 3 times (x 80B)
Class com.google.common.base.Preconditions                                            : loaded 3 times (x 71B)
Class com.google.common.collect.ImmutableSet$RegularSetBuilderImpl                    : loaded 3 times (x 77B)
Class com.google.common.collect.ImmutableRangeSet$ComplementRanges                    : loaded 3 times (x 207B)
Class org.gradle.internal.IoActions                                                   : loaded 3 times (x 71B)
Class org.gradle.api.GradleException                                                  : loaded 3 times (x 82B)
Class com.google.common.collect.AbstractRangeSet                                      : loaded 3 times (x 114B)
Class com.google.common.base.Predicate                                                : loaded 3 times (x 70B)
Class org.gradle.internal.Cast                                                        : loaded 3 times (x 71B)
Class org.gradle.api.Action                                                           : loaded 3 times (x 70B)
Class com.google.common.collect.ImmutableList$1                                       : loaded 3 times (x 97B)
Class com.google.common.collect.ImmutableSet                                          : loaded 3 times (x 145B)
Class com.google.common.collect.ImmutableRangeSet$Builder                             : loaded 3 times (x 77B)
Class Build_gradle$1                                                                  : loaded 3 times (x 74B)
Class com.google.common.collect.RegularImmutableList                                  : loaded 3 times (x 213B)
Class com.google.common.base.Function                                                 : loaded 3 times (x 70B)
Class com.google.common.collect.RegularImmutableSortedSet                             : loaded 3 times (x 300B)
Class com.google.common.collect.ImmutableSortedSet                                    : loaded 3 times (x 300B)
Class com.google.common.collect.Iterators$MergingIterator                             : loaded 3 times (x 81B)
Class com.google.common.collect.ImmutableAsList                                       : loaded 3 times (x 209B)
Class com.google.common.collect.Iterators$9                                           : loaded 3 times (x 81B)
Class com.google.common.collect.ImmutableSet$CachingAsList                            : loaded 3 times (x 148B)
Class com.google.common.collect.Lists                                                 : loaded 3 times (x 71B)
Class com.google.common.collect.ImmutableCollection                                   : loaded 3 times (x 125B)
Class com.google.common.collect.Iterators$5                                           : loaded 3 times (x 82B)
Class com.google.common.collect.UnmodifiableListIterator                              : loaded 3 times (x 95B)
Class com.google.common.collect.Iterators$4                                           : loaded 3 times (x 82B)
Class com.google.common.collect.SortedIterable                                        : loaded 3 times (x 70B)
Class com.google.common.collect.SingletonImmutableSet                                 : loaded 3 times (x 146B)
Class com.google.common.collect.Iterators$1                                           : loaded 3 times (x 81B)
Class com.google.common.collect.ImmutableList$ReverseImmutableList                    : loaded 3 times (x 209B)
Class org.gradle.api.UncheckedIOException                                             : loaded 3 times (x 82B)
Class com.google.common.collect.SingletonImmutableList                                : loaded 3 times (x 207B)
Class com.google.common.collect.RegularImmutableSet                                   : loaded 3 times (x 149B)
Class com.google.common.collect.AbstractIndexedListIterator                           : loaded 3 times (x 96B)
Class com.google.common.collect.AbstractIterator                                      : loaded 3 times (x 82B)
Class com.google.common.collect.Lists$StringAsImmutableList                           : loaded 3 times (x 207B)
Class com.google.common.collect.Iterators                                             : loaded 3 times (x 71B)
Class com.google.common.collect.Range                                                 : loaded 3 times (x 87B)
Class com.google.common.collect.RegularImmutableAsList                                : loaded 3 times (x 217B)
Class com.google.common.collect.ImmutableRangeSet$1                                   : loaded 3 times (x 210B)
Class com.google.common.collect.ImmutableList$Builder                                 : loaded 3 times (x 77B)
Class com.google.common.collect.UnmodifiableIterator                                  : loaded 3 times (x 80B)
Class com.google.common.base.Joiner                                                   : loaded 3 times (x 79B)
Class com.google.common.collect.ImmutableCollection$Builder                           : loaded 3 times (x 76B)
Class com.google.common.collect.Iterators$ArrayItr                                    : loaded 3 times (x 97B)
Class com.google.common.collect.ImmutableRangeSet$AsSet                               : loaded 3 times (x 300B)
Class com.google.common.collect.ImmutableRangeSet                                     : loaded 3 times (x 115B)
Class com.android.builder.model.v2.models.AndroidDsl                                  : loaded 2 times (x 70B)
Class com.google.common.collect.ListMultimap                                          : loaded 2 times (x 70B)
Class com.google.common.collect.ImmutableEnumMap                                      : loaded 2 times (x 126B)
Class org.gradle.tooling.internal.gradle.DefaultProjectIdentifier                     : loaded 2 times (x 86B)
Class com.google.common.collect.Sets$1                                                : loaded 2 times (x 139B)
Class org.objectweb.asm.AnnotationVisitor                                             : loaded 2 times (x 78B)
Class com.intellij.gradle.toolingExtension.impl.model.buildScriptClasspathModel.GradleBuildScriptClasspathSerializationService$ReadContext: loaded 2 times (x 72B)
Class org.gradle.internal.impldep.gnu.trove.TObjectIntHashMap                         : loaded 2 times (x 109B)
Class com.google.common.collect.ComparatorOrdering                                    : loaded 2 times (x 115B)
Class org.gradle.api.internal.DefaultClassPathProvider                                : loaded 2 times (x 76B)
Class com.android.builder.model.v2.models.BasicAndroidProject                         : loaded 2 times (x 70B)
Class com.google.common.collect.Sets$2                                                : loaded 2 times (x 139B)
Class com.google.common.collect.NaturalOrdering                                       : loaded 2 times (x 115B)
Class kotlin.text.MatchResult                                                         : loaded 2 times (x 70B)
Class kotlin.sequences.SequenceScope                                                  : loaded 2 times (x 73B)
Class kotlin.sequences.Sequence                                                       : loaded 2 times (x 70B)
Class [Lorg.gradle.api.internal.ClassPathProvider;                                    : loaded 2 times (x 69B)
Class org.gradle.api.internal.ClassPathProvider                                       : loaded 2 times (x 70B)
Class [Lorg.objectweb.asm.AnnotationVisitor;                                          : loaded 2 times (x 69B)
Class com.google.common.collect.Sets$3                                                : loaded 2 times (x 139B)
Class com.google.common.util.concurrent.AbstractFuture$SafeAtomicHelper               : loaded 2 times (x 79B)
Class com.google.common.cache.LocalCache$LocalLoadingCache                            : loaded 2 times (x 134B)
Class org.gradle.internal.impldep.gnu.trove.TObjectHash$NULL                          : loaded 2 times (x 71B)
Class kotlin.collections.CollectionsKt___CollectionsKt$asSequence$$inlined$Sequence$1 : loaded 2 times (x 75B)
Class org.gradle.internal.service.UnknownServiceException                             : loaded 2 times (x 83B)
Class com.google.common.collect.Sets$4                                                : loaded 2 times (x 139B)
Class org.objectweb.asm.ModuleVisitor                                                 : loaded 2 times (x 81B)
Class com.google.common.cache.LocalCache$Strength$1                                   : loaded 2 times (x 81B)
Class org.jetbrains.kotlin.idea.gradleTooling.model.kapt.KaptGradleModel              : loaded 2 times (x 70B)
Class org.jetbrains.kotlin.idea.gradleTooling.KotlinDslScriptAdditionalTask           : loaded 2 times (x 70B)
Class org.jetbrains.plugins.gradle.model.ClasspathEntryModel                          : loaded 2 times (x 70B)
Class com.google.common.util.concurrent.SettableFuture                                : loaded 2 times (x 114B)
Class com.google.common.cache.LocalCache$Strength$2                                   : loaded 2 times (x 81B)
Class org.jetbrains.plugins.gradle.tooling.serialization.GradleExtensionsSerializationService: loaded 2 times (x 77B)
Class org.gradle.api.JavaVersion                                                      : loaded 2 times (x 79B)
Class org.gradle.tooling.model.Dependency                                             : loaded 2 times (x 70B)
Class com.android.builder.model.v2.ide.AbstractArtifact                               : loaded 2 times (x 70B)
Class com.google.common.cache.LocalCache$Strength$3                                   : loaded 2 times (x 81B)
Class com.google.common.collect.MapDifference                                         : loaded 2 times (x 70B)
Class com.intellij.openapi.externalSystem.model.project.dependencies.ResolutionState  : loaded 2 times (x 79B)
Class com.google.common.collect.AllEqualOrdering                                      : loaded 2 times (x 114B)
Class kotlin.collections.ArraysKt___ArraysJvmKt                                       : loaded 2 times (x 71B)
Class kotlin.collections.CollectionsKt__CollectionsKt                                 : loaded 2 times (x 71B)
Class org.objectweb.asm.FieldWriter                                                   : loaded 2 times (x 78B)
Class com.google.common.cache.CacheBuilder$NullListener                               : loaded 2 times (x 82B)
Class kotlin.text.Regex$Companion                                                     : loaded 2 times (x 71B)
Class org.gradle.internal.classpath.TransformedClassPath                              : loaded 2 times (x 96B)
Class org.gradle.internal.classloader.InstrumentingClassLoader                        : loaded 2 times (x 70B)
Class org.gradle.api.internal.classpath.EffectiveClassPath                            : loaded 2 times (x 90B)
Class com.google.common.cache.CacheLoader$FunctionToCacheLoader                       : loaded 2 times (x 75B)
Class kotlin.sequences.SequencesKt___SequencesKt$flatMap$2                            : loaded 2 times (x 125B)
Class com.google.common.collect.Ordering                                              : loaded 2 times (x 114B)
Class kotlin.jvm.internal.FunctionReference                                           : loaded 2 times (x 122B)
Class [Lkotlin.coroutines.intrinsics.CoroutineSingletons;                             : loaded 2 times (x 69B)
Class kotlin.jvm.internal.FunctionBase                                                : loaded 2 times (x 70B)
Class kotlin.enums.EnumEntriesList                                                    : loaded 2 times (x 223B)
Class org.jetbrains.plugins.gradle.tooling.serialization.internal.IdeaProjectSerializationService: loaded 2 times (x 77B)
Class com.google.common.base.MoreObjects                                              : loaded 2 times (x 71B)
Class kotlin.collections.CollectionsKt__IteratorsJVMKt                                : loaded 2 times (x 71B)
Class com.android.builder.model.v2.ide.TestInfo$Execution                             : loaded 2 times (x 79B)
Class com.google.common.collect.Platform                                              : loaded 2 times (x 71B)
Class [Lorg.objectweb.asm.Type;                                                       : loaded 2 times (x 69B)
Class [Lcom.android.ide.common.repository.AgpVersion$PreviewKind;                     : loaded 2 times (x 69B)
Class org.jetbrains.kotlin.idea.gradleTooling.KotlinSourceSetContainer                : loaded 2 times (x 70B)
Class org.jetbrains.plugins.gradle.model.IntelliJSettings                             : loaded 2 times (x 70B)
Class kotlin.Result                                                                   : loaded 2 times (x 72B)
Class org.gradle.internal.service.ServiceLocator                                      : loaded 2 times (x 70B)
Class com.google.common.base.Ascii                                                    : loaded 2 times (x 71B)
Class com.google.common.collect.SingletonImmutableBiMap                               : loaded 2 times (x 143B)
Class com.google.common.cache.LocalCache$1                                            : loaded 2 times (x 89B)
Class com.google.common.collect.Iterators$SingletonIterator                           : loaded 2 times (x 81B)
Class com.google.common.collect.AbstractMapEntry                                      : loaded 2 times (x 81B)
Class com.intellij.gradle.toolingExtension.util.GradleVersionUtil                     : loaded 2 times (x 71B)
Class com.android.ide.gradle.model.GradlePropertiesModel                              : loaded 2 times (x 70B)
Class kotlin.sequences.TransformingSequence$iterator$1                                : loaded 2 times (x 79B)
Class kotlin.Pair                                                                     : loaded 2 times (x 72B)
Class org.gradle.tooling.internal.adapter.ProtocolToModelAdapter$SupportedPropertyInvoker: loaded 2 times (x 76B)
Class org.gradle.tooling.model.UnsupportedMethodException                             : loaded 2 times (x 82B)
Class com.android.builder.model.v2.ide.BytecodeTransformation                         : loaded 2 times (x 79B)
Class com.google.common.collect.Sets$ImprovedAbstractSet                              : loaded 2 times (x 135B)
Class [Lcom.google.common.collect.ImmutableMapEntry;                                  : loaded 2 times (x 69B)
Class com.google.common.collect.AbstractMultimap                                      : loaded 2 times (x 123B)
Class com.google.common.cache.LocalCache$2                                            : loaded 2 times (x 142B)
Class kotlin.collections.CollectionsKt__MutableCollectionsKt                          : loaded 2 times (x 71B)
Class com.android.builder.model.v2.ide.CodeShrinker                                   : loaded 2 times (x 79B)
Class org.gradle.internal.classloader.ClassLoaderVisitor                              : loaded 2 times (x 76B)
Class com.google.common.util.concurrent.AbstractFuture$UnsafeAtomicHelper$1           : loaded 2 times (x 76B)
Class kotlin.collections.AbstractList$Companion                                       : loaded 2 times (x 71B)
Class org.jetbrains.plugins.gradle.tooling.serialization.AnnotationProcessingModelSerializationService$WriteContext: loaded 2 times (x 72B)
Class org.gradle.internal.impldep.gnu.trove.THash                                     : loaded 2 times (x 81B)
Class kotlin.reflect.KCallable                                                        : loaded 2 times (x 70B)
Class kotlin.sequences.SequencesKt___SequencesKt                                      : loaded 2 times (x 71B)
Class com.google.common.util.concurrent.AbstractFuture$Trusted                        : loaded 2 times (x 70B)
Class kotlin.text.MatcherMatchResult$groupValues$1                                    : loaded 2 times (x 198B)
Class org.jetbrains.plugins.gradle.tooling.serialization.ProjectDependenciesSerializationService$WriteContext: loaded 2 times (x 72B)
Class org.jetbrains.plugins.gradle.tooling.serialization.ProjectDependenciesSerializationService: loaded 2 times (x 77B)
Class com.intellij.compose.ide.plugin.gradleTooling.rt.ComposeResourcesModel          : loaded 2 times (x 70B)
Class org.gradle.tooling.model.kotlin.dsl.KotlinDslScriptModel                        : loaded 2 times (x 70B)
Class org.gradle.tooling.internal.adapter.CollectionMapper                            : loaded 2 times (x 73B)
Class com.google.common.collect.ReverseNaturalOrdering                                : loaded 2 times (x 114B)
Class com.google.common.util.concurrent.UncheckedExecutionException                   : loaded 2 times (x 82B)
Class org.gradle.kotlin.dsl.VersionCatalogAccessorsKt                                 : loaded 2 times (x 71B)
Class org.gradle.internal.impldep.gnu.trove.Equality                                  : loaded 2 times (x 70B)
Class com.google.common.collect.ExplicitOrdering                                      : loaded 2 times (x 115B)
Class com.intellij.gradle.toolingExtension.impl.model.buildScriptClasspathModel.GradleBuildScriptClasspathSerializationService$WriteContext: loaded 2 times (x 72B)
Class org.gradle.tooling.internal.adapter.ProtocolToModelAdapter                      : loaded 2 times (x 80B)
Class org.gradle.internal.InternalTransformer                                         : loaded 2 times (x 70B)
Class com.android.builder.model.v2.ide.AndroidGradlePluginProjectFlags$BooleanFlag    : loaded 2 times (x 79B)
Class com.google.common.collect.AbstractMapBasedMultimap$KeySet$1                     : loaded 2 times (x 82B)
Class org.objectweb.asm.ClassWriter                                                   : loaded 2 times (x 106B)
Class com.google.common.cache.CacheLoader$UnsupportedLoadingOperationException        : loaded 2 times (x 82B)
Class com.google.common.base.CharMatcher$And                                          : loaded 2 times (x 112B)
Class org.gradle.internal.impldep.gnu.trove.TObjectCanonicalHashingStrategy           : loaded 2 times (x 80B)
Class kotlin.collections.MapsKt__MapsJVMKt                                            : loaded 2 times (x 71B)
Class kotlin.collections.EmptyList                                                    : loaded 2 times (x 174B)
Class org.gradle.internal.time.DefaultTimer                                           : loaded 2 times (x 80B)
Class org.gradle.internal.classloader.ClasspathUtil$1                                 : loaded 2 times (x 76B)
Class org.objectweb.asm.FieldVisitor                                                  : loaded 2 times (x 77B)
Class com.google.common.collect.IndexedImmutableSet                                   : loaded 2 times (x 152B)
Class com.google.common.collect.ImmutableMap$1                                        : loaded 2 times (x 81B)
Class com.google.common.collect.BiMap                                                 : loaded 2 times (x 70B)
Class org.gradle.tooling.internal.adapter.ProtocolToModelAdapter$ViewKey              : loaded 2 times (x 72B)
Class org.gradle.api.internal.classpath.DefaultModuleRegistry$DefaultModule           : loaded 2 times (x 86B)
Class com.android.builder.model.v2.CustomSourceDirectory                              : loaded 2 times (x 70B)
Class com.google.common.primitives.Ints                                               : loaded 2 times (x 71B)
Class com.android.ide.common.repository.AgpVersion                                    : loaded 2 times (x 75B)
Class org.gradle.internal.classloader.DefaultClassLoaderFactory                       : loaded 2 times (x 82B)
Class com.google.common.collect.NullsFirstOrdering                                    : loaded 2 times (x 115B)
Class kotlin.ResultKt                                                                 : loaded 2 times (x 71B)
Class org.gradle.tooling.internal.adapter.ProtocolToModelAdapter$PropertyCachingMethodInvoker: loaded 2 times (x 76B)
Class com.android.builder.model.v2.models.ProjectSyncIssues                           : loaded 2 times (x 70B)
Class com.google.common.collect.ObjectArrays                                          : loaded 2 times (x 71B)
Class com.google.common.collect.Multiset                                              : loaded 2 times (x 70B)
Class com.google.common.collect.ArrayListMultimapGwtSerializationDependencies         : loaded 2 times (x 172B)
Class com.intellij.util.containers.IntObjectHashMap$ArrayProducer                     : loaded 2 times (x 70B)
Class com.google.common.math.MathPreconditions                                        : loaded 2 times (x 71B)
Class com.intellij.openapi.externalSystem.model.ExternalSystemException               : loaded 2 times (x 86B)
Class org.jetbrains.plugins.gradle.model.ExternalTask                                 : loaded 2 times (x 70B)
Class kotlin.Result$Failure                                                           : loaded 2 times (x 72B)
Class kotlin.collections.ArraysKt__ArraysKt                                           : loaded 2 times (x 71B)
Class org.gradle.internal.time.DefaultCountdownTimer                                  : loaded 2 times (x 88B)
Class com.google.common.collect.ImmutableMapEntrySet                                  : loaded 2 times (x 152B)
Class org.jetbrains.plugins.gradle.tooling.util.ObjectCollector                       : loaded 2 times (x 72B)
Class org.jetbrains.plugins.gradle.model.GradleTaskModel                              : loaded 2 times (x 70B)
Class kotlin.collections.SetsKt__SetsJVMKt                                            : loaded 2 times (x 71B)
Class org.gradle.tooling.internal.adapter.ProtocolToModelAdapter$AdaptingMethodInvoker: loaded 2 times (x 76B)
Class org.gradle.tooling.internal.gradle.DefaultBuildIdentifier                       : loaded 2 times (x 79B)
Class kotlin.Function                                                                 : loaded 2 times (x 70B)
Class org.gradle.api.internal.classpath.Module                                        : loaded 2 times (x 70B)
Class com.google.common.cache.Weigher                                                 : loaded 2 times (x 70B)
Class com.intellij.openapi.externalSystem.model.project.IExternalSystemSourceType     : loaded 2 times (x 70B)
Class org.gradle.api.internal.classpath.UnknownModuleException                        : loaded 2 times (x 82B)
Class com.google.common.base.Stopwatch                                                : loaded 2 times (x 72B)
Class com.google.common.cache.LocalCache$Strength                                     : loaded 2 times (x 81B)
Class com.google.common.cache.Cache                                                   : loaded 2 times (x 70B)
Class org.jetbrains.plugins.gradle.tooling.serialization.ProjectDependenciesSerializationService$ReadContext: loaded 2 times (x 72B)
Class org.gradle.internal.impldep.gnu.trove.TObjectIdentityHashingStrategy            : loaded 2 times (x 78B)
Class com.intellij.openapi.externalSystem.model.project.dependencies.ProjectDependencies: loaded 2 times (x 70B)
Class com.google.common.util.concurrent.AbstractFuture$Cancellation                   : loaded 2 times (x 72B)
Class com.google.common.collect.ImmutableMap$Builder                                  : loaded 2 times (x 82B)
Class com.google.common.cache.RemovalListener                                         : loaded 2 times (x 70B)
Class org.jetbrains.plugins.gradle.tooling.serialization.RepositoriesModelSerializationService: loaded 2 times (x 82B)
Class com.android.ide.gradle.model.artifacts.AdditionalClassifierArtifactsModel       : loaded 2 times (x 70B)
Class org.gradle.tooling.internal.gradle.GradleProjectIdentity                        : loaded 2 times (x 70B)
Class org.gradle.api.internal.DefaultClassPathRegistry                                : loaded 2 times (x 76B)
Class com.android.builder.model.v2.ide.JavaArtifact                                   : loaded 2 times (x 70B)
Class com.google.common.primitives.IntsMethodsForWeb                                  : loaded 2 times (x 71B)
Class com.google.common.collect.Multimap                                              : loaded 2 times (x 70B)
Class org.jetbrains.plugins.gradle.tooling.serialization.RepositoriesModelSerializationService$ReadContext: loaded 2 times (x 72B)
Class org.gradle.api.internal.ClassPathRegistry                                       : loaded 2 times (x 70B)
Class org.gradle.internal.classpath.DefaultClassPath$ImmutableUniqueList              : loaded 2 times (x 199B)
Class org.jetbrains.plugins.gradle.tooling.serialization.internal.adapter.InternalBuildIdentifier: loaded 2 times (x 75B)
Class com.intellij.gradle.toolingExtension.impl.model.projectModel.GradleExternalProjectSerializationService$WriteContext: loaded 2 times (x 73B)
Class com.google.common.collect.NullnessCasts                                         : loaded 2 times (x 71B)
Class org.jetbrains.kotlin.idea.gradleTooling.AndroidAwareGradleModelProvider$Companion: loaded 2 times (x 71B)
Class com.android.builder.model.v2.dsl.SigningConfig                                  : loaded 2 times (x 70B)
Class com.android.builder.model.v2.models.AndroidProject                              : loaded 2 times (x 70B)
Class com.android.builder.model.v2.AndroidModel                                       : loaded 2 times (x 70B)
Class com.google.common.cache.CacheBuilder                                            : loaded 2 times (x 72B)
Class com.google.common.base.Suppliers                                                : loaded 2 times (x 71B)
Class Settings_gradle$1                                                               : loaded 2 times (x 74B)
Class ijInit1_4tgoqpb1l4p6z6z7rrofesq1u                                               : loaded 2 times (x 179B)
Class kotlin.collections.SetsKt                                                       : loaded 2 times (x 71B)
Class [Lcom.google.common.cache.CacheBuilder$OneWeigher;                              : loaded 2 times (x 69B)
Class org.gradle.internal.classpath.ClassPath                                         : loaded 2 times (x 70B)
Class com.google.common.base.JdkPattern                                               : loaded 2 times (x 75B)
Class org.objectweb.asm.MethodTooLargeException                                       : loaded 2 times (x 83B)
Class org.jetbrains.plugins.gradle.tooling.serialization.KotlinDslScriptsModelSerializationService: loaded 2 times (x 81B)
Class kotlin.reflect.KFunction                                                        : loaded 2 times (x 70B)
Class kotlin.collections.ArrayDeque                                                   : loaded 2 times (x 207B)
Class org.objectweb.asm.SymbolTable$Entry                                             : loaded 2 times (x 74B)
Class com.google.common.util.concurrent.AbstractFuture$AtomicHelper                   : loaded 2 times (x 78B)
Class org.jetbrains.plugins.gradle.tooling.serialization.ExternalTestsSerializationService$WriteContext: loaded 2 times (x 72B)
Class org.jetbrains.kotlin.idea.gradleTooling.KotlinGradleModel                       : loaded 2 times (x 70B)
Class kotlin.collections.MapsKt__MapsKt                                               : loaded 2 times (x 71B)
Class com.android.builder.model.v2.ide.Variant                                        : loaded 2 times (x 70B)
Class org.objectweb.asm.Edge                                                          : loaded 2 times (x 72B)
Class com.google.common.base.Suppliers$SupplierOfInstance                             : loaded 2 times (x 79B)
Class com.google.common.base.Platform$JdkPatternCompiler                              : loaded 2 times (x 75B)
Class org.gradle.tooling.model.Model                                                  : loaded 2 times (x 70B)
Class com.android.ide.common.repository.AgpVersion$PreviewKind$WhenMappings           : loaded 2 times (x 71B)
Class com.google.common.cache.LocalCache$ComputingValueReference                      : loaded 2 times (x 96B)
Class org.gradle.internal.operations.MultipleBuildOperationFailures                   : loaded 2 times (x 95B)
Class com.google.common.collect.ImmutableMap$IteratorBasedImmutableMap                : loaded 2 times (x 126B)
Class com.android.ide.gradle.model.composites.BuildMap                                : loaded 2 times (x 70B)
Class kotlin.text.MatchResult$Destructured                                            : loaded 2 times (x 72B)
Class kotlin.Metadata                                                                 : loaded 2 times (x 70B)
Class kotlin.UninitializedPropertyAccessException                                     : loaded 2 times (x 82B)
Class com.android.builder.model.v2.models.Versions                                    : loaded 2 times (x 70B)
Class com.google.common.cache.LocalCache$Segment                                      : loaded 2 times (x 154B)
Class org.jetbrains.plugins.gradle.model.IntelliJProjectSettings                      : loaded 2 times (x 70B)
Class org.gradle.tooling.internal.adapter.ProtocolToModelAdapter$MethodInvocationCache: loaded 2 times (x 73B)
Class org.gradle.tooling.internal.adapter.MethodInvocation                            : loaded 2 times (x 85B)
Class com.android.builder.model.v2.models.ndk.NativeModule                            : loaded 2 times (x 70B)
Class com.google.common.collect.AbstractListMultimap                                  : loaded 2 times (x 172B)
Class [Lorg.objectweb.asm.SymbolTable$Entry;                                          : loaded 2 times (x 69B)
Class com.google.common.cache.CacheLoader                                             : loaded 2 times (x 74B)
Class kotlin.sequences.TransformingSequence                                           : loaded 2 times (x 75B)
Class com.google.common.collect.ImmutableBiMap                                        : loaded 2 times (x 143B)
Class org.jetbrains.plugins.gradle.model.ExternalDependency                           : loaded 2 times (x 70B)
Class com.intellij.util.containers.IntObjectHashMap                                   : loaded 2 times (x 72B)
Class org.gradle.internal.installation.GradleInstallation$1                           : loaded 2 times (x 75B)
Class org.gradle.api.internal.classpath.ModuleRegistry                                : loaded 2 times (x 70B)
Class com.google.common.util.concurrent.internal.InternalFutureFailureAccess          : loaded 2 times (x 72B)
Class com.android.ide.common.repository.AgpVersion$PreviewKind$Companion              : loaded 2 times (x 71B)
Class org.objectweb.asm.ClassVisitor                                                  : loaded 2 times (x 88B)
Class com.google.common.collect.ImmutableSet$JdkBackedSetBuilderImpl                  : loaded 2 times (x 76B)
Class com.intellij.gradle.toolingExtension.impl.model.sourceSetDependencyModel.GradleSourceSetDependencySerialisationService$SourceSetDependencyModelReadContext: loaded 2 times (x 72B)
Class com.intellij.gradle.toolingExtension.impl.model.dependencyModel.DependencyReadContext: loaded 2 times (x 72B)
Class org.jetbrains.plugins.gradle.model.VersionCatalogsModel                         : loaded 2 times (x 70B)
Class org.gradle.tooling.internal.adapter.ObjectGraphAdapter                          : loaded 2 times (x 70B)
Class com.android.builder.model.v2.ide.Installation                                   : loaded 2 times (x 70B)
Class com.google.common.util.concurrent.AbstractFuture$UnsafeAtomicHelper             : loaded 2 times (x 78B)
Class com.google.common.cache.LocalCache$LocalManualCache$1                           : loaded 2 times (x 75B)
Class com.google.common.base.CharMatcher$ForPredicate                                 : loaded 2 times (x 112B)
Class org.jetbrains.plugins.gradle.model.ProjectImportModelProvider                   : loaded 2 times (x 70B)
Class org.jetbrains.plugins.gradle.model.ExternalSourceSet                            : loaded 2 times (x 70B)
Class com.intellij.gradle.toolingExtension.impl.model.warmUp.GradleTaskWarmUpRequest  : loaded 2 times (x 70B)
Class com.google.common.collect.ImmutableSortedAsList                                 : loaded 2 times (x 221B)
Class kotlin.text.RegexKt                                                             : loaded 2 times (x 71B)
Class kotlin.coroutines.intrinsics.IntrinsicsKt__IntrinsicsKt                         : loaded 2 times (x 71B)
Class com.google.common.base.CharMatcher$AnyOf                                        : loaded 2 times (x 112B)
Class [Lorg.objectweb.asm.Symbol;                                                     : loaded 2 times (x 69B)
Class com.intellij.gradle.toolingExtension.impl.model.sourceSetArtifactIndex.GradleSourceSetArtifactBuildRequest: loaded 2 times (x 70B)
Class com.google.common.collect.Lists$TransformingRandomAccessList                    : loaded 2 times (x 199B)
Class kotlin.collections.CollectionsKt__CollectionsJVMKt                              : loaded 2 times (x 71B)
Class org.gradle.api.internal.classpath.DefaultModuleRegistry                         : loaded 2 times (x 86B)
Class com.android.utils.FileUtils                                                     : loaded 2 times (x 71B)
Class com.google.common.util.concurrent.ListenableFuture                              : loaded 2 times (x 70B)
Class com.google.common.cache.ReferenceEntry                                          : loaded 2 times (x 70B)
Class com.google.common.base.Converter                                                : loaded 2 times (x 90B)
Class com.android.builder.model.v2.ide.AaptOptions$Namespacing                        : loaded 2 times (x 79B)
Class org.jetbrains.plugins.gradle.tooling.serialization.internal.IdeaProjectSerializationService$WriteContext$1: loaded 2 times (x 83B)
Class org.jetbrains.plugins.gradle.model.ExternalProject                              : loaded 2 times (x 70B)
Class kotlin.sequences.SequencesKt                                                    : loaded 2 times (x 71B)
Class kotlin.collections.CollectionsKt__IteratorsKt                                   : loaded 2 times (x 71B)
Class com.google.common.collect.AbstractMapBasedMultimap                              : loaded 2 times (x 139B)
Class com.google.common.util.concurrent.AbstractFuture                                : loaded 2 times (x 106B)
Class com.google.common.base.FunctionalEquivalence                                    : loaded 2 times (x 83B)
Class org.gradle.tooling.internal.adapter.TargetTypeProvider                          : loaded 2 times (x 70B)
Class org.jetbrains.plugins.gradle.model.AnnotationProcessingModel                    : loaded 2 times (x 70B)
Class org.jetbrains.plugins.gradle.tooling.serialization.internal.IdeaProjectSerializationService$WriteContext$2: loaded 2 times (x 83B)
Class org.objectweb.asm.RecordComponentVisitor                                        : loaded 2 times (x 77B)
Class com.google.common.cache.CacheLoader$SupplierToCacheLoader                       : loaded 2 times (x 75B)
Class org.jetbrains.plugins.gradle.tooling.serialization.AnnotationProcessingModelSerializationService$ReadContext: loaded 2 times (x 72B)
Class org.jetbrains.plugins.gradle.tooling.serialization.internal.IdeaProjectSerializationService$WriteContext$3: loaded 2 times (x 83B)
Class kotlin.coroutines.jvm.internal.RestrictedContinuationImpl                       : loaded 2 times (x 87B)
Class org.gradle.util.internal.DefaultGradleVersion$Stage                             : loaded 2 times (x 75B)
Class com.google.common.collect.Maps$EntryTransformer                                 : loaded 2 times (x 70B)
Class org.jetbrains.kotlin.idea.gradleTooling.AndroidAwareGradleModelProvider         : loaded 2 times (x 79B)
Class org.jetbrains.plugins.gradle.tooling.serialization.internal.IdeaProjectSerializationService$WriteContext$4: loaded 2 times (x 83B)
Class com.intellij.gradle.toolingExtension.impl.model.sourceSetDependencyModel.GradleSourceSetDependencySerialisationService$Companion: loaded 2 times (x 71B)
Class com.google.common.collect.UsingToStringOrdering                                 : loaded 2 times (x 114B)
Class kotlin.text.MatchNamedGroupCollection                                           : loaded 2 times (x 70B)
Class kotlin.jvm.internal.markers.KMutableList                                        : loaded 2 times (x 70B)
Class org.gradle.internal.time.MonotonicClock                                         : loaded 2 times (x 77B)
Class org.jetbrains.plugins.gradle.model.GradleExtensions                             : loaded 2 times (x 70B)
Class com.google.common.collect.ImmutableMap$MapViewOfValuesAsSingletonSets           : loaded 2 times (x 126B)
Class [Lcom.google.common.cache.LocalCache$EntryFactory;                              : loaded 2 times (x 69B)
Class org.jetbrains.plugins.gradle.tooling.serialization.internal.IdeaProjectSerializationService$WriteContext$5: loaded 2 times (x 83B)
Class com.intellij.gradle.toolingExtension.impl.model.sourceSetDependencyModel.GradleSourceSetDependencySerialisationService$SourceSetDependencyModelWriteContext: loaded 2 times (x 72B)
Class org.gradle.internal.classloader.ClassLoaderFactory                              : loaded 2 times (x 70B)
Class com.google.common.base.CommonPattern                                            : loaded 2 times (x 74B)
Class com.google.common.cache.LocalCache$LocalManualCache                             : loaded 2 times (x 99B)
Class com.google.common.base.CharMatcher$IsNot                                        : loaded 2 times (x 111B)
Class org.jetbrains.plugins.gradle.tooling.serialization.internal.IdeaProjectSerializationService$WriteContext$6: loaded 2 times (x 83B)
Class org.jetbrains.plugins.gradle.tooling.util.IntObjectMap                          : loaded 2 times (x 73B)
Class org.gradle.internal.service.CachingServiceLocator                               : loaded 2 times (x 82B)
Class com.google.common.collect.AbstractMapBasedMultimap$KeySet                       : loaded 2 times (x 137B)
Class com.google.common.collect.RegularImmutableMap                                   : loaded 2 times (x 121B)
Class com.google.common.math.IntMath                                                  : loaded 2 times (x 71B)
Class org.jetbrains.plugins.gradle.tooling.serialization.internal.IdeaProjectSerializationService$WriteContext$7: loaded 2 times (x 83B)
Class org.jetbrains.plugins.gradle.model.RepositoryModels                             : loaded 2 times (x 70B)
Class kotlin.collections.AbstractList$SubList                                         : loaded 2 times (x 198B)
Class kotlin.jvm.internal.CallableReference                                           : loaded 2 times (x 106B)
Class com.google.common.collect.ImmutableMapEntry                                     : loaded 2 times (x 85B)
Class org.jetbrains.plugins.gradle.tooling.serialization.internal.IdeaProjectSerializationService$WriteContext$8: loaded 2 times (x 83B)
Class org.gradle.tooling.model.idea.IdeaDependencyScope                               : loaded 2 times (x 70B)
Class org.gradle.internal.time.TimeSource                                             : loaded 2 times (x 70B)
Class org.gradle.tooling.model.kotlin.dsl.KotlinDslScriptsModel                       : loaded 2 times (x 70B)
Class com.android.builder.model.v2.ide.TestInfo                                       : loaded 2 times (x 70B)
Class com.google.common.base.Equivalence                                              : loaded 2 times (x 82B)
Class com.android.builder.model.v2.ide.AndroidArtifact                                : loaded 2 times (x 70B)
Class com.google.common.collect.ImmutableMapEntry$NonTerminalImmutableMapEntry        : loaded 2 times (x 85B)
Class org.jetbrains.plugins.gradle.tooling.serialization.SerializationService         : loaded 2 times (x 70B)
Class org.gradle.tooling.internal.gradle.GradleBuildIdentity                          : loaded 2 times (x 70B)
Class kotlin.enums.EnumEntries                                                        : loaded 2 times (x 70B)
Class com.android.builder.model.v2.ide.JavaCompileOptions                             : loaded 2 times (x 70B)
Class com.google.common.cache.CacheBuilder$OneWeigher                                 : loaded 2 times (x 82B)
Class org.gradle.api.internal.classpath.ManifestUtil                                  : loaded 2 times (x 71B)
Class org.jetbrains.plugins.gradle.tooling.serialization.internal.adapter.Supplier    : loaded 2 times (x 70B)
Class org.gradle.tooling.internal.adapter.ProtocolToModelAdapter$MixInMappingAction   : loaded 2 times (x 80B)
Class org.gradle.internal.exceptions.ResolutionProvider                               : loaded 2 times (x 70B)
Class kotlin.text.MatchResult$DefaultImpls                                            : loaded 2 times (x 71B)
Class org.gradle.tooling.model.idea.IdeaCompilerOutput                                : loaded 2 times (x 70B)
Class org.gradle.tooling.model.ProjectIdentifier                                      : loaded 2 times (x 70B)
Class org.gradle.internal.classloader.ClasspathUtil                                   : loaded 2 times (x 71B)
Class org.jetbrains.kotlin.tooling.core.HasExtras                                     : loaded 2 times (x 70B)
Class com.google.common.base.Charsets                                                 : loaded 2 times (x 71B)
Class com.google.common.util.concurrent.Uninterruptibles                              : loaded 2 times (x 71B)
Class com.android.builder.model.v2.ide.ProjectType                                    : loaded 2 times (x 79B)
Class com.intellij.gradle.toolingExtension.impl.model.sourceSetModel.GradleSourceSetSerialisationService: loaded 2 times (x 77B)
Class com.android.builder.model.v2.dsl.BaseConfig                                     : loaded 2 times (x 70B)
Class com.google.common.collect.Maps                                                  : loaded 2 times (x 71B)
Class org.gradle.internal.time.TimeSource$1                                           : loaded 2 times (x 77B)
Class kotlin.jvm.internal.DefaultConstructorMarker                                    : loaded 2 times (x 71B)
Class org.gradle.api.specs.Spec                                                       : loaded 2 times (x 70B)
Class [Lcom.google.common.collect.ImmutableEntry;                                     : loaded 2 times (x 69B)
Class com.google.common.cache.LocalCache$LoadingValueReference                        : loaded 2 times (x 96B)
Class com.intellij.gradle.toolingExtension.impl.model.buildScriptClasspathModel.GradleBuildScriptClasspathSerializationService: loaded 2 times (x 77B)
Class org.gradle.tooling.internal.adapter.ProtocolToModelAdapter$InvocationHandlerImpl: loaded 2 times (x 77B)
Class com.google.common.base.Platform                                                 : loaded 2 times (x 71B)
Class org.jetbrains.plugins.gradle.model.FileCollectionDependency                     : loaded 2 times (x 70B)
Class org.gradle.internal.impldep.gnu.trove.TObjectHashingStrategy                    : loaded 2 times (x 70B)
Class com.intellij.gradle.toolingExtension.impl.model.utilDummyModel.DummyModel       : loaded 2 times (x 70B)
Class org.gradle.internal.time.Clock                                                  : loaded 2 times (x 70B)
Class com.android.builder.model.v2.dsl.ProductFlavor                                  : loaded 2 times (x 70B)
Class [Lorg.objectweb.asm.AnnotationWriter;                                           : loaded 2 times (x 69B)
Class com.google.common.collect.Maps$8                                                : loaded 2 times (x 82B)
Class org.jetbrains.plugins.gradle.model.GradleSourceSetDependencyModel               : loaded 2 times (x 70B)
Class com.google.common.collect.CompoundOrdering                                      : loaded 2 times (x 115B)
Class kotlin.sequences.SequencesKt__SequencesJVMKt                                    : loaded 2 times (x 71B)
Class kotlin.coroutines.jvm.internal.RestrictedSuspendLambda                          : loaded 2 times (x 91B)
Class org.gradle.tooling.internal.adapter.TypeInspector                               : loaded 2 times (x 73B)
Class org.gradle.tooling.internal.adapter.ProtocolToModelAdapter$NoOpDecoration       : loaded 2 times (x 79B)
Class org.gradle.tooling.model.Element                                                : loaded 2 times (x 70B)
Class kotlin.collections.AbstractList                                                 : loaded 2 times (x 197B)
Class kotlin.collections.AbstractCollection                                           : loaded 2 times (x 117B)
Class org.gradle.tooling.model.build.GradleEnvironment                                : loaded 2 times (x 70B)
Class org.jetbrains.kotlin.tooling.core.Extras                                        : loaded 2 times (x 70B)
Class com.google.common.collect.Sets$SetView                                          : loaded 2 times (x 138B)
Class com.google.common.cache.LocalCache$StrongValueReference                         : loaded 2 times (x 90B)
Class com.google.common.util.concurrent.AbstractFuture$SynchronizedHelper             : loaded 2 times (x 78B)
Class com.intellij.gradle.toolingExtension.impl.model.taskModel.GradleTaskSerialisationService: loaded 2 times (x 76B)
Class com.android.ide.gradle.model.LegacyV1AgpVersionModel                            : loaded 2 times (x 70B)
Class kotlin.text.Regex                                                               : loaded 2 times (x 72B)
Class kotlin.sequences.SequencesKt__SequenceBuilderKt$sequence$$inlined$Sequence$1    : loaded 2 times (x 75B)
Class kotlin.Triple                                                                   : loaded 2 times (x 72B)
Class org.objectweb.asm.Type                                                          : loaded 2 times (x 72B)
Class org.jetbrains.plugins.gradle.tooling.util.IntObjectMap$1                        : loaded 2 times (x 77B)
Class org.gradle.internal.impldep.com.google.common.base.Preconditions                : loaded 2 times (x 71B)
Class org.gradle.internal.classloader.VisitableURLClassLoader$InstrumentingVisitableURLClassLoader: loaded 2 times (x 123B)
Class com.android.builder.model.v2.ide.AndroidGradlePluginProjectFlags                : loaded 2 times (x 70B)
Class com.android.builder.model.v2.ide.BasicVariant                                   : loaded 2 times (x 70B)
Class org.objectweb.asm.ByteVector                                                    : loaded 2 times (x 79B)
Class [Lcom.google.common.cache.CacheBuilder$NullListener;                            : loaded 2 times (x 69B)
Class com.google.common.math.IntMath$1                                                : loaded 2 times (x 71B)
Class kotlin.ranges.RangesKt__RangesKt                                                : loaded 2 times (x 71B)
Class kotlin.collections.SetsKt___SetsKt                                              : loaded 2 times (x 71B)
Class kotlin.sequences.SequencesKt__SequencesKt                                       : loaded 2 times (x 71B)
Class kotlin.coroutines.Continuation                                                  : loaded 2 times (x 70B)
Class org.gradle.internal.classloader.VisitableURLClassLoader$Spec                    : loaded 2 times (x 74B)
Class org.gradle.internal.classpath.DefaultClassPath                                  : loaded 2 times (x 90B)
Class com.android.builder.model.v2.ide.BundleInfo                                     : loaded 2 times (x 70B)
Class com.android.builder.model.v2.ide.SourceProvider                                 : loaded 2 times (x 70B)
Class org.objectweb.asm.Symbol                                                        : loaded 2 times (x 73B)
Class org.jetbrains.plugins.gradle.model.GradleBuildScriptClasspathModel              : loaded 2 times (x 70B)
Class kotlin.coroutines.jvm.internal.BaseContinuationImpl                             : loaded 2 times (x 87B)
Class kotlin.Result$Companion                                                         : loaded 2 times (x 71B)
Class org.gradle.util.internal.DefaultGradleVersion                                   : loaded 2 times (x 80B)
Class com.google.common.base.CharMatcher$Ascii                                        : loaded 2 times (x 112B)
Class com.google.common.base.CharMatcher$BitSetMatcher                                : loaded 2 times (x 112B)
Class com.google.common.collect.RegularImmutableMap$Values                            : loaded 2 times (x 207B)
Class org.jetbrains.plugins.gradle.tooling.util.IntObjectMap$ObjectFactory            : loaded 2 times (x 70B)
Class org.gradle.internal.classloader.ClassLoaderSpec                                 : loaded 2 times (x 71B)
Class org.objectweb.asm.AnnotationWriter                                              : loaded 2 times (x 79B)
Class com.google.common.cache.CacheStats                                              : loaded 2 times (x 71B)
Class kotlin.jvm.internal.FunctionReferenceImpl                                       : loaded 2 times (x 122B)
Class kotlin.collections.CollectionsKt___CollectionsJvmKt                             : loaded 2 times (x 71B)
Class org.objectweb.asm.RecordComponentWriter                                         : loaded 2 times (x 78B)
Class com.google.common.util.concurrent.AbstractFuture$Listener                       : loaded 2 times (x 72B)
Class com.google.common.base.CharMatcher$Or                                           : loaded 2 times (x 112B)
Class Settings_gradle$1$1                                                             : loaded 2 times (x 74B)
Class kotlin.TuplesKt                                                                 : loaded 2 times (x 71B)
Class kotlin.jvm.internal.markers.KMutableIterable                                    : loaded 2 times (x 70B)
Class kotlin.sequences.SequencesKt___SequencesJvmKt                                   : loaded 2 times (x 71B)
Class org.gradle.tooling.internal.adapter.ProtocolToModelAdapter$DefaultViewBuilder   : loaded 2 times (x 80B)
Class kotlin.Unit                                                                     : loaded 2 times (x 71B)
Class org.objectweb.asm.Attribute                                                     : loaded 2 times (x 77B)
Class com.google.common.base.Supplier                                                 : loaded 2 times (x 70B)
Class kotlin.ranges.RangesKt                                                          : loaded 2 times (x 71B)
Class org.gradle.tooling.internal.adapter.ProtocolToModelAdapter$ViewGraphDetails$1   : loaded 2 times (x 77B)
Class org.gradle.internal.classloader.VisitableURLClassLoader                         : loaded 2 times (x 117B)
Class com.google.common.util.concurrent.AbstractFuture$Waiter                         : loaded 2 times (x 72B)
Class com.android.ide.common.repository.AgpVersion$Companion                          : loaded 2 times (x 71B)
Class Settings_gradle                                                                 : loaded 2 times (x 128B)
Class org.jetbrains.plugins.gradle.tooling.serialization.ExternalTestsSerializationService$ReadContext: loaded 2 times (x 72B)
Class kotlin.sequences.FlatteningSequence$iterator$1                                  : loaded 2 times (x 79B)
Class kotlin.jvm.functions.Function0                                                  : loaded 2 times (x 70B)
Class kotlin.collections.ArraysUtilJVM                                                : loaded 2 times (x 71B)
Class com.google.common.util.concurrent.ExecutionError                                : loaded 2 times (x 82B)
Class com.google.common.collect.ImmutableEnumSet                                      : loaded 2 times (x 146B)
Class org.gradle.tooling.model.idea.IdeaDependency                                    : loaded 2 times (x 70B)
Class com.android.builder.model.v2.ide.AaptOptions                                    : loaded 2 times (x 70B)
Class com.google.common.base.Strings                                                  : loaded 2 times (x 71B)
Class com.google.common.collect.Sets                                                  : loaded 2 times (x 71B)
Class org.objectweb.asm.Handler                                                       : loaded 2 times (x 72B)
Class com.google.common.base.Ticker                                                   : loaded 2 times (x 72B)
Class com.google.common.base.CharMatcher$FastMatcher                                  : loaded 2 times (x 111B)
Class kotlin.collections.AbstractMutableList                                          : loaded 2 times (x 206B)
Class kotlin.jvm.functions.Function1                                                  : loaded 2 times (x 70B)
Class [Lcom.google.common.cache.LocalCache$Segment;                                   : loaded 2 times (x 69B)
Class [Lcom.google.common.cache.LocalCache$Strength;                                  : loaded 2 times (x 69B)
Class com.google.common.cache.CacheBuilder$1                                          : loaded 2 times (x 85B)
Class com.android.builder.model.v2.models.VariantDependenciesAdjacencyList            : loaded 2 times (x 70B)
Class com.google.common.collect.ImmutableMap                                          : loaded 2 times (x 120B)
Class org.jetbrains.plugins.gradle.tooling.serialization.internal.IdeaProjectSerializationService$WriteContext: loaded 2 times (x 72B)
Class com.intellij.gradle.toolingExtension.impl.model.sourceSetDependencyModel.GradleSourceSetDependencySerialisationService: loaded 2 times (x 77B)
Class org.jetbrains.plugins.gradle.model.GradleSourceSetModel                         : loaded 2 times (x 70B)
Class kotlin.jvm.functions.Function2                                                  : loaded 2 times (x 70B)
Class org.gradle.internal.classpath.DefaultClassPath$ImmutableUniqueList$Builder      : loaded 2 times (x 75B)
Class org.gradle.internal.classloader.ClassLoaderHierarchy                            : loaded 2 times (x 70B)
Class com.google.common.cache.LocalCache                                              : loaded 2 times (x 187B)
Class com.google.common.cache.CacheBuilder$2                                          : loaded 2 times (x 79B)
Class com.google.common.base.CharMatcher$NegatedFastMatcher                           : loaded 2 times (x 113B)
Class com.android.ide.gradle.model.dependencies.Coordinates                           : loaded 2 times (x 70B)
Class kotlin.collections.MapsKt___MapsJvmKt                                           : loaded 2 times (x 71B)
Class org.gradle.tooling.internal.adapter.WeakIdentityHashMap$AbsentValueProvider     : loaded 2 times (x 70B)
Class com.google.common.collect.ArrayListMultimap                                     : loaded 2 times (x 172B)
Class com.google.common.cache.CacheBuilder$3                                          : loaded 2 times (x 72B)
Class [Lcom.google.common.collect.AbstractMapEntry;                                   : loaded 2 times (x 69B)
Class com.google.common.collect.ImmutableEntry                                        : loaded 2 times (x 82B)
Class org.jetbrains.plugins.gradle.tooling.util.ObjectCollector$Processor             : loaded 2 times (x 70B)
Class kotlin.annotation.Target                                                        : loaded 2 times (x 70B)
Class kotlin.collections.CollectionsKt___CollectionsKt                                : loaded 2 times (x 71B)
Class kotlin.collections.CollectionsKt__ReversedViewsKt                               : loaded 2 times (x 71B)
Class org.gradle.internal.exceptions.NonGradleCauseExceptionsHolder                   : loaded 2 times (x 70B)
Class org.gradle.tooling.model.idea.IdeaModuleDependency                              : loaded 2 times (x 70B)
Class org.gradle.tooling.internal.adapter.ViewBuilder                                 : loaded 2 times (x 70B)
Class com.android.builder.model.v2.ide.ApiVersion                                     : loaded 2 times (x 70B)
Class com.google.common.collect.CollectPreconditions                                  : loaded 2 times (x 71B)
Class org.jetbrains.plugins.gradle.model.AnnotationProcessingConfig                   : loaded 2 times (x 70B)
Class kotlin.reflect.KDeclarationContainer                                            : loaded 2 times (x 70B)
Class kotlin.annotation.Retention                                                     : loaded 2 times (x 70B)
Class com.android.builder.model.v2.models.Versions$Version                            : loaded 2 times (x 70B)
Class com.google.common.collect.SortedMapDifference                                   : loaded 2 times (x 70B)
Class org.jetbrains.plugins.gradle.tooling.ModelBuilderService$Parameter              : loaded 2 times (x 70B)
Class kotlin.collections.MapsKt___MapsKt                                              : loaded 2 times (x 71B)
Class kotlin.collections.ArraysKt___ArraysKt                                          : loaded 2 times (x 71B)
Class com.google.common.cache.LocalCache$EntryFactory                                 : loaded 2 times (x 83B)
Class org.gradle.internal.impldep.gnu.trove.TObjectIntProcedure                       : loaded 2 times (x 70B)
Class kotlin.collections.MapsKt__MapWithDefaultKt                                     : loaded 2 times (x 71B)
Class org.gradle.tooling.internal.adapter.ProtocolToModelAdapter$ReflectionMethodInvoker: loaded 2 times (x 76B)
Class org.jetbrains.kotlin.tooling.core.HasMutableExtras                              : loaded 2 times (x 70B)
Class com.google.common.cache.LocalCache$AbstractReferenceEntry                       : loaded 2 times (x 107B)
Class com.google.common.collect.NullsLastOrdering                                     : loaded 2 times (x 115B)
Class kotlin.collections.CollectionsKt__MutableCollectionsJVMKt                       : loaded 2 times (x 71B)
Class kotlin.sequences.SequencesKt__SequenceBuilderKt                                 : loaded 2 times (x 71B)
Class kotlin.enums.EnumEntriesKt                                                      : loaded 2 times (x 71B)
Class com.android.builder.model.v2.models.VariantDependencies                         : loaded 2 times (x 70B)
Class com.intellij.gradle.toolingExtension.impl.model.sourceSetModel.GradleSourceSetSerialisationService$Companion: loaded 2 times (x 71B)
Class org.objectweb.asm.SymbolTable                                                   : loaded 2 times (x 72B)
Class com.google.common.cache.CacheLoader$InvalidCacheLoadException                   : loaded 2 times (x 82B)
Class com.google.common.base.CharMatcher$IsEither                                     : loaded 2 times (x 111B)
Class org.jetbrains.plugins.gradle.model.GradleProperty                               : loaded 2 times (x 70B)
Class org.gradle.internal.classloader.SystemClassLoaderSpec                           : loaded 2 times (x 71B)
Class com.google.common.cache.LocalCache$StrongEntry                                  : loaded 2 times (x 108B)
Class com.google.common.util.concurrent.AbstractFuture$TrustedFuture                  : loaded 2 times (x 114B)
Class com.google.common.cache.LoadingCache                                            : loaded 2 times (x 70B)
Class kotlin.text.MatcherMatchResult$groups$1                                         : loaded 2 times (x 151B)
Class kotlin.collections.EmptyMap                                                     : loaded 2 times (x 109B)
Class kotlin.reflect.KAnnotatedElement                                                : loaded 2 times (x 70B)
Class kotlin.jvm.internal.markers.KMutableCollection                                  : loaded 2 times (x 70B)
Class kotlin.coroutines.intrinsics.IntrinsicsKt                                       : loaded 2 times (x 71B)
Class org.gradle.internal.exceptions.MultiCauseException                              : loaded 2 times (x 70B)
Class org.gradle.internal.time.CountdownTimer                                         : loaded 2 times (x 70B)
Class kotlin.jvm.internal.Intrinsics                                                  : loaded 2 times (x 71B)
Class org.objectweb.asm.MethodWriter                                                  : loaded 2 times (x 106B)
Class [Lcom.google.common.cache.Weigher;                                              : loaded 2 times (x 69B)
Class com.google.common.collect.RegularImmutableMap$BucketOverflowException           : loaded 2 times (x 82B)
Class com.intellij.gradle.toolingExtension.impl.model.projectModel.GradleExternalProjectSerializationService$ReadContext: loaded 2 times (x 73B)
Class com.intellij.gradle.toolingExtension.impl.model.dependencyModel.DependencyWriteContext: loaded 2 times (x 72B)
Class kotlin.collections.MapsKt                                                       : loaded 2 times (x 71B)
Class kotlin.coroutines.intrinsics.CoroutineSingletons                                : loaded 2 times (x 79B)
Class kotlin.collections.CollectionsKt__IterablesKt                                   : loaded 2 times (x 71B)
Class org.gradle.tooling.model.ProjectModel                                           : loaded 2 times (x 70B)
Class kotlin.sequences.SequenceBuilderIterator                                        : loaded 2 times (x 85B)
Class kotlin.KotlinNullPointerException                                               : loaded 2 times (x 83B)
Class com.android.ide.common.repository.AgpVersion$Companion$WhenMappings             : loaded 2 times (x 71B)
Class com.google.common.collect.RegularImmutableBiMap                                 : loaded 2 times (x 149B)
Class com.google.common.cache.LocalCache$ValueReference                               : loaded 2 times (x 70B)
Class com.google.common.base.CharMatcher$Is                                           : loaded 2 times (x 111B)
Class com.google.common.base.CharMatcher$Negated                                      : loaded 2 times (x 113B)
Class org.jetbrains.plugins.gradle.model.tests.ExternalTestsModel                     : loaded 2 times (x 70B)
Class kotlin.ranges.RangesKt___RangesKt                                               : loaded 2 times (x 71B)
Class org.gradle.tooling.model.idea.IdeaLanguageLevel                                 : loaded 2 times (x 70B)
Class org.gradle.tooling.internal.adapter.ProtocolToModelAdapter$SafeMethodInvoker    : loaded 2 times (x 76B)
Class org.gradle.tooling.internal.adapter.WeakIdentityHashMap$WeakKey                 : loaded 2 times (x 79B)
Class org.gradle.internal.exceptions.DefaultMultiCauseException                       : loaded 2 times (x 95B)
Class com.google.common.base.PatternCompiler                                          : loaded 2 times (x 70B)
Class com.google.common.util.concurrent.AbstractFuture$Failure                        : loaded 2 times (x 72B)
Class com.google.common.base.Equivalence$Equals                                       : loaded 2 times (x 82B)
Class com.google.common.collect.Hashing                                               : loaded 2 times (x 71B)
Class org.gradle.internal.classloader.FilteringClassLoader                            : loaded 2 times (x 105B)
Class com.intellij.gradle.toolingExtension.impl.model.projectModel.GradleExternalProjectSerializationService: loaded 2 times (x 77B)
Class sync_studio_tooling11_8aodu4ki4uwwe2rdjlkcr6bgu                                 : loaded 2 times (x 179B)
Class kotlin.collections.ArrayDeque$Companion                                         : loaded 2 times (x 71B)
Class kotlin.collections.ArraysKt                                                     : loaded 2 times (x 71B)
Class org.gradle.tooling.model.HierarchicalElement                                    : loaded 2 times (x 70B)
Class com.android.builder.model.v2.dsl.DependenciesInfo                               : loaded 2 times (x 70B)
Class kotlin.NotImplementedError                                                      : loaded 2 times (x 82B)
Class org.objectweb.asm.Label                                                         : loaded 2 times (x 73B)
Class org.objectweb.asm.CurrentFrame                                                  : loaded 2 times (x 73B)
Class org.objectweb.asm.ClassTooLargeException                                        : loaded 2 times (x 83B)
Class com.google.common.base.CharMatcher                                              : loaded 2 times (x 111B)
Class kotlin.sequences.FlatteningSequence                                             : loaded 2 times (x 75B)
Class org.jetbrains.plugins.gradle.tooling.serialization.ExternalTestsSerializationService: loaded 2 times (x 77B)
Class com.google.common.collect.ByFunctionOrdering                                    : loaded 2 times (x 115B)
Class kotlin.collections.SetsKt__SetsKt                                               : loaded 2 times (x 71B)
Class kotlin.coroutines.EmptyCoroutineContext                                         : loaded 2 times (x 77B)
Class org.gradle.internal.time.Time                                                   : loaded 2 times (x 71B)
Class com.android.builder.model.v2.models.ProjectGraph                                : loaded 2 times (x 70B)
Class kotlin.text.MatcherMatchResult                                                  : loaded 2 times (x 80B)
Class kotlin.text.MatchGroupCollection                                                : loaded 2 times (x 70B)
Class org.objectweb.asm.Frame                                                         : loaded 2 times (x 73B)
Class org.objectweb.asm.MethodVisitor                                                 : loaded 2 times (x 105B)
Class com.google.common.cache.LocalCache$EntryFactory$1                               : loaded 2 times (x 83B)
Class [Lcom.google.common.cache.RemovalListener;                                      : loaded 2 times (x 69B)
Class com.google.common.base.CharMatcher$NamedFastMatcher                             : loaded 2 times (x 112B)
Class com.google.common.base.CharMatcher$1                                            : loaded 2 times (x 113B)
Class com.android.ide.common.repository.AgpVersion$PreviewKind                        : loaded 2 times (x 79B)
Class org.jetbrains.plugins.gradle.tooling.serialization.AnnotationProcessingModelSerializationService: loaded 2 times (x 77B)
Class kotlin.collections.ArraysKt__ArraysJVMKt                                        : loaded 2 times (x 71B)
Class com.android.ide.gradle.model.dependencies.DeclaredDependencies                  : loaded 2 times (x 70B)
Class com.google.common.cache.LocalCache$EntryFactory$2                               : loaded 2 times (x 83B)
Class [Lcom.intellij.openapi.externalSystem.model.project.dependencies.ResolutionState;: loaded 2 times (x 69B)
Class org.gradle.internal.impldep.gnu.trove.TObjectHash                               : loaded 2 times (x 94B)
Class org.jetbrains.plugins.gradle.model.DependencyAccessorsModel                     : loaded 2 times (x 70B)
Class kotlin.jvm.internal.CallableReference$NoReceiver                                : loaded 2 times (x 71B)
Class org.gradle.api.internal.classpath.GlobalCacheRootsProvider                      : loaded 2 times (x 70B)
Class com.google.common.collect.CollectCollectors                                     : loaded 2 times (x 71B)
Class org.objectweb.asm.ModuleWriter                                                  : loaded 2 times (x 82B)
Class com.google.common.cache.LocalCache$EntryFactory$3                               : loaded 2 times (x 83B)
Class com.google.common.base.Ticker$1                                                 : loaded 2 times (x 72B)
Class com.google.common.collect.Maps$BiMapConverter                                   : loaded 2 times (x 90B)
Class com.google.common.collect.ImmutableMapEntrySet$RegularEntrySet                  : loaded 2 times (x 152B)
Class org.jetbrains.kotlin.idea.gradleTooling.KotlinMPPGradleModel                    : loaded 2 times (x 70B)
Class com.intellij.gradle.toolingExtension.impl.model.dependencyDownloadPolicyModel.GradleDependencyDownloadPolicy: loaded 2 times (x 70B)
Class kotlin.NoWhenBranchMatchedException                                             : loaded 2 times (x 82B)
Class org.gradle.tooling.model.BuildIdentifier                                        : loaded 2 times (x 70B)
Class com.android.builder.model.v2.ide.VectorDrawablesOptions                         : loaded 2 times (x 70B)
Class com.google.common.cache.LocalCache$EntryFactory$4                               : loaded 2 times (x 83B)
Class com.google.common.base.CharMatcher$InRange                                      : loaded 2 times (x 111B)
Class com.google.common.collect.ImmutableSet$Builder                                  : loaded 2 times (x 85B)
Class org.jetbrains.kotlin.idea.gradleTooling.PrepareKotlinIdeImportTaskModel         : loaded 2 times (x 70B)
Class com.android.builder.model.v2.models.VariantDependenciesFlatList                 : loaded 2 times (x 70B)
Class com.google.common.cache.LocalCache$EntryFactory$5                               : loaded 2 times (x 83B)
Class com.android.ide.gradle.model.GradlePluginModel                                  : loaded 2 times (x 70B)
Class com.google.common.collect.ReverseOrdering                                       : loaded 2 times (x 115B)
Class org.gradle.tooling.model.build.JavaEnvironment                                  : loaded 2 times (x 70B)
Class org.jetbrains.plugins.gradle.tooling.serialization.internal.IdeaProjectSerializationService$ReadContext: loaded 2 times (x 72B)
Class com.android.builder.model.v2.ide.SourceSetContainer                             : loaded 2 times (x 70B)
Class com.google.common.cache.LocalCache$EntryFactory$6                               : loaded 2 times (x 83B)
Class org.gradle.internal.time.Timer                                                  : loaded 2 times (x 70B)
Class kotlin.jvm.internal.markers.KMappedMarker                                       : loaded 2 times (x 70B)
Class org.gradle.internal.installation.CurrentGradleInstallationLocator               : loaded 2 times (x 71B)
Class com.android.builder.model.v2.ide.LintOptions                                    : loaded 2 times (x 70B)
Class com.google.common.collect.Maps$KeySet                                           : loaded 2 times (x 137B)
Class com.google.common.cache.LocalCache$EntryFactory$7                               : loaded 2 times (x 83B)
Class com.google.common.collect.ImmutableSet$EmptySetBuilderImpl                      : loaded 2 times (x 76B)
Class com.google.common.collect.RegularImmutableMap$KeySet                            : loaded 2 times (x 152B)
Class org.gradle.tooling.internal.adapter.ProtocolToModelAdapter$ViewGraphDetails     : loaded 2 times (x 72B)
Class org.gradle.tooling.model.idea.IdeaProject                                       : loaded 2 times (x 70B)
Class org.gradle.tooling.model.DomainObjectSet                                        : loaded 2 times (x 70B)
Class org.gradle.internal.service.DefaultServiceLocator                               : loaded 2 times (x 83B)
Class com.android.builder.model.v2.ide.BasicArtifact                                  : loaded 2 times (x 70B)
Class com.google.common.cache.LocalCache$EntryFactory$8                               : loaded 2 times (x 83B)
Class com.google.common.base.Equivalence$Identity                                     : loaded 2 times (x 82B)
Class kotlin.coroutines.jvm.internal.SuspendFunction                                  : loaded 2 times (x 70B)
Class org.gradle.util.GradleVersion                                                   : loaded 2 times (x 79B)
Class org.gradle.internal.installation.CurrentGradleInstallation                      : loaded 2 times (x 73B)
Class com.google.common.cache.CacheLoader$1                                           : loaded 2 times (x 75B)
Class com.google.common.collect.ForwardingObject                                      : loaded 2 times (x 72B)
Class com.google.common.base.PairwiseEquivalence                                      : loaded 2 times (x 83B)
Class org.jetbrains.plugins.gradle.tooling.serialization.GradleExtensionsSerializationService$WriteContext: loaded 2 times (x 72B)
Class com.intellij.gradle.toolingExtension.impl.model.taskModel.GradleTaskSerialisationService$Companion: loaded 2 times (x 71B)
Class org.jetbrains.plugins.gradle.javaModel.JavaGradleManifestModel                  : loaded 2 times (x 70B)
Class kotlin.jvm.internal.StringCompanionObject                                       : loaded 2 times (x 71B)
Class kotlin.coroutines.intrinsics.IntrinsicsKt__IntrinsicsJvmKt                      : loaded 2 times (x 71B)
Class kotlin.coroutines.jvm.internal.CoroutineStackFrame                              : loaded 2 times (x 70B)
Class org.gradle.tooling.internal.adapter.ProtocolToModelAdapter$MethodInvocationCache$MethodInvocationKey: loaded 2 times (x 73B)
Class org.gradle.util.internal.GUtil                                                  : loaded 2 times (x 71B)
Class com.google.common.util.concurrent.AbstractFuture$SetFuture                      : loaded 2 times (x 75B)
Class com.google.common.cache.AbstractCache$StatsCounter                              : loaded 2 times (x 70B)
Class com.intellij.gradle.toolingExtension.impl.model.sourceSetModel.GradleSourceSetSerialisationService$SourceSetModelReadContext: loaded 2 times (x 72B)
Class com.intellij.gradle.toolingExtension.impl.model.utilTurnOffDefaultTasksModel.TurnOffDefaultTasks: loaded 2 times (x 70B)
Class kotlin.collections.CollectionsKt                                                : loaded 2 times (x 71B)
Class com.android.builder.model.v2.dsl.BuildType                                      : loaded 2 times (x 70B)
Class org.gradle.internal.service.ServiceLookupException                              : loaded 2 times (x 82B)
Class com.android.builder.model.v2.ide.ViewBindingOptions                             : loaded 2 times (x 70B)
Class com.intellij.gradle.toolingExtension.impl.model.sourceSetModel.GradleSourceSetSerialisationService$SourceSetModelWriteContext: loaded 2 times (x 72B)
Class kotlin.coroutines.CoroutineContext                                              : loaded 2 times (x 70B)
Class kotlin.coroutines.jvm.internal.DebugProbesKt                                    : loaded 2 times (x 71B)
Class org.gradle.tooling.internal.adapter.WeakIdentityHashMap                         : loaded 2 times (x 76B)
Class org.gradle.tooling.GradleConnectionException                                    : loaded 2 times (x 83B)
Class org.gradle.tooling.internal.adapter.ProtocolToModelAdapter$1                    : loaded 2 times (x 75B)
Class org.gradle.tooling.internal.adapter.ProtocolToModelAdapter$ViewDecoration       : loaded 2 times (x 70B)
Class org.gradle.internal.installation.GradleInstallation                             : loaded 2 times (x 75B)
Class com.google.common.collect.Iterables                                             : loaded 2 times (x 71B)
Class org.jetbrains.plugins.gradle.tooling.serialization.GradleExtensionsSerializationService$ReadContext: loaded 2 times (x 72B)
Class com.google.common.collect.LexicographicalOrdering                               : loaded 2 times (x 115B)
Class org.gradle.tooling.internal.adapter.MethodInvoker                               : loaded 2 times (x 70B)
Class org.jetbrains.plugins.gradle.tooling.serialization.RepositoriesModelSerializationService$WriteContext: loaded 2 times (x 72B)
Class com.android.ide.gradle.model.LegacyAndroidGradlePluginProperties                : loaded 2 times (x 70B)
Class kotlin.jvm.KotlinReflectionNotSupportedError                                    : loaded 2 times (x 82B)
Class org.gradle.tooling.model.gradle.GradleScript                                    : loaded 2 times (x 70B)

---------------  S Y S T E M  ---------------

OS:
 Windows 11 , 64 bit Build 26100 (10.0.26100.7623)
OS uptime: 12 days 7:58 hours

CPU: total 8 (initial active 8) (4 cores per cpu, 2 threads per core) family 6 model 151 stepping 5 microcode 0x38, cx8, cmov, fxsr, ht, mmx, 3dnowpref, sse, sse2, sse3, ssse3, sse4.1, sse4.2, popcnt, lzcnt, tsc, tscinvbit, avx, avx2, aes, erms, clmul, bmi1, bmi2, adx, sha, fma, vzeroupper, clflush, clflushopt, clwb, serialize, rdtscp, rdpid, fsrm, f16c, pku, cet_ibt, cet_ss
Processor Information for the first 8 processors :
  Max Mhz: 3300, Current Mhz: 3300, Mhz Limit: 3300

Memory: 4k page, system-wide physical 16153M (2164M free)
TotalPageFile size 23646M (AvailPageFile size 5M)
current process WorkingSet (physical memory assigned to process): 590M, peak: 592M
current process commit charge ("private bytes"): 626M, peak: 627M

vm_info: OpenJDK 64-Bit Server VM (21.0.8+-14018985-b1038.68) for windows-amd64 JRE (21.0.8+-14018985-b1038.68), built on 2025-08-29T19:56:34Z by "builder" with MS VC++ 16.10 / 16.11 (VS2019)

END.
