#
# There is insufficient memory for the Java Runtime Environment to continue.
# Native memory allocation (malloc) failed to allocate 1605936 bytes. Error detail: Chunk::new
# Possible reasons:
#   The system is out of physical RAM or swap space
#   This process is running with CompressedOops enabled, and the Java Heap may be blocking the growth of the native heap
# Possible solutions:
#   Reduce memory load on the system
#   Increase physical memory or swap space
#   Check if swap backing store is full
#   Decrease Java heap size (-Xmx/-Xms)
#   Decrease number of Java threads
#   Decrease Java thread stack sizes (-Xss)
#   Set larger code cache with -XX:ReservedCodeCacheSize=
#   JVM is running with Unscaled Compressed Oops mode in which the Java heap is
#     placed in the first 4GB address space. The Java Heap base address is the
#     maximum limit for the native heap growth. Please use -XX:HeapBaseMinAddress
#     to set the Java Heap base and to place the Java Heap above 4GB virtual address.
# This output file may be truncated or incomplete.
#
#  Out of Memory Error (arena.cpp:168), pid=21688, tid=22828
#
# JRE version: OpenJDK Runtime Environment (21.0.8) (build 21.0.8+-14018985-b1038.68)
# Java VM: OpenJDK 64-Bit Server VM (21.0.8+-14018985-b1038.68, mixed mode, tiered, compressed oops, compressed class ptrs, g1 gc, windows-amd64)
# No core dump will be written. Minidumps are not enabled by default on client versions of Windows
#

---------------  S U M M A R Y ------------

Command Line: --add-opens=java.base/java.lang=ALL-UNNAMED --add-opens=java.base/java.lang.invoke=ALL-UNNAMED --add-opens=java.base/java.util=ALL-UNNAMED --add-opens=java.prefs/java.util.prefs=ALL-UNNAMED --add-exports=jdk.compiler/com.sun.tools.javac.api=ALL-UNNAMED --add-exports=jdk.compiler/com.sun.tools.javac.util=ALL-UNNAMED --add-opens=java.base/java.util=ALL-UNNAMED --add-opens=java.prefs/java.util.prefs=ALL-UNNAMED --add-opens=java.base/java.nio.charset=ALL-UNNAMED --add-opens=java.base/java.net=ALL-UNNAMED --add-opens=java.base/java.util.concurrent.atomic=ALL-UNNAMED --add-opens=java.xml/javax.xml.namespace=ALL-UNNAMED -Xmx2048m -Dfile.encoding=UTF-8 -Duser.country=US -Duser.language=en -Duser.variant -javaagent:C:\Users\ajays\.gradle\wrapper\dists\gradle-8.13-bin\5xuhj0ry160q40clulazy9h7d\gradle-8.13\lib\agents\gradle-instrumentation-agent-8.13.jar org.gradle.launcher.daemon.bootstrap.GradleDaemon 8.13

Host: 12th Gen Intel(R) Core(TM) i3-12100, 8 cores, 15G,  Windows 11 , 64 bit Build 26100 (10.0.26100.7623)
Time: Tue Jan 27 00:35:41 2026 India Standard Time elapsed time: 9.335994 seconds (0d 0h 0m 9s)

---------------  T H R E A D  ---------------

Current thread (0x000001d01f0a9590):  JavaThread "C2 CompilerThread2" daemon [_thread_in_native, id=22828, stack(0x0000005e63e00000,0x0000005e63f00000) (1024K)]


Current CompileTask:
C2:9336 12985   !   4       java.lang.reflect.Executable::sharedToGenericString (255 bytes)

Stack: [0x0000005e63e00000,0x0000005e63f00000]
Native frames: (J=compiled Java code, j=interpreted, Vv=VM code, C=native code)
V  [jvm.dll+0x6d68d9]
V  [jvm.dll+0x866693]
V  [jvm.dll+0x868c4e]
V  [jvm.dll+0x869333]
V  [jvm.dll+0x280566]
V  [jvm.dll+0xc07cd]
V  [jvm.dll+0xc0d03]
V  [jvm.dll+0x3b95e1]
V  [jvm.dll+0x385507]
V  [jvm.dll+0x38497a]
V  [jvm.dll+0x249252]
V  [jvm.dll+0x248821]
V  [jvm.dll+0x1c73a4]
V  [jvm.dll+0x257f9e]
V  [jvm.dll+0x2564e6]
V  [jvm.dll+0x3f4696]
V  [jvm.dll+0x80eac8]
V  [jvm.dll+0x6d512d]
C  [ucrtbase.dll+0x37b0]
C  [KERNEL32.DLL+0x2e8d7]
C  [ntdll.dll+0x8c53c]


---------------  P R O C E S S  ---------------

Threads class SMR info:
_java_thread_list=0x000001d01f678d10, length=98, elements={
0x000001d00783a5b0, 0x000001d01f04dbf0, 0x000001d01f053290, 0x000001d01f04e650,
0x000001d01f07ec80, 0x000001d01f07f6e0, 0x000001d01f080140, 0x000001d01f066470,
0x000001d01f0a2210, 0x000001d01f0a9c60, 0x000001d01f5731f0, 0x000001d01f0a7a50,
0x000001d01f0a9590, 0x000001d01fb289c0, 0x000001d02536ac10, 0x000001d025379840,
0x000001d025482550, 0x000001d0255ddff0, 0x000001d025500a90, 0x000001d02556a340,
0x000001d025568270, 0x000001d025567550, 0x000001d025568f90, 0x000001d025566ec0,
0x000001d025569620, 0x000001d025567be0, 0x000001d025569cb0, 0x000001d0278cf240,
0x000001d0278d0c80, 0x000001d0278cf8d0, 0x000001d0278d1310, 0x000001d0278cebb0,
0x000001d0278d19a0, 0x000001d0278ce520, 0x000001d0278d2030, 0x000001d0278d26c0,
0x000001d0278d2d50, 0x000001d0278cff60, 0x000001d0278d3a70, 0x000001d0278d4100,
0x000001d0278d4790, 0x000001d0278d4e20, 0x000001d0278d54b0, 0x000001d0278d5b40,
0x000001d029481380, 0x000001d02947f2b0, 0x000001d02947df00, 0x000001d029481a10,
0x000001d02947f940, 0x000001d02947ec20, 0x000001d029480660, 0x000001d02947ffd0,
0x000001d029480cf0, 0x000001d02947e590, 0x000001d029484e90, 0x000001d029483450,
0x000001d029483ae0, 0x000001d029484800, 0x000001d02a3a0bf0, 0x000001d02a39f840,
0x000001d02a39f1b0, 0x000001d02a3a1280, 0x000001d02a39eb20, 0x000001d02a3a1910,
0x000001d02a3a0560, 0x000001d02a39e490, 0x000001d02a3a1fa0, 0x000001d02a3a2630,
0x000001d02a3a5420, 0x000001d02a3a2cc0, 0x000001d02a3a39e0, 0x000001d02a3a4700,
0x000001d02a3a5ab0, 0x000001d02a3a4070, 0x000001d02a3a4d90, 0x000001d029fb5360,
0x000001d029fb4cd0, 0x000001d029fb1ee0, 0x000001d029fb2c00, 0x000001d029fb59f0,
0x000001d029fb2570, 0x000001d029fb6710, 0x000001d029fb4640, 0x000001d029fb6080,
0x000001d029fb6da0, 0x000001d029fb3920, 0x000001d029fb3fb0, 0x000001d029fb7ac0,
0x000001d029fb8150, 0x000001d027e10870, 0x000001d027e14380, 0x000001d027e13cf0,
0x000001d027e10f00, 0x000001d027e11590, 0x000001d027e15dc0, 0x000001d027e14a10,
0x000001d027e13660, 0x000001d028492060
}

Java Threads: ( => current thread )
  0x000001d00783a5b0 JavaThread "main"                              [_thread_blocked, id=1988, stack(0x0000005e62b00000,0x0000005e62c00000) (1024K)]
  0x000001d01f04dbf0 JavaThread "Common-Cleaner"             daemon [_thread_blocked, id=31740, stack(0x0000005e63300000,0x0000005e63400000) (1024K)]
  0x000001d01f053290 JavaThread "Reference Handler"          daemon [_thread_blocked, id=28448, stack(0x0000005e63400000,0x0000005e63500000) (1024K)]
  0x000001d01f04e650 JavaThread "Finalizer"                  daemon [_thread_blocked, id=26156, stack(0x0000005e63500000,0x0000005e63600000) (1024K)]
  0x000001d01f07ec80 JavaThread "Signal Dispatcher"          daemon [_thread_blocked, id=31576, stack(0x0000005e63600000,0x0000005e63700000) (1024K)]
  0x000001d01f07f6e0 JavaThread "Attach Listener"            daemon [_thread_blocked, id=12012, stack(0x0000005e63700000,0x0000005e63800000) (1024K)]
  0x000001d01f080140 JavaThread "Service Thread"             daemon [_thread_blocked, id=23368, stack(0x0000005e63800000,0x0000005e63900000) (1024K)]
  0x000001d01f066470 JavaThread "Monitor Deflation Thread"   daemon [_thread_blocked, id=32716, stack(0x0000005e63900000,0x0000005e63a00000) (1024K)]
  0x000001d01f0a2210 JavaThread "C2 CompilerThread0"         daemon [_thread_in_native, id=22060, stack(0x0000005e63a00000,0x0000005e63b00000) (1024K)]
  0x000001d01f0a9c60 JavaThread "C1 CompilerThread0"         daemon [_thread_blocked, id=18356, stack(0x0000005e63b00000,0x0000005e63c00000) (1024K)]
  0x000001d01f5731f0 JavaThread "Notification Thread"        daemon [_thread_blocked, id=23632, stack(0x0000005e63c00000,0x0000005e63d00000) (1024K)]
  0x000001d01f0a7a50 JavaThread "C2 CompilerThread1"         daemon [_thread_in_native, id=17912, stack(0x0000005e63d00000,0x0000005e63e00000) (1024K)]
=>0x000001d01f0a9590 JavaThread "C2 CompilerThread2"         daemon [_thread_in_native, id=22828, stack(0x0000005e63e00000,0x0000005e63f00000) (1024K)]
  0x000001d01fb289c0 JavaThread "Daemon health stats"               [_thread_blocked, id=18092, stack(0x0000005e64400000,0x0000005e64500000) (1024K)]
  0x000001d02536ac10 JavaThread "Incoming local TCP Connector on port 59857"        [_thread_in_native, id=28264, stack(0x0000005e64700000,0x0000005e64800000) (1024K)]
  0x000001d025379840 JavaThread "Daemon periodic checks"            [_thread_blocked, id=30612, stack(0x0000005e64800000,0x0000005e64900000) (1024K)]
  0x000001d025482550 JavaThread "Daemon"                            [_thread_blocked, id=18068, stack(0x0000005e64900000,0x0000005e64a00000) (1024K)]
  0x000001d0255ddff0 JavaThread "Handler for socket connection from /127.0.0.1:59857 to /127.0.0.1:59858"        [_thread_in_native, id=18340, stack(0x0000005e64a00000,0x0000005e64b00000) (1024K)]
  0x000001d025500a90 JavaThread "Cancel handler"                    [_thread_blocked, id=8572, stack(0x0000005e64b00000,0x0000005e64c00000) (1024K)]
  0x000001d02556a340 JavaThread "Daemon worker"                     [_thread_blocked, id=20744, stack(0x0000005e64c00000,0x0000005e64d00000) (1024K)]
  0x000001d025568270 JavaThread "Asynchronous log dispatcher for DefaultDaemonConnection: socket connection from /127.0.0.1:59857 to /127.0.0.1:59858"        [_thread_blocked, id=19072, stack(0x0000005e64d00000,0x0000005e64e00000) (1024K)]
  0x000001d025567550 JavaThread "Stdin handler"                     [_thread_blocked, id=30568, stack(0x0000005e64e00000,0x0000005e64f00000) (1024K)]
  0x000001d025568f90 JavaThread "Daemon client event forwarder"        [_thread_blocked, id=20716, stack(0x0000005e64f00000,0x0000005e65000000) (1024K)]
  0x000001d025566ec0 JavaThread "Cache worker for journal cache (C:\Users\ajays\.gradle\caches\journal-1)"        [_thread_blocked, id=24760, stack(0x0000005e65100000,0x0000005e65200000) (1024K)]
  0x000001d025569620 JavaThread "File lock request listener"        [_thread_in_native, id=26968, stack(0x0000005e65200000,0x0000005e65300000) (1024K)]
  0x000001d025567be0 JavaThread "Cache worker for file hash cache (C:\Users\ajays\.gradle\caches\8.13\fileHashes)"        [_thread_blocked, id=12128, stack(0x0000005e65300000,0x0000005e65400000) (1024K)]
  0x000001d025569cb0 JavaThread "Cache worker for file hash cache (D:\android\Teamozy\.gradle\8.13\fileHashes)"        [_thread_blocked, id=9776, stack(0x0000005e65400000,0x0000005e65500000) (1024K)]
  0x000001d0278cf240 JavaThread "Cache worker for Build Output Cleanup Cache (D:\android\Teamozy\.gradle\buildOutputCleanup)"        [_thread_blocked, id=13764, stack(0x0000005e65500000,0x0000005e65600000) (1024K)]
  0x000001d0278d0c80 JavaThread "File watcher server"        daemon [_thread_in_native, id=9316, stack(0x0000005e65600000,0x0000005e65700000) (1024K)]
  0x000001d0278cf8d0 JavaThread "File watcher consumer"      daemon [_thread_blocked, id=29232, stack(0x0000005e65700000,0x0000005e65800000) (1024K)]
  0x000001d0278d1310 JavaThread "jar transforms"                    [_thread_blocked, id=6632, stack(0x0000005e65800000,0x0000005e65900000) (1024K)]
  0x000001d0278cebb0 JavaThread "jar transforms Thread 2"           [_thread_blocked, id=10096, stack(0x0000005e65900000,0x0000005e65a00000) (1024K)]
  0x000001d0278d19a0 JavaThread "Cache worker for checksums cache (D:\android\Teamozy\.gradle\8.13\checksums)"        [_thread_blocked, id=18656, stack(0x0000005e65a00000,0x0000005e65b00000) (1024K)]
  0x000001d0278ce520 JavaThread "Cache worker for file content cache (C:\Users\ajays\.gradle\caches\8.13\fileContent)"        [_thread_blocked, id=19808, stack(0x0000005e65b00000,0x0000005e65c00000) (1024K)]
  0x000001d0278d2030 JavaThread "jar transforms Thread 3"           [_thread_blocked, id=25656, stack(0x0000005e65c00000,0x0000005e65d00000) (1024K)]
  0x000001d0278d26c0 JavaThread "Cache worker for cache directory md-supplier (C:\Users\ajays\.gradle\caches\8.13\md-supplier)"        [_thread_blocked, id=6548, stack(0x0000005e65d00000,0x0000005e65e00000) (1024K)]
  0x000001d0278d2d50 JavaThread "Cache worker for cache directory md-rule (C:\Users\ajays\.gradle\caches\8.13\md-rule)"        [_thread_blocked, id=28712, stack(0x0000005e65e00000,0x0000005e65f00000) (1024K)]
  0x000001d0278cff60 JavaThread "Unconstrained build operations"        [_thread_blocked, id=32452, stack(0x0000005e65f00000,0x0000005e66000000) (1024K)]
  0x000001d0278d3a70 JavaThread "Unconstrained build operations Thread 2"        [_thread_blocked, id=14228, stack(0x0000005e66000000,0x0000005e66100000) (1024K)]
  0x000001d0278d4100 JavaThread "Unconstrained build operations Thread 3"        [_thread_blocked, id=24552, stack(0x0000005e66100000,0x0000005e66200000) (1024K)]
  0x000001d0278d4790 JavaThread "Unconstrained build operations Thread 4"        [_thread_blocked, id=28924, stack(0x0000005e66200000,0x0000005e66300000) (1024K)]
  0x000001d0278d4e20 JavaThread "Unconstrained build operations Thread 5"        [_thread_blocked, id=9808, stack(0x0000005e66300000,0x0000005e66400000) (1024K)]
  0x000001d0278d54b0 JavaThread "Unconstrained build operations Thread 6"        [_thread_blocked, id=17328, stack(0x0000005e66400000,0x0000005e66500000) (1024K)]
  0x000001d0278d5b40 JavaThread "Unconstrained build operations Thread 7"        [_thread_blocked, id=3504, stack(0x0000005e66500000,0x0000005e66600000) (1024K)]
  0x000001d029481380 JavaThread "Unconstrained build operations Thread 8"        [_thread_blocked, id=13944, stack(0x0000005e66600000,0x0000005e66700000) (1024K)]
  0x000001d02947f2b0 JavaThread "jar transforms Thread 4"           [_thread_blocked, id=20588, stack(0x0000005e66700000,0x0000005e66800000) (1024K)]
  0x000001d02947df00 JavaThread "jar transforms Thread 5"           [_thread_blocked, id=8520, stack(0x0000005e66800000,0x0000005e66900000) (1024K)]
  0x000001d029481a10 JavaThread "Unconstrained build operations Thread 9"        [_thread_blocked, id=17376, stack(0x0000005e66900000,0x0000005e66a00000) (1024K)]
  0x000001d02947f940 JavaThread "Unconstrained build operations Thread 10"        [_thread_blocked, id=208, stack(0x0000005e66a00000,0x0000005e66b00000) (1024K)]
  0x000001d02947ec20 JavaThread "Unconstrained build operations Thread 11"        [_thread_blocked, id=9296, stack(0x0000005e66b00000,0x0000005e66c00000) (1024K)]
  0x000001d029480660 JavaThread "Unconstrained build operations Thread 12"        [_thread_blocked, id=25112, stack(0x0000005e66c00000,0x0000005e66d00000) (1024K)]
  0x000001d02947ffd0 JavaThread "jar transforms Thread 6"           [_thread_blocked, id=9056, stack(0x0000005e66d00000,0x0000005e66e00000) (1024K)]
  0x000001d029480cf0 JavaThread "jar transforms Thread 7"           [_thread_blocked, id=24572, stack(0x0000005e66e00000,0x0000005e66f00000) (1024K)]
  0x000001d02947e590 JavaThread "jar transforms Thread 8"           [_thread_blocked, id=1832, stack(0x0000005e66f00000,0x0000005e67000000) (1024K)]
  0x000001d029484e90 JavaThread "Unconstrained build operations Thread 13"        [_thread_blocked, id=13160, stack(0x0000005e67000000,0x0000005e67100000) (1024K)]
  0x000001d029483450 JavaThread "Unconstrained build operations Thread 14"        [_thread_blocked, id=6560, stack(0x0000005e67100000,0x0000005e67200000) (1024K)]
  0x000001d029483ae0 JavaThread "Unconstrained build operations Thread 15"        [_thread_blocked, id=1876, stack(0x0000005e67200000,0x0000005e67300000) (1024K)]
  0x000001d029484800 JavaThread "Unconstrained build operations Thread 16"        [_thread_blocked, id=23276, stack(0x0000005e67300000,0x0000005e67400000) (1024K)]
  0x000001d02a3a0bf0 JavaThread "Unconstrained build operations Thread 17"        [_thread_blocked, id=3124, stack(0x0000005e67400000,0x0000005e67500000) (1024K)]
  0x000001d02a39f840 JavaThread "Unconstrained build operations Thread 18"        [_thread_blocked, id=25328, stack(0x0000005e67500000,0x0000005e67600000) (1024K)]
  0x000001d02a39f1b0 JavaThread "Unconstrained build operations Thread 19"        [_thread_blocked, id=9444, stack(0x0000005e67600000,0x0000005e67700000) (1024K)]
  0x000001d02a3a1280 JavaThread "Unconstrained build operations Thread 20"        [_thread_blocked, id=10176, stack(0x0000005e67700000,0x0000005e67800000) (1024K)]
  0x000001d02a39eb20 JavaThread "Unconstrained build operations Thread 21"        [_thread_blocked, id=25756, stack(0x0000005e67800000,0x0000005e67900000) (1024K)]
  0x000001d02a3a1910 JavaThread "Unconstrained build operations Thread 22"        [_thread_blocked, id=7484, stack(0x0000005e67900000,0x0000005e67a00000) (1024K)]
  0x000001d02a3a0560 JavaThread "Unconstrained build operations Thread 23"        [_thread_blocked, id=22768, stack(0x0000005e67a00000,0x0000005e67b00000) (1024K)]
  0x000001d02a39e490 JavaThread "Unconstrained build operations Thread 24"        [_thread_blocked, id=30028, stack(0x0000005e67b00000,0x0000005e67c00000) (1024K)]
  0x000001d02a3a1fa0 JavaThread "Unconstrained build operations Thread 25"        [_thread_blocked, id=23892, stack(0x0000005e67c00000,0x0000005e67d00000) (1024K)]
  0x000001d02a3a2630 JavaThread "Unconstrained build operations Thread 26"        [_thread_blocked, id=22948, stack(0x0000005e67d00000,0x0000005e67e00000) (1024K)]
  0x000001d02a3a5420 JavaThread "Unconstrained build operations Thread 27"        [_thread_blocked, id=28908, stack(0x0000005e67e00000,0x0000005e67f00000) (1024K)]
  0x000001d02a3a2cc0 JavaThread "Unconstrained build operations Thread 28"        [_thread_blocked, id=13960, stack(0x0000005e67f00000,0x0000005e68000000) (1024K)]
  0x000001d02a3a39e0 JavaThread "Unconstrained build operations Thread 29"        [_thread_blocked, id=9976, stack(0x0000005e68000000,0x0000005e68100000) (1024K)]
  0x000001d02a3a4700 JavaThread "Unconstrained build operations Thread 30"        [_thread_blocked, id=31552, stack(0x0000005e68100000,0x0000005e68200000) (1024K)]
  0x000001d02a3a5ab0 JavaThread "Unconstrained build operations Thread 31"        [_thread_blocked, id=32048, stack(0x0000005e68200000,0x0000005e68300000) (1024K)]
  0x000001d02a3a4070 JavaThread "Unconstrained build operations Thread 32"        [_thread_blocked, id=21204, stack(0x0000005e68300000,0x0000005e68400000) (1024K)]
  0x000001d02a3a4d90 JavaThread "Unconstrained build operations Thread 33"        [_thread_blocked, id=24980, stack(0x0000005e68400000,0x0000005e68500000) (1024K)]
  0x000001d029fb5360 JavaThread "Unconstrained build operations Thread 34"        [_thread_blocked, id=6696, stack(0x0000005e68500000,0x0000005e68600000) (1024K)]
  0x000001d029fb4cd0 JavaThread "Unconstrained build operations Thread 35"        [_thread_blocked, id=14176, stack(0x0000005e68600000,0x0000005e68700000) (1024K)]
  0x000001d029fb1ee0 JavaThread "Unconstrained build operations Thread 36"        [_thread_blocked, id=18916, stack(0x0000005e68700000,0x0000005e68800000) (1024K)]
  0x000001d029fb2c00 JavaThread "Unconstrained build operations Thread 37"        [_thread_blocked, id=32148, stack(0x0000005e68800000,0x0000005e68900000) (1024K)]
  0x000001d029fb59f0 JavaThread "Unconstrained build operations Thread 38"        [_thread_blocked, id=12664, stack(0x0000005e68900000,0x0000005e68a00000) (1024K)]
  0x000001d029fb2570 JavaThread "Unconstrained build operations Thread 39"        [_thread_blocked, id=21396, stack(0x0000005e68a00000,0x0000005e68b00000) (1024K)]
  0x000001d029fb6710 JavaThread "Unconstrained build operations Thread 40"        [_thread_blocked, id=11568, stack(0x0000005e68b00000,0x0000005e68c00000) (1024K)]
  0x000001d029fb4640 JavaThread "Unconstrained build operations Thread 41"        [_thread_blocked, id=22376, stack(0x0000005e68c00000,0x0000005e68d00000) (1024K)]
  0x000001d029fb6080 JavaThread "Unconstrained build operations Thread 42"        [_thread_blocked, id=17380, stack(0x0000005e68d00000,0x0000005e68e00000) (1024K)]
  0x000001d029fb6da0 JavaThread "Unconstrained build operations Thread 43"        [_thread_blocked, id=15620, stack(0x0000005e68e00000,0x0000005e68f00000) (1024K)]
  0x000001d029fb3920 JavaThread "Unconstrained build operations Thread 44"        [_thread_blocked, id=19392, stack(0x0000005e68f00000,0x0000005e69000000) (1024K)]
  0x000001d029fb3fb0 JavaThread "build event listener"              [_thread_blocked, id=30016, stack(0x0000005e69000000,0x0000005e69100000) (1024K)]
  0x000001d029fb7ac0 JavaThread "Memory manager"                    [_thread_blocked, id=28704, stack(0x0000005e69100000,0x0000005e69200000) (1024K)]
  0x000001d029fb8150 JavaThread "build event listener"              [_thread_blocked, id=3604, stack(0x0000005e69200000,0x0000005e69300000) (1024K)]
  0x000001d027e10870 JavaThread "included builds"                   [_thread_blocked, id=13044, stack(0x0000005e69300000,0x0000005e69400000) (1024K)]
  0x000001d027e14380 JavaThread "Execution worker"                  [_thread_blocked, id=26152, stack(0x0000005e69400000,0x0000005e69500000) (1024K)]
  0x000001d027e13cf0 JavaThread "Execution worker Thread 2"         [_thread_blocked, id=16220, stack(0x0000005e69500000,0x0000005e69600000) (1024K)]
  0x000001d027e10f00 JavaThread "Execution worker Thread 3"         [_thread_blocked, id=5104, stack(0x0000005e69600000,0x0000005e69700000) (1024K)]
  0x000001d027e11590 JavaThread "Execution worker Thread 4"         [_thread_blocked, id=23568, stack(0x0000005e69700000,0x0000005e69800000) (1024K)]
  0x000001d027e15dc0 JavaThread "Execution worker Thread 5"         [_thread_blocked, id=28628, stack(0x0000005e69800000,0x0000005e69900000) (1024K)]
  0x000001d027e14a10 JavaThread "Execution worker Thread 6"         [_thread_blocked, id=29704, stack(0x0000005e69900000,0x0000005e69a00000) (1024K)]
  0x000001d027e13660 JavaThread "Execution worker Thread 7"         [_thread_in_Java, id=29984, stack(0x0000005e69a00000,0x0000005e69b00000) (1024K)]
  0x000001d028492060 JavaThread "Cache worker for execution history cache (D:\android\Teamozy\.gradle\8.13\executionHistory)"        [_thread_blocked, id=30044, stack(0x0000005e69b00000,0x0000005e69c00000) (1024K)]
Total: 98

Other Threads:
  0x000001d01effdae0 VMThread "VM Thread"                           [id=20068, stack(0x0000005e63200000,0x0000005e63300000) (1024K)]
  0x000001d01eeeb920 WatcherThread "VM Periodic Task Thread"        [id=4964, stack(0x0000005e63100000,0x0000005e63200000) (1024K)]
  0x000001d007891bd0 WorkerThread "GC Thread#0"                     [id=31476, stack(0x0000005e62c00000,0x0000005e62d00000) (1024K)]
  0x000001d01fac4e20 WorkerThread "GC Thread#1"                     [id=32180, stack(0x0000005e63f00000,0x0000005e64000000) (1024K)]
  0x000001d01fac5b80 WorkerThread "GC Thread#2"                     [id=28588, stack(0x0000005e64000000,0x0000005e64100000) (1024K)]
  0x000001d01fb47480 WorkerThread "GC Thread#3"                     [id=23384, stack(0x0000005e64100000,0x0000005e64200000) (1024K)]
  0x000001d01fb47820 WorkerThread "GC Thread#4"                     [id=11328, stack(0x0000005e64200000,0x0000005e64300000) (1024K)]
  0x000001d01faba1b0 WorkerThread "GC Thread#5"                     [id=31188, stack(0x0000005e64300000,0x0000005e64400000) (1024K)]
  0x000001d0243babd0 WorkerThread "GC Thread#6"                     [id=16160, stack(0x0000005e64500000,0x0000005e64600000) (1024K)]
  0x000001d0243b9270 WorkerThread "GC Thread#7"                     [id=23796, stack(0x0000005e64600000,0x0000005e64700000) (1024K)]
  0x000001d0078e1410 ConcurrentGCThread "G1 Main Marker"            [id=24292, stack(0x0000005e62d00000,0x0000005e62e00000) (1024K)]
  0x000001d0078e26b0 WorkerThread "G1 Conc#0"                       [id=11304, stack(0x0000005e62e00000,0x0000005e62f00000) (1024K)]
  0x000001d0243ba0f0 WorkerThread "G1 Conc#1"                       [id=7980, stack(0x0000005e65000000,0x0000005e65100000) (1024K)]
  0x000001d01ee3d980 ConcurrentGCThread "G1 Refine#0"               [id=9292, stack(0x0000005e62f00000,0x0000005e63000000) (1024K)]
  0x000001d01ee3e300 ConcurrentGCThread "G1 Service"                [id=22120, stack(0x0000005e63000000,0x0000005e63100000) (1024K)]
Total: 15

Threads with active compile tasks:
C2 CompilerThread0  9349 13180 %     4       org.gradle.internal.instantiation.generator.AbstractClassGenerator::inspectType @ 77 (602 bytes)
C1 CompilerThread0  9349 13199       3       jdk.internal.reflect.AccessorGenerator::getClassName (197 bytes)
C2 CompilerThread1  9349 12988       4       java.lang.reflect.Method::getGenericExceptionTypes (5 bytes)
C2 CompilerThread2  9349 12985   !   4       java.lang.reflect.Executable::sharedToGenericString (255 bytes)
Total: 4

VM state: not at safepoint (normal execution)

VM Mutex/Monitor currently owned by a thread:  ([mutex/lock_event])
[0x00007ffe679c84b8] CodeCache_lock - owner thread: 0x000001d027e13660

Heap address: 0x0000000080000000, size: 2048 MB, Compressed Oops mode: 32-bit

CDS archive(s) not mapped
Compressed class space mapped at: 0x0000000100000000-0x0000000140000000, reserved size: 1073741824
Narrow klass base: 0x0000000000000000, Narrow klass shift: 3, Narrow klass range: 0x140000000

GC Precious Log:
 CardTable entry size: 512
 Card Set container configuration: InlinePtr #cards 5 size 8 Array Of Cards #cards 12 size 40 Howl #buckets 4 coarsen threshold 1843 Howl Bitmap #cards 512 size 80 coarsen threshold 460 Card regions per heap region 1 cards per card region 2048
 CPUs: 8 total, 8 available
 Memory: 16153M
 Large Page Support: Disabled
 NUMA Support: Disabled
 Compressed Oops: Enabled (32-bit)
 Heap Region Size: 1M
 Heap Min Capacity: 8M
 Heap Initial Capacity: 254M
 Heap Max Capacity: 2G
 Pre-touch: Disabled
 Parallel Workers: 8
 Concurrent Workers: 2
 Concurrent Refinement Workers: 8
 Periodic GC: Disabled

Heap:
 garbage-first heap   total 201728K, used 128396K [0x0000000080000000, 0x0000000100000000)
  region size 1024K, 16 young (16384K), 7 survivors (7168K)
 Metaspace       used 118207K, committed 120448K, reserved 1179648K
  class space    used 16760K, committed 17856K, reserved 1048576K

Heap Regions: E=young(eden), S=young(survivor), O=old, HS=humongous(starts), HC=humongous(continues), CS=collection set, F=free, TAMS=top-at-mark-start, PB=parsable bottom
|   0|0x0000000080000000, 0x0000000080100000, 0x0000000080100000|100%|HS|  |TAMS 0x0000000080000000| PB 0x0000000080000000| Complete 
|   1|0x0000000080100000, 0x0000000080200000, 0x0000000080200000|100%|HC|  |TAMS 0x0000000080100000| PB 0x0000000080100000| Complete 
|   2|0x0000000080200000, 0x0000000080300000, 0x0000000080300000|100%|HC|  |TAMS 0x0000000080200000| PB 0x0000000080200000| Complete 
|   3|0x0000000080300000, 0x0000000080400000, 0x0000000080400000|100%| O|  |TAMS 0x0000000080300000| PB 0x0000000080300000| Untracked 
|   4|0x0000000080400000, 0x0000000080500000, 0x0000000080500000|100%| O|  |TAMS 0x0000000080400000| PB 0x0000000080400000| Untracked 
|   5|0x0000000080500000, 0x0000000080600000, 0x0000000080600000|100%| O|  |TAMS 0x0000000080500000| PB 0x0000000080500000| Untracked 
|   6|0x0000000080600000, 0x0000000080700000, 0x0000000080700000|100%|HS|  |TAMS 0x0000000080600000| PB 0x0000000080600000| Complete 
|   7|0x0000000080700000, 0x0000000080800000, 0x0000000080800000|100%| O|  |TAMS 0x0000000080700000| PB 0x0000000080700000| Untracked 
|   8|0x0000000080800000, 0x0000000080900000, 0x0000000080900000|100%| O|  |TAMS 0x0000000080800000| PB 0x0000000080800000| Untracked 
|   9|0x0000000080900000, 0x0000000080a00000, 0x0000000080a00000|100%| O|  |TAMS 0x0000000080900000| PB 0x0000000080900000| Untracked 
|  10|0x0000000080a00000, 0x0000000080b00000, 0x0000000080b00000|100%| O|  |TAMS 0x0000000080a00000| PB 0x0000000080a00000| Untracked 
|  11|0x0000000080b00000, 0x0000000080c00000, 0x0000000080c00000|100%| O|  |TAMS 0x0000000080b00000| PB 0x0000000080b00000| Untracked 
|  12|0x0000000080c00000, 0x0000000080d00000, 0x0000000080d00000|100%| O|  |TAMS 0x0000000080c00000| PB 0x0000000080c00000| Untracked 
|  13|0x0000000080d00000, 0x0000000080e00000, 0x0000000080e00000|100%| O|  |TAMS 0x0000000080d00000| PB 0x0000000080d00000| Untracked 
|  14|0x0000000080e00000, 0x0000000080f00000, 0x0000000080f00000|100%| O|  |TAMS 0x0000000080e00000| PB 0x0000000080e00000| Untracked 
|  15|0x0000000080f00000, 0x0000000081000000, 0x0000000081000000|100%| O|  |TAMS 0x0000000080f00000| PB 0x0000000080f00000| Untracked 
|  16|0x0000000081000000, 0x0000000081100000, 0x0000000081100000|100%| O|  |TAMS 0x0000000081000000| PB 0x0000000081000000| Untracked 
|  17|0x0000000081100000, 0x0000000081200000, 0x0000000081200000|100%| O|  |TAMS 0x0000000081100000| PB 0x0000000081100000| Untracked 
|  18|0x0000000081200000, 0x0000000081300000, 0x0000000081300000|100%| O|  |TAMS 0x0000000081200000| PB 0x0000000081200000| Untracked 
|  19|0x0000000081300000, 0x0000000081400000, 0x0000000081400000|100%| O|  |TAMS 0x0000000081300000| PB 0x0000000081300000| Untracked 
|  20|0x0000000081400000, 0x0000000081500000, 0x0000000081500000|100%| O|  |TAMS 0x0000000081400000| PB 0x0000000081400000| Untracked 
|  21|0x0000000081500000, 0x0000000081600000, 0x0000000081600000|100%| O|  |TAMS 0x0000000081500000| PB 0x0000000081500000| Untracked 
|  22|0x0000000081600000, 0x0000000081700000, 0x0000000081700000|100%| O|  |TAMS 0x0000000081600000| PB 0x0000000081600000| Untracked 
|  23|0x0000000081700000, 0x0000000081800000, 0x0000000081800000|100%| O|  |TAMS 0x0000000081700000| PB 0x0000000081700000| Untracked 
|  24|0x0000000081800000, 0x0000000081900000, 0x0000000081900000|100%| O|  |TAMS 0x0000000081800000| PB 0x0000000081800000| Untracked 
|  25|0x0000000081900000, 0x0000000081a00000, 0x0000000081a00000|100%| O|  |TAMS 0x0000000081900000| PB 0x0000000081900000| Untracked 
|  26|0x0000000081a00000, 0x0000000081b00000, 0x0000000081b00000|100%| O|Cm|TAMS 0x0000000081a00000| PB 0x0000000081a00000| Complete 
|  27|0x0000000081b00000, 0x0000000081c00000, 0x0000000081c00000|100%| O|  |TAMS 0x0000000081b00000| PB 0x0000000081b00000| Untracked 
|  28|0x0000000081c00000, 0x0000000081d00000, 0x0000000081d00000|100%| O|  |TAMS 0x0000000081c00000| PB 0x0000000081c00000| Untracked 
|  29|0x0000000081d00000, 0x0000000081e00000, 0x0000000081e00000|100%| O|  |TAMS 0x0000000081d00000| PB 0x0000000081d00000| Untracked 
|  30|0x0000000081e00000, 0x0000000081f00000, 0x0000000081f00000|100%| O|  |TAMS 0x0000000081e00000| PB 0x0000000081e00000| Untracked 
|  31|0x0000000081f00000, 0x0000000082000000, 0x0000000082000000|100%| O|  |TAMS 0x0000000081f00000| PB 0x0000000081f00000| Untracked 
|  32|0x0000000082000000, 0x0000000082100000, 0x0000000082100000|100%| O|  |TAMS 0x0000000082000000| PB 0x0000000082000000| Untracked 
|  33|0x0000000082100000, 0x0000000082200000, 0x0000000082200000|100%| O|  |TAMS 0x0000000082100000| PB 0x0000000082100000| Untracked 
|  34|0x0000000082200000, 0x0000000082300000, 0x0000000082300000|100%| O|  |TAMS 0x0000000082200000| PB 0x0000000082200000| Untracked 
|  35|0x0000000082300000, 0x0000000082400000, 0x0000000082400000|100%| O|  |TAMS 0x0000000082300000| PB 0x0000000082300000| Untracked 
|  36|0x0000000082400000, 0x0000000082500000, 0x0000000082500000|100%| O|  |TAMS 0x0000000082400000| PB 0x0000000082400000| Untracked 
|  37|0x0000000082500000, 0x0000000082600000, 0x0000000082600000|100%| O|  |TAMS 0x0000000082500000| PB 0x0000000082500000| Untracked 
|  38|0x0000000082600000, 0x0000000082700000, 0x0000000082700000|100%| O|  |TAMS 0x0000000082600000| PB 0x0000000082600000| Untracked 
|  39|0x0000000082700000, 0x0000000082800000, 0x0000000082800000|100%| O|  |TAMS 0x0000000082700000| PB 0x0000000082700000| Untracked 
|  40|0x0000000082800000, 0x0000000082900000, 0x0000000082900000|100%| O|  |TAMS 0x0000000082800000| PB 0x0000000082800000| Untracked 
|  41|0x0000000082900000, 0x0000000082a00000, 0x0000000082a00000|100%| O|  |TAMS 0x0000000082900000| PB 0x0000000082900000| Untracked 
|  42|0x0000000082a00000, 0x0000000082b00000, 0x0000000082b00000|100%| O|  |TAMS 0x0000000082a00000| PB 0x0000000082a00000| Untracked 
|  43|0x0000000082b00000, 0x0000000082c00000, 0x0000000082c00000|100%| O|  |TAMS 0x0000000082b00000| PB 0x0000000082b00000| Untracked 
|  44|0x0000000082c00000, 0x0000000082d00000, 0x0000000082d00000|100%| O|  |TAMS 0x0000000082c00000| PB 0x0000000082c00000| Untracked 
|  45|0x0000000082d00000, 0x0000000082e00000, 0x0000000082e00000|100%| O|  |TAMS 0x0000000082d00000| PB 0x0000000082d00000| Untracked 
|  46|0x0000000082e00000, 0x0000000082f00000, 0x0000000082f00000|100%|HS|  |TAMS 0x0000000082e00000| PB 0x0000000082e00000| Complete 
|  47|0x0000000082f00000, 0x0000000083000000, 0x0000000083000000|100%| O|  |TAMS 0x0000000082f00000| PB 0x0000000082f00000| Untracked 
|  48|0x0000000083000000, 0x0000000083100000, 0x0000000083100000|100%| O|  |TAMS 0x0000000083000000| PB 0x0000000083000000| Untracked 
|  49|0x0000000083100000, 0x0000000083200000, 0x0000000083200000|100%| O|  |TAMS 0x0000000083100000| PB 0x0000000083100000| Untracked 
|  50|0x0000000083200000, 0x0000000083300000, 0x0000000083300000|100%| O|  |TAMS 0x0000000083200000| PB 0x0000000083200000| Untracked 
|  51|0x0000000083300000, 0x0000000083400000, 0x0000000083400000|100%| O|  |TAMS 0x0000000083300000| PB 0x0000000083300000| Untracked 
|  52|0x0000000083400000, 0x0000000083500000, 0x0000000083500000|100%|HS|  |TAMS 0x0000000083400000| PB 0x0000000083400000| Complete 
|  53|0x0000000083500000, 0x0000000083600000, 0x0000000083600000|100%|HS|  |TAMS 0x0000000083500000| PB 0x0000000083500000| Complete 
|  54|0x0000000083600000, 0x0000000083700000, 0x0000000083700000|100%|HC|  |TAMS 0x0000000083600000| PB 0x0000000083600000| Complete 
|  55|0x0000000083700000, 0x0000000083800000, 0x0000000083800000|100%| O|  |TAMS 0x0000000083700000| PB 0x0000000083700000| Untracked 
|  56|0x0000000083800000, 0x0000000083900000, 0x0000000083900000|100%|HS|  |TAMS 0x0000000083800000| PB 0x0000000083800000| Complete 
|  57|0x0000000083900000, 0x0000000083a00000, 0x0000000083a00000|100%|HC|  |TAMS 0x0000000083900000| PB 0x0000000083900000| Complete 
|  58|0x0000000083a00000, 0x0000000083b00000, 0x0000000083b00000|100%|HS|  |TAMS 0x0000000083a00000| PB 0x0000000083a00000| Complete 
|  59|0x0000000083b00000, 0x0000000083c00000, 0x0000000083c00000|100%|HC|  |TAMS 0x0000000083b00000| PB 0x0000000083b00000| Complete 
|  60|0x0000000083c00000, 0x0000000083d00000, 0x0000000083d00000|100%|HC|  |TAMS 0x0000000083c00000| PB 0x0000000083c00000| Complete 
|  61|0x0000000083d00000, 0x0000000083e00000, 0x0000000083e00000|100%|HS|  |TAMS 0x0000000083d00000| PB 0x0000000083d00000| Complete 
|  62|0x0000000083e00000, 0x0000000083f00000, 0x0000000083f00000|100%|HS|  |TAMS 0x0000000083e00000| PB 0x0000000083e00000| Complete 
|  63|0x0000000083f00000, 0x0000000084000000, 0x0000000084000000|100%| O|  |TAMS 0x0000000083f00000| PB 0x0000000083f00000| Untracked 
|  64|0x0000000084000000, 0x0000000084100000, 0x0000000084100000|100%|HS|  |TAMS 0x0000000084000000| PB 0x0000000084000000| Complete 
|  65|0x0000000084100000, 0x0000000084200000, 0x0000000084200000|100%|HS|  |TAMS 0x0000000084100000| PB 0x0000000084100000| Complete 
|  66|0x0000000084200000, 0x0000000084300000, 0x0000000084300000|100%| O|  |TAMS 0x0000000084200000| PB 0x0000000084200000| Untracked 
|  67|0x0000000084300000, 0x0000000084400000, 0x0000000084400000|100%| O|  |TAMS 0x0000000084300000| PB 0x0000000084300000| Untracked 
|  68|0x0000000084400000, 0x0000000084500000, 0x0000000084500000|100%| O|  |TAMS 0x0000000084400000| PB 0x0000000084400000| Untracked 
|  69|0x0000000084500000, 0x0000000084600000, 0x0000000084600000|100%| O|Cm|TAMS 0x0000000084500000| PB 0x0000000084500000| Complete 
|  70|0x0000000084600000, 0x0000000084700000, 0x0000000084700000|100%| O|  |TAMS 0x0000000084600000| PB 0x0000000084600000| Untracked 
|  71|0x0000000084700000, 0x0000000084800000, 0x0000000084800000|100%| O|  |TAMS 0x0000000084700000| PB 0x0000000084700000| Untracked 
|  72|0x0000000084800000, 0x0000000084900000, 0x0000000084900000|100%|HS|  |TAMS 0x0000000084800000| PB 0x0000000084800000| Complete 
|  73|0x0000000084900000, 0x0000000084a00000, 0x0000000084a00000|100%| O|  |TAMS 0x0000000084900000| PB 0x0000000084900000| Untracked 
|  74|0x0000000084a00000, 0x0000000084b00000, 0x0000000084b00000|100%| O|  |TAMS 0x0000000084a00000| PB 0x0000000084a00000| Untracked 
|  75|0x0000000084b00000, 0x0000000084c00000, 0x0000000084c00000|100%| O|  |TAMS 0x0000000084b00000| PB 0x0000000084b00000| Untracked 
|  76|0x0000000084c00000, 0x0000000084d00000, 0x0000000084d00000|100%| O|  |TAMS 0x0000000084c00000| PB 0x0000000084c00000| Untracked 
|  77|0x0000000084d00000, 0x0000000084e00000, 0x0000000084e00000|100%| O|  |TAMS 0x0000000084d00000| PB 0x0000000084d00000| Untracked 
|  78|0x0000000084e00000, 0x0000000084f00000, 0x0000000084f00000|100%| O|  |TAMS 0x0000000084e00000| PB 0x0000000084e00000| Untracked 
|  79|0x0000000084f00000, 0x0000000085000000, 0x0000000085000000|100%| O|  |TAMS 0x0000000084f00000| PB 0x0000000084f00000| Untracked 
|  80|0x0000000085000000, 0x0000000085100000, 0x0000000085100000|100%| O|  |TAMS 0x0000000085000000| PB 0x0000000085000000| Untracked 
|  81|0x0000000085100000, 0x0000000085200000, 0x0000000085200000|100%| O|  |TAMS 0x0000000085100000| PB 0x0000000085100000| Untracked 
|  82|0x0000000085200000, 0x0000000085300000, 0x0000000085300000|100%| O|  |TAMS 0x0000000085200000| PB 0x0000000085200000| Untracked 
|  83|0x0000000085300000, 0x0000000085400000, 0x0000000085400000|100%| O|  |TAMS 0x0000000085300000| PB 0x0000000085300000| Untracked 
|  84|0x0000000085400000, 0x0000000085500000, 0x0000000085500000|100%| O|  |TAMS 0x0000000085400000| PB 0x0000000085400000| Untracked 
|  85|0x0000000085500000, 0x0000000085600000, 0x0000000085600000|100%|HS|  |TAMS 0x0000000085500000| PB 0x0000000085500000| Complete 
|  86|0x0000000085600000, 0x0000000085700000, 0x0000000085700000|100%|HC|  |TAMS 0x0000000085600000| PB 0x0000000085600000| Complete 
|  87|0x0000000085700000, 0x0000000085800000, 0x0000000085800000|100%|HC|  |TAMS 0x0000000085700000| PB 0x0000000085700000| Complete 
|  88|0x0000000085800000, 0x0000000085900000, 0x0000000085900000|100%| O|  |TAMS 0x0000000085800000| PB 0x0000000085800000| Untracked 
|  89|0x0000000085900000, 0x0000000085a00000, 0x0000000085a00000|100%| O|  |TAMS 0x0000000085900000| PB 0x0000000085900000| Untracked 
|  90|0x0000000085a00000, 0x0000000085b00000, 0x0000000085b00000|100%| O|  |TAMS 0x0000000085a00000| PB 0x0000000085a00000| Untracked 
|  91|0x0000000085b00000, 0x0000000085c00000, 0x0000000085c00000|100%| O|  |TAMS 0x0000000085b00000| PB 0x0000000085b00000| Untracked 
|  92|0x0000000085c00000, 0x0000000085d00000, 0x0000000085d00000|100%| O|  |TAMS 0x0000000085c00000| PB 0x0000000085c00000| Untracked 
|  93|0x0000000085d00000, 0x0000000085e00000, 0x0000000085e00000|100%| O|  |TAMS 0x0000000085d00000| PB 0x0000000085d00000| Untracked 
|  94|0x0000000085e00000, 0x0000000085f00000, 0x0000000085f00000|100%| O|  |TAMS 0x0000000085e00000| PB 0x0000000085e00000| Untracked 
|  95|0x0000000085f00000, 0x0000000086000000, 0x0000000086000000|100%| O|  |TAMS 0x0000000085f00000| PB 0x0000000085f00000| Untracked 
|  96|0x0000000086000000, 0x0000000086100000, 0x0000000086100000|100%| O|  |TAMS 0x0000000086000000| PB 0x0000000086000000| Untracked 
|  97|0x0000000086100000, 0x0000000086200000, 0x0000000086200000|100%| O|  |TAMS 0x0000000086100000| PB 0x0000000086100000| Untracked 
|  98|0x0000000086200000, 0x0000000086300000, 0x0000000086300000|100%| O|  |TAMS 0x0000000086200000| PB 0x0000000086200000| Untracked 
|  99|0x0000000086300000, 0x0000000086400000, 0x0000000086400000|100%| O|  |TAMS 0x0000000086300000| PB 0x0000000086300000| Untracked 
| 100|0x0000000086400000, 0x0000000086500000, 0x0000000086500000|100%| O|  |TAMS 0x0000000086400000| PB 0x0000000086400000| Untracked 
| 101|0x0000000086500000, 0x0000000086600000, 0x0000000086600000|100%| O|  |TAMS 0x0000000086500000| PB 0x0000000086500000| Untracked 
| 102|0x0000000086600000, 0x0000000086700000, 0x0000000086700000|100%| O|  |TAMS 0x0000000086600000| PB 0x0000000086600000| Untracked 
| 103|0x0000000086700000, 0x0000000086800000, 0x0000000086800000|100%| O|Cm|TAMS 0x0000000086700000| PB 0x0000000086700000| Complete 
| 104|0x0000000086800000, 0x0000000086900000, 0x0000000086900000|100%| O|  |TAMS 0x0000000086800000| PB 0x0000000086800000| Untracked 
| 105|0x0000000086900000, 0x0000000086a00000, 0x0000000086a00000|100%| O|  |TAMS 0x0000000086900000| PB 0x0000000086900000| Untracked 
| 106|0x0000000086a00000, 0x0000000086b00000, 0x0000000086b00000|100%| O|  |TAMS 0x0000000086a00000| PB 0x0000000086a00000| Untracked 
| 107|0x0000000086b00000, 0x0000000086c00000, 0x0000000086c00000|100%| O|  |TAMS 0x0000000086b00000| PB 0x0000000086b00000| Untracked 
| 108|0x0000000086c00000, 0x0000000086c00000, 0x0000000086d00000|  0%| F|  |TAMS 0x0000000086c00000| PB 0x0000000086c00000| Untracked 
| 109|0x0000000086d00000, 0x0000000086d00000, 0x0000000086e00000|  0%| F|  |TAMS 0x0000000086d00000| PB 0x0000000086d00000| Untracked 
| 110|0x0000000086e00000, 0x0000000086e00000, 0x0000000086f00000|  0%| F|  |TAMS 0x0000000086e00000| PB 0x0000000086e00000| Untracked 
| 111|0x0000000086f00000, 0x0000000086f00000, 0x0000000087000000|  0%| F|  |TAMS 0x0000000086f00000| PB 0x0000000086f00000| Untracked 
| 112|0x0000000087000000, 0x0000000087000000, 0x0000000087100000|  0%| F|  |TAMS 0x0000000087000000| PB 0x0000000087000000| Untracked 
| 113|0x0000000087100000, 0x0000000087100000, 0x0000000087200000|  0%| F|  |TAMS 0x0000000087100000| PB 0x0000000087100000| Untracked 
| 114|0x0000000087200000, 0x0000000087300000, 0x0000000087300000|100%| O|  |TAMS 0x0000000087200000| PB 0x0000000087200000| Untracked 
| 115|0x0000000087300000, 0x00000000873633c0, 0x0000000087400000| 38%| O|  |TAMS 0x0000000087300000| PB 0x0000000087300000| Untracked 
| 116|0x0000000087400000, 0x0000000087400000, 0x0000000087500000|  0%| F|  |TAMS 0x0000000087400000| PB 0x0000000087400000| Untracked 
| 117|0x0000000087500000, 0x0000000087500000, 0x0000000087600000|  0%| F|  |TAMS 0x0000000087500000| PB 0x0000000087500000| Untracked 
| 118|0x0000000087600000, 0x0000000087600000, 0x0000000087700000|  0%| F|  |TAMS 0x0000000087600000| PB 0x0000000087600000| Untracked 
| 119|0x0000000087700000, 0x0000000087800000, 0x0000000087800000|100%| S|CS|TAMS 0x0000000087700000| PB 0x0000000087700000| Complete 
| 120|0x0000000087800000, 0x0000000087900000, 0x0000000087900000|100%| S|CS|TAMS 0x0000000087800000| PB 0x0000000087800000| Complete 
| 121|0x0000000087900000, 0x0000000087900000, 0x0000000087a00000|  0%| F|  |TAMS 0x0000000087900000| PB 0x0000000087900000| Untracked 
| 122|0x0000000087a00000, 0x0000000087a00000, 0x0000000087b00000|  0%| F|  |TAMS 0x0000000087a00000| PB 0x0000000087a00000| Untracked 
| 123|0x0000000087b00000, 0x0000000087c00000, 0x0000000087c00000|100%| S|CS|TAMS 0x0000000087b00000| PB 0x0000000087b00000| Complete 
| 124|0x0000000087c00000, 0x0000000087d00000, 0x0000000087d00000|100%| S|CS|TAMS 0x0000000087c00000| PB 0x0000000087c00000| Complete 
| 125|0x0000000087d00000, 0x0000000087e00000, 0x0000000087e00000|100%| S|CS|TAMS 0x0000000087d00000| PB 0x0000000087d00000| Complete 
| 126|0x0000000087e00000, 0x0000000087f00000, 0x0000000087f00000|100%| S|CS|TAMS 0x0000000087e00000| PB 0x0000000087e00000| Complete 
| 127|0x0000000087f00000, 0x0000000088000000, 0x0000000088000000|100%| S|CS|TAMS 0x0000000087f00000| PB 0x0000000087f00000| Complete 
| 128|0x0000000088000000, 0x0000000088000000, 0x0000000088100000|  0%| F|  |TAMS 0x0000000088000000| PB 0x0000000088000000| Untracked 
| 129|0x0000000088100000, 0x0000000088100000, 0x0000000088200000|  0%| F|  |TAMS 0x0000000088100000| PB 0x0000000088100000| Untracked 
| 130|0x0000000088200000, 0x0000000088200000, 0x0000000088300000|  0%| F|  |TAMS 0x0000000088200000| PB 0x0000000088200000| Untracked 
| 131|0x0000000088300000, 0x0000000088300000, 0x0000000088400000|  0%| F|  |TAMS 0x0000000088300000| PB 0x0000000088300000| Untracked 
| 132|0x0000000088400000, 0x0000000088400000, 0x0000000088500000|  0%| F|  |TAMS 0x0000000088400000| PB 0x0000000088400000| Untracked 
| 133|0x0000000088500000, 0x0000000088500000, 0x0000000088600000|  0%| F|  |TAMS 0x0000000088500000| PB 0x0000000088500000| Untracked 
| 134|0x0000000088600000, 0x0000000088600000, 0x0000000088700000|  0%| F|  |TAMS 0x0000000088600000| PB 0x0000000088600000| Untracked 
| 135|0x0000000088700000, 0x0000000088700000, 0x0000000088800000|  0%| F|  |TAMS 0x0000000088700000| PB 0x0000000088700000| Untracked 
| 136|0x0000000088800000, 0x0000000088800000, 0x0000000088900000|  0%| F|  |TAMS 0x0000000088800000| PB 0x0000000088800000| Untracked 
| 137|0x0000000088900000, 0x0000000088900000, 0x0000000088a00000|  0%| F|  |TAMS 0x0000000088900000| PB 0x0000000088900000| Untracked 
| 138|0x0000000088a00000, 0x0000000088a00000, 0x0000000088b00000|  0%| F|  |TAMS 0x0000000088a00000| PB 0x0000000088a00000| Untracked 
| 139|0x0000000088b00000, 0x0000000088b00000, 0x0000000088c00000|  0%| F|  |TAMS 0x0000000088b00000| PB 0x0000000088b00000| Untracked 
| 140|0x0000000088c00000, 0x0000000088c00000, 0x0000000088d00000|  0%| F|  |TAMS 0x0000000088c00000| PB 0x0000000088c00000| Untracked 
| 141|0x0000000088d00000, 0x0000000088d00000, 0x0000000088e00000|  0%| F|  |TAMS 0x0000000088d00000| PB 0x0000000088d00000| Untracked 
| 142|0x0000000088e00000, 0x0000000088e00000, 0x0000000088f00000|  0%| F|  |TAMS 0x0000000088e00000| PB 0x0000000088e00000| Untracked 
| 143|0x0000000088f00000, 0x0000000088f00000, 0x0000000089000000|  0%| F|  |TAMS 0x0000000088f00000| PB 0x0000000088f00000| Untracked 
| 144|0x0000000089000000, 0x0000000089000000, 0x0000000089100000|  0%| F|  |TAMS 0x0000000089000000| PB 0x0000000089000000| Untracked 
| 145|0x0000000089100000, 0x0000000089100000, 0x0000000089200000|  0%| F|  |TAMS 0x0000000089100000| PB 0x0000000089100000| Untracked 
| 146|0x0000000089200000, 0x0000000089200000, 0x0000000089300000|  0%| F|  |TAMS 0x0000000089200000| PB 0x0000000089200000| Untracked 
| 147|0x0000000089300000, 0x0000000089300000, 0x0000000089400000|  0%| F|  |TAMS 0x0000000089300000| PB 0x0000000089300000| Untracked 
| 148|0x0000000089400000, 0x0000000089400000, 0x0000000089500000|  0%| F|  |TAMS 0x0000000089400000| PB 0x0000000089400000| Untracked 
| 149|0x0000000089500000, 0x0000000089500000, 0x0000000089600000|  0%| F|  |TAMS 0x0000000089500000| PB 0x0000000089500000| Untracked 
| 150|0x0000000089600000, 0x0000000089600000, 0x0000000089700000|  0%| F|  |TAMS 0x0000000089600000| PB 0x0000000089600000| Untracked 
| 151|0x0000000089700000, 0x0000000089700000, 0x0000000089800000|  0%| F|  |TAMS 0x0000000089700000| PB 0x0000000089700000| Untracked 
| 152|0x0000000089800000, 0x0000000089800000, 0x0000000089900000|  0%| F|  |TAMS 0x0000000089800000| PB 0x0000000089800000| Untracked 
| 153|0x0000000089900000, 0x0000000089900000, 0x0000000089a00000|  0%| F|  |TAMS 0x0000000089900000| PB 0x0000000089900000| Untracked 
| 154|0x0000000089a00000, 0x0000000089a00000, 0x0000000089b00000|  0%| F|  |TAMS 0x0000000089a00000| PB 0x0000000089a00000| Untracked 
| 155|0x0000000089b00000, 0x0000000089b00000, 0x0000000089c00000|  0%| F|  |TAMS 0x0000000089b00000| PB 0x0000000089b00000| Untracked 
| 156|0x0000000089c00000, 0x0000000089c00000, 0x0000000089d00000|  0%| F|  |TAMS 0x0000000089c00000| PB 0x0000000089c00000| Untracked 
| 157|0x0000000089d00000, 0x0000000089d00000, 0x0000000089e00000|  0%| F|  |TAMS 0x0000000089d00000| PB 0x0000000089d00000| Untracked 
| 158|0x0000000089e00000, 0x0000000089e00000, 0x0000000089f00000|  0%| F|  |TAMS 0x0000000089e00000| PB 0x0000000089e00000| Untracked 
| 159|0x0000000089f00000, 0x0000000089f00000, 0x000000008a000000|  0%| F|  |TAMS 0x0000000089f00000| PB 0x0000000089f00000| Untracked 
| 160|0x000000008a000000, 0x000000008a000000, 0x000000008a100000|  0%| F|  |TAMS 0x000000008a000000| PB 0x000000008a000000| Untracked 
| 161|0x000000008a100000, 0x000000008a100000, 0x000000008a200000|  0%| F|  |TAMS 0x000000008a100000| PB 0x000000008a100000| Untracked 
| 162|0x000000008a200000, 0x000000008a200000, 0x000000008a300000|  0%| F|  |TAMS 0x000000008a200000| PB 0x000000008a200000| Untracked 
| 163|0x000000008a300000, 0x000000008a300000, 0x000000008a400000|  0%| F|  |TAMS 0x000000008a300000| PB 0x000000008a300000| Untracked 
| 164|0x000000008a400000, 0x000000008a400000, 0x000000008a500000|  0%| F|  |TAMS 0x000000008a400000| PB 0x000000008a400000| Untracked 
| 165|0x000000008a500000, 0x000000008a500000, 0x000000008a600000|  0%| F|  |TAMS 0x000000008a500000| PB 0x000000008a500000| Untracked 
| 166|0x000000008a600000, 0x000000008a600000, 0x000000008a700000|  0%| F|  |TAMS 0x000000008a600000| PB 0x000000008a600000| Untracked 
| 167|0x000000008a700000, 0x000000008a700000, 0x000000008a800000|  0%| F|  |TAMS 0x000000008a700000| PB 0x000000008a700000| Untracked 
| 168|0x000000008a800000, 0x000000008a800000, 0x000000008a900000|  0%| F|  |TAMS 0x000000008a800000| PB 0x000000008a800000| Untracked 
| 169|0x000000008a900000, 0x000000008a900000, 0x000000008aa00000|  0%| F|  |TAMS 0x000000008a900000| PB 0x000000008a900000| Untracked 
| 170|0x000000008aa00000, 0x000000008aa00000, 0x000000008ab00000|  0%| F|  |TAMS 0x000000008aa00000| PB 0x000000008aa00000| Untracked 
| 171|0x000000008ab00000, 0x000000008ab00000, 0x000000008ac00000|  0%| F|  |TAMS 0x000000008ab00000| PB 0x000000008ab00000| Untracked 
| 172|0x000000008ac00000, 0x000000008ac00000, 0x000000008ad00000|  0%| F|  |TAMS 0x000000008ac00000| PB 0x000000008ac00000| Untracked 
| 173|0x000000008ad00000, 0x000000008ad00000, 0x000000008ae00000|  0%| F|  |TAMS 0x000000008ad00000| PB 0x000000008ad00000| Untracked 
| 174|0x000000008ae00000, 0x000000008ae00000, 0x000000008af00000|  0%| F|  |TAMS 0x000000008ae00000| PB 0x000000008ae00000| Untracked 
| 175|0x000000008af00000, 0x000000008af00000, 0x000000008b000000|  0%| F|  |TAMS 0x000000008af00000| PB 0x000000008af00000| Untracked 
| 176|0x000000008b000000, 0x000000008b000000, 0x000000008b100000|  0%| F|  |TAMS 0x000000008b000000| PB 0x000000008b000000| Untracked 
| 177|0x000000008b100000, 0x000000008b100000, 0x000000008b200000|  0%| F|  |TAMS 0x000000008b100000| PB 0x000000008b100000| Untracked 
| 178|0x000000008b200000, 0x000000008b200000, 0x000000008b300000|  0%| F|  |TAMS 0x000000008b200000| PB 0x000000008b200000| Untracked 
| 179|0x000000008b300000, 0x000000008b300000, 0x000000008b400000|  0%| F|  |TAMS 0x000000008b300000| PB 0x000000008b300000| Untracked 
| 180|0x000000008b400000, 0x000000008b400000, 0x000000008b500000|  0%| F|  |TAMS 0x000000008b400000| PB 0x000000008b400000| Untracked 
| 181|0x000000008b500000, 0x000000008b500000, 0x000000008b600000|  0%| F|  |TAMS 0x000000008b500000| PB 0x000000008b500000| Untracked 
| 182|0x000000008b600000, 0x000000008b600000, 0x000000008b700000|  0%| F|  |TAMS 0x000000008b600000| PB 0x000000008b600000| Untracked 
| 183|0x000000008b700000, 0x000000008b700000, 0x000000008b800000|  0%| F|  |TAMS 0x000000008b700000| PB 0x000000008b700000| Untracked 
| 184|0x000000008b800000, 0x000000008b800000, 0x000000008b900000|  0%| F|  |TAMS 0x000000008b800000| PB 0x000000008b800000| Untracked 
| 225|0x000000008e100000, 0x000000008e100000, 0x000000008e200000|  0%| F|  |TAMS 0x000000008e100000| PB 0x000000008e100000| Untracked 
| 226|0x000000008e200000, 0x000000008e200000, 0x000000008e300000|  0%| F|  |TAMS 0x000000008e200000| PB 0x000000008e200000| Untracked 
| 227|0x000000008e300000, 0x000000008e400000, 0x000000008e400000|100%| E|CS|TAMS 0x000000008e300000| PB 0x000000008e300000| Complete 
| 228|0x000000008e400000, 0x000000008e500000, 0x000000008e500000|100%| E|CS|TAMS 0x000000008e400000| PB 0x000000008e400000| Complete 
| 229|0x000000008e500000, 0x000000008e600000, 0x000000008e600000|100%| E|CS|TAMS 0x000000008e500000| PB 0x000000008e500000| Complete 
| 230|0x000000008e600000, 0x000000008e700000, 0x000000008e700000|100%| E|CS|TAMS 0x000000008e600000| PB 0x000000008e600000| Complete 
| 231|0x000000008e700000, 0x000000008e800000, 0x000000008e800000|100%| E|CS|TAMS 0x000000008e700000| PB 0x000000008e700000| Complete 
| 232|0x000000008e800000, 0x000000008e900000, 0x000000008e900000|100%| E|CS|TAMS 0x000000008e800000| PB 0x000000008e800000| Complete 
| 252|0x000000008fc00000, 0x000000008fd00000, 0x000000008fd00000|100%| E|CS|TAMS 0x000000008fc00000| PB 0x000000008fc00000| Complete 
| 253|0x000000008fd00000, 0x000000008fe00000, 0x000000008fe00000|100%| E|CS|TAMS 0x000000008fd00000| PB 0x000000008fd00000| Complete 
|2046|0x00000000ffe00000, 0x00000000fff00000, 0x00000000fff00000|100%| O|  |TAMS 0x00000000ffe00000| PB 0x00000000ffe00000| Untracked 
|2047|0x00000000fff00000, 0x0000000100000000, 0x0000000100000000|100%| E|CS|TAMS 0x00000000fff00000| PB 0x00000000fff00000| Complete 

Card table byte_map: [0x000001d01a0c0000,0x000001d01a4c0000] _byte_map_base: 0x000001d019cc0000

Marking Bits: (CMBitMap*) 0x000001d0078922d0
 Bits: [0x000001d01a4c0000, 0x000001d01c4c0000)

Polling page: 0x000001d005880000

Metaspace:

Usage:
  Non-class:     99.12 MB used.
      Class:     16.37 MB used.
       Both:    115.49 MB used.

Virtual space:
  Non-class space:      128.00 MB reserved,     100.25 MB ( 78%) committed,  2 nodes.
      Class space:        1.00 GB reserved,      17.44 MB (  2%) committed,  1 nodes.
             Both:        1.12 GB reserved,     117.69 MB ( 10%) committed. 

Chunk freelists:
   Non-Class:  11.55 MB
       Class:  14.59 MB
        Both:  26.15 MB

MaxMetaspaceSize: unlimited
CompressedClassSpaceSize: 1.00 GB
Initial GC threshold: 21.00 MB
Current GC threshold: 195.25 MB
CDS: off
 - commit_granule_bytes: 65536.
 - commit_granule_words: 8192.
 - virtual_space_node_default_size: 8388608.
 - enlarge_chunks_in_place: 1.
 - use_allocation_guard: 0.


Internal statistics:

num_allocs_failed_limit: 12.
num_arena_births: 4324.
num_arena_deaths: 0.
num_vsnodes_births: 3.
num_vsnodes_deaths: 0.
num_space_committed: 1883.
num_space_uncommitted: 0.
num_chunks_returned_to_freelist: 12.
num_chunks_taken_from_freelist: 9388.
num_chunk_merges: 12.
num_chunk_splits: 6133.
num_chunks_enlarged: 3833.
num_inconsistent_stats: 0.

CodeHeap 'non-profiled nmethods': size=120000Kb used=7391Kb max_used=7627Kb free=112608Kb
 bounds [0x000001d012460000, 0x000001d012be0000, 0x000001d019990000]
CodeHeap 'profiled nmethods': size=120000Kb used=19993Kb max_used=21424Kb free=100006Kb
 bounds [0x000001d00a990000, 0x000001d00be80000, 0x000001d011ec0000]
CodeHeap 'non-nmethods': size=5760Kb used=2904Kb max_used=2984Kb free=2855Kb
 bounds [0x000001d011ec0000, 0x000001d0121c0000, 0x000001d012460000]
CodeCache: size=245760Kb, used=30288Kb, max_used=32035Kb, free=215469Kb
 total_blobs=12007, nmethods=10996, adapters=914, full_count=0
Compilation: enabled, stopped_count=0, restarted_count=0

Compilation events (20 events):
Event: 9.289 Thread 0x000001d01f0a9c60 13186       3       org.gradle.internal.logging.sink.LogEventDispatcher::onOutput (60 bytes)
Event: 9.290 Thread 0x000001d01f0a9c60 nmethod 13186 0x000001d00be7b110 code [0x000001d00be7b360, 0x000001d00be7bc68]
Event: 9.296 Thread 0x000001d01f0a9c60 13189       3       java.util.concurrent.ThreadPoolExecutor::runStateAtLeast (11 bytes)
Event: 9.297 Thread 0x000001d01f0a9c60 nmethod 13189 0x000001d00be7be90 code [0x000001d00be7c020, 0x000001d00be7c160]
Event: 9.303 Thread 0x000001d01f0a9c60 13190       3       java.util.ArrayList::remove (76 bytes)
Event: 9.303 Thread 0x000001d01f0a9c60 nmethod 13190 0x000001d00a9ade90 code [0x000001d00a9ae080, 0x000001d00a9ae538]
Event: 9.304 Thread 0x000001d01f0a9c60 13191       1       org.gradle.internal.operations.OperationIdentifier::getId (5 bytes)
Event: 9.304 Thread 0x000001d01f0a9c60 nmethod 13191 0x000001d012583c10 code [0x000001d012583da0, 0x000001d012583e68]
Event: 9.309 Thread 0x000001d01f0a7a50 nmethod 12882 0x000001d012a3a990 code [0x000001d012a3b120, 0x000001d012a43bf8]
Event: 9.310 Thread 0x000001d01f0a7a50 13184       4       com.google.common.collect.ComparatorOrdering::compare (12 bytes)
Event: 9.312 Thread 0x000001d01f0a7a50 nmethod 13184 0x000001d012504d10 code [0x000001d012504f00, 0x000001d012505450]
Event: 9.312 Thread 0x000001d01f0a7a50 12921       4       java.util.LinkedList::unlink (91 bytes)
Event: 9.314 Thread 0x000001d01f0a9c60 13192       3       org.gradle.api.internal.FilePropertyContainer::iterator (106 bytes)
Event: 9.314 Thread 0x000001d01f0a9c60 nmethod 13192 0x000001d00b17eb90 code [0x000001d00b17ee40, 0x000001d00b17faa8]
Event: 9.315 Thread 0x000001d01f0a7a50 nmethod 12921 0x000001d0124bc510 code [0x000001d0124bc6a0, 0x000001d0124bcc18]
Event: 9.315 Thread 0x000001d01f0a7a50 12934       4       java.util.LinkedList$ListItr::remove (84 bytes)
Event: 9.319 Thread 0x000001d01f0a7a50 nmethod 12934 0x000001d01253af90 code [0x000001d01253b140, 0x000001d01253b818]
Event: 9.319 Thread 0x000001d01f0a7a50 12848   !   4       com.sun.beans.TypeResolver::resolve (268 bytes)
Event: 9.329 Thread 0x000001d01f0a9c60 13193       3       java.util.HashMap$HashIterator::<init> (79 bytes)
Event: 9.329 Thread 0x000001d01f0a9c60 nmethod 13193 0x000001d00ad11290 code [0x000001d00ad11460, 0x000001d00ad11858]

GC Heap History (20 events):
Event: 6.257 GC heap before
{Heap before GC invocations=32 (full 0):
 garbage-first heap   total 147456K, used 127019K [0x0000000080000000, 0x0000000100000000)
  region size 1024K, 45 young (46080K), 5 survivors (5120K)
 Metaspace       used 88602K, committed 90496K, reserved 1179648K
  class space    used 12309K, committed 13248K, reserved 1048576K
}
Event: 6.261 GC heap after
{Heap after GC invocations=33 (full 0):
 garbage-first heap   total 177152K, used 87471K [0x0000000080000000, 0x0000000100000000)
  region size 1024K, 3 young (3072K), 3 survivors (3072K)
 Metaspace       used 88602K, committed 90496K, reserved 1179648K
  class space    used 12309K, committed 13248K, reserved 1048576K
}
Event: 6.392 GC heap before
{Heap before GC invocations=33 (full 0):
 garbage-first heap   total 177152K, used 102831K [0x0000000080000000, 0x0000000100000000)
  region size 1024K, 19 young (19456K), 3 survivors (3072K)
 Metaspace       used 90802K, committed 92736K, reserved 1179648K
  class space    used 12599K, committed 13504K, reserved 1048576K
}
Event: 6.394 GC heap after
{Heap after GC invocations=34 (full 0):
 garbage-first heap   total 177152K, used 88266K [0x0000000080000000, 0x0000000100000000)
  region size 1024K, 3 young (3072K), 3 survivors (3072K)
 Metaspace       used 90802K, committed 92736K, reserved 1179648K
  class space    used 12599K, committed 13504K, reserved 1048576K
}
Event: 6.768 GC heap before
{Heap before GC invocations=34 (full 0):
 garbage-first heap   total 177152K, used 150730K [0x0000000080000000, 0x0000000100000000)
  region size 1024K, 61 young (62464K), 3 survivors (3072K)
 Metaspace       used 95105K, committed 97024K, reserved 1179648K
  class space    used 13230K, committed 14144K, reserved 1048576K
}
Event: 6.770 GC heap after
{Heap after GC invocations=35 (full 0):
 garbage-first heap   total 177152K, used 94255K [0x0000000080000000, 0x0000000100000000)
  region size 1024K, 6 young (6144K), 6 survivors (6144K)
 Metaspace       used 95105K, committed 97024K, reserved 1179648K
  class space    used 13230K, committed 14144K, reserved 1048576K
}
Event: 7.049 GC heap before
{Heap before GC invocations=35 (full 0):
 garbage-first heap   total 177152K, used 153647K [0x0000000080000000, 0x0000000100000000)
  region size 1024K, 64 young (65536K), 6 survivors (6144K)
 Metaspace       used 97198K, committed 99136K, reserved 1179648K
  class space    used 13502K, committed 14464K, reserved 1048576K
}
Event: 7.054 GC heap after
{Heap after GC invocations=36 (full 0):
 garbage-first heap   total 177152K, used 98716K [0x0000000080000000, 0x0000000100000000)
  region size 1024K, 8 young (8192K), 8 survivors (8192K)
 Metaspace       used 97198K, committed 99136K, reserved 1179648K
  class space    used 13502K, committed 14464K, reserved 1048576K
}
Event: 7.400 GC heap before
{Heap before GC invocations=37 (full 0):
 garbage-first heap   total 177152K, used 158108K [0x0000000080000000, 0x0000000100000000)
  region size 1024K, 65 young (66560K), 8 survivors (8192K)
 Metaspace       used 101679K, committed 103744K, reserved 1179648K
  class space    used 14241K, committed 15232K, reserved 1048576K
}
Event: 7.406 GC heap after
{Heap after GC invocations=38 (full 0):
 garbage-first heap   total 177152K, used 100732K [0x0000000080000000, 0x0000000100000000)
  region size 1024K, 7 young (7168K), 7 survivors (7168K)
 Metaspace       used 101679K, committed 103744K, reserved 1179648K
  class space    used 14241K, committed 15232K, reserved 1048576K
}
Event: 7.769 GC heap before
{Heap before GC invocations=38 (full 0):
 garbage-first heap   total 177152K, used 159100K [0x0000000080000000, 0x0000000100000000)
  region size 1024K, 64 young (65536K), 7 survivors (7168K)
 Metaspace       used 106138K, committed 108224K, reserved 1179648K
  class space    used 14969K, committed 16000K, reserved 1048576K
}
Event: 7.773 GC heap after
{Heap after GC invocations=39 (full 0):
 garbage-first heap   total 177152K, used 101690K [0x0000000080000000, 0x0000000100000000)
  region size 1024K, 5 young (5120K), 5 survivors (5120K)
 Metaspace       used 106138K, committed 108224K, reserved 1179648K
  class space    used 14969K, committed 16000K, reserved 1048576K
}
Event: 8.197 GC heap before
{Heap before GC invocations=39 (full 0):
 garbage-first heap   total 177152K, used 161082K [0x0000000080000000, 0x0000000100000000)
  region size 1024K, 63 young (64512K), 5 survivors (5120K)
 Metaspace       used 110463K, committed 112640K, reserved 1179648K
  class space    used 15584K, committed 16640K, reserved 1048576K
}
Event: 8.202 GC heap after
{Heap after GC invocations=40 (full 0):
 garbage-first heap   total 177152K, used 105206K [0x0000000080000000, 0x0000000100000000)
  region size 1024K, 7 young (7168K), 7 survivors (7168K)
 Metaspace       used 110463K, committed 112640K, reserved 1179648K
  class space    used 15584K, committed 16640K, reserved 1048576K
}
Event: 8.653 GC heap before
{Heap before GC invocations=41 (full 0):
 garbage-first heap   total 178176K, used 158454K [0x0000000080000000, 0x0000000100000000)
  region size 1024K, 59 young (60416K), 7 survivors (7168K)
 Metaspace       used 115121K, committed 117312K, reserved 1179648K
  class space    used 16315K, committed 17408K, reserved 1048576K
}
Event: 8.657 GC heap after
{Heap after GC invocations=42 (full 0):
 garbage-first heap   total 178176K, used 107957K [0x0000000080000000, 0x0000000100000000)
  region size 1024K, 7 young (7168K), 7 survivors (7168K)
 Metaspace       used 115121K, committed 117312K, reserved 1179648K
  class space    used 16315K, committed 17408K, reserved 1048576K
}
Event: 9.023 GC heap before
{Heap before GC invocations=42 (full 0):
 garbage-first heap   total 178176K, used 159157K [0x0000000080000000, 0x0000000100000000)
  region size 1024K, 57 young (58368K), 7 survivors (7168K)
 Metaspace       used 117240K, committed 119424K, reserved 1179648K
  class space    used 16614K, committed 17664K, reserved 1048576K
}
Event: 9.028 GC heap after
{Heap after GC invocations=43 (full 0):
 garbage-first heap   total 178176K, used 112729K [0x0000000080000000, 0x0000000100000000)
  region size 1024K, 8 young (8192K), 8 survivors (8192K)
 Metaspace       used 117240K, committed 119424K, reserved 1179648K
  class space    used 16614K, committed 17664K, reserved 1048576K
}
Event: 9.230 GC heap before
{Heap before GC invocations=43 (full 0):
 garbage-first heap   total 178176K, used 158809K [0x0000000080000000, 0x0000000100000000)
  region size 1024K, 53 young (54272K), 8 survivors (8192K)
 Metaspace       used 117474K, committed 119680K, reserved 1179648K
  class space    used 16631K, committed 17728K, reserved 1048576K
}
Event: 9.237 GC heap after
{Heap after GC invocations=44 (full 0):
 garbage-first heap   total 178176K, used 120204K [0x0000000080000000, 0x0000000100000000)
  region size 1024K, 7 young (7168K), 7 survivors (7168K)
 Metaspace       used 117474K, committed 119680K, reserved 1179648K
  class space    used 16631K, committed 17728K, reserved 1048576K
}

Dll operation events (3 events):
Event: 0.005 Loaded shared library C:\Program Files\Android\Android Studio\jbr\bin\java.dll
Event: 0.008 Loaded shared library C:\Program Files\Android\Android Studio\jbr\bin\zip.dll
Event: 0.315 Loaded shared library C:\Program Files\Android\Android Studio\jbr\bin\verify.dll

Deoptimization events (20 events):
Event: 9.273 Thread 0x000001d02556a340 Uncommon trap: trap_request=0xffffffc6 fr.pc=0x000001d012889a58 relative=0x00000000000002d8
Event: 9.273 Thread 0x000001d02556a340 Uncommon trap: reason=bimorphic_or_optimized_type_check action=maybe_recompile pc=0x000001d012889a58 method=com.google.common.collect.ImmutableList.copyOf(Ljava/util/Collection;)Lcom/google/common/collect/ImmutableList; @ 16 c2
Event: 9.273 Thread 0x000001d02556a340 DEOPT PACKING pc=0x000001d012889a58 sp=0x0000005e64cf98d0
Event: 9.273 Thread 0x000001d02556a340 DEOPT UNPACKING pc=0x000001d011f146a2 sp=0x0000005e64cf9898 mode 2
Event: 9.279 Thread 0x000001d02556a340 Uncommon trap: trap_request=0xffffff45 fr.pc=0x000001d012682828 relative=0x0000000000000848
Event: 9.279 Thread 0x000001d02556a340 Uncommon trap: reason=unstable_if action=reinterpret pc=0x000001d012682828 method=com.google.common.cache.LocalCache$Segment.recordWrite(Lcom/google/common/cache/ReferenceEntry;IJ)V @ 22 c2
Event: 9.279 Thread 0x000001d02556a340 DEOPT PACKING pc=0x000001d012682828 sp=0x0000005e64cf9a40
Event: 9.279 Thread 0x000001d02556a340 DEOPT UNPACKING pc=0x000001d011f146a2 sp=0x0000005e64cf9978 mode 2
Event: 9.290 Thread 0x000001d02556a340 Uncommon trap: trap_request=0xffffff45 fr.pc=0x000001d012a4f5d4 relative=0x0000000000001254
Event: 9.290 Thread 0x000001d02556a340 Uncommon trap: reason=unstable_if action=reinterpret pc=0x000001d012a4f5d4 method=java.util.concurrent.locks.AbstractQueuedSynchronizer.acquire(Ljava/util/concurrent/locks/AbstractQueuedSynchronizer$Node;IZZZJ)I @ 103 c2
Event: 9.290 Thread 0x000001d02556a340 DEOPT PACKING pc=0x000001d012a4f5d4 sp=0x0000005e64cfbd10
Event: 9.290 Thread 0x000001d02556a340 DEOPT UNPACKING pc=0x000001d011f146a2 sp=0x0000005e64cfbcf8 mode 2
Event: 9.303 Thread 0x000001d027e13660 Uncommon trap: trap_request=0xffffff45 fr.pc=0x000001d012492a3c relative=0x000000000000037c
Event: 9.303 Thread 0x000001d027e13660 Uncommon trap: reason=unstable_if action=reinterpret pc=0x000001d012492a3c method=java.util.HashMap$HashIterator.<init>(Ljava/util/HashMap;)V @ 45 c2
Event: 9.303 Thread 0x000001d027e13660 DEOPT PACKING pc=0x000001d012492a3c sp=0x0000005e69aff0d0
Event: 9.303 Thread 0x000001d027e13660 DEOPT UNPACKING pc=0x000001d011f146a2 sp=0x0000005e69aff088 mode 2
Event: 9.319 Thread 0x000001d027e13660 Uncommon trap: trap_request=0xffffffd6 fr.pc=0x000001d012abb574 relative=0x0000000000000434
Event: 9.319 Thread 0x000001d027e13660 Uncommon trap: reason=array_check action=maybe_recompile pc=0x000001d012abb574 method=java.util.Arrays.fill([Ljava/lang/Object;IILjava/lang/Object;)V @ 20 c2
Event: 9.319 Thread 0x000001d027e13660 DEOPT PACKING pc=0x000001d012abb574 sp=0x0000005e69afda00
Event: 9.319 Thread 0x000001d027e13660 DEOPT UNPACKING pc=0x000001d011f146a2 sp=0x0000005e69afd9c8 mode 2

Classes loaded (20 events):
Event: 8.644 Loading class org/xml/sax/helpers/AttributesImpl
Event: 8.644 Loading class org/xml/sax/helpers/AttributesImpl done
Event: 8.644 Loading class java/util/regex/Pattern$Behind
Event: 8.644 Loading class java/util/regex/Pattern$Behind done
Event: 8.644 Loading class java/util/regex/Pattern$Neg
Event: 8.644 Loading class java/util/regex/Pattern$Neg done
Event: 8.658 Loading class javax/xml/datatype/DatatypeConfigurationException
Event: 8.658 Loading class javax/xml/datatype/DatatypeConfigurationException done
Event: 8.661 Loading class com/sun/org/apache/xerces/internal/impl/io/MalformedByteSequenceException
Event: 8.661 Loading class java/io/CharConversionException
Event: 8.661 Loading class java/io/CharConversionException done
Event: 8.661 Loading class com/sun/org/apache/xerces/internal/impl/io/MalformedByteSequenceException done
Event: 8.920 Loading class java/util/IdentityHashMap$KeyIterator
Event: 8.920 Loading class java/util/IdentityHashMap$KeyIterator done
Event: 8.924 Loading class java/util/TreeMap$KeySpliterator
Event: 8.924 Loading class java/util/TreeMap$TreeMapSpliterator
Event: 8.924 Loading class java/util/TreeMap$TreeMapSpliterator done
Event: 8.924 Loading class java/util/TreeMap$KeySpliterator done
Event: 9.151 Loading class java/io/FilterReader
Event: 9.151 Loading class java/io/FilterReader done

Classes unloaded (0 events):
No events

Classes redefined (0 events):
No events

Internal exceptions (20 events):
Event: 9.196 Thread 0x000001d02556a340 Exception <a 'java/lang/ClassNotFoundException'{0x00000000885a5c40}: com/android/build/gradle/internal/tasks/AppMetadataTask_DecoratedBeanInfo> (0x00000000885a5c40) 
thrown [s\src\hotspot\share\classfile\systemDictionary.cpp, line 312]
Event: 9.196 Thread 0x000001d02556a340 Exception <a 'java/lang/ClassNotFoundException'{0x00000000885b25e8}: com/android/build/gradle/internal/tasks/AppMetadataTaskBeanInfo> (0x00000000885b25e8) 
thrown [s\src\hotspot\share\classfile\systemDictionary.cpp, line 312]
Event: 9.197 Thread 0x000001d02556a340 Exception <a 'java/lang/ClassNotFoundException'{0x00000000885befa0}: com/android/build/gradle/internal/tasks/AppMetadataTaskCustomizer> (0x00000000885befa0) 
thrown [s\src\hotspot\share\classfile\systemDictionary.cpp, line 312]
Event: 9.197 Thread 0x000001d02556a340 Exception <a 'java/lang/ClassNotFoundException'{0x00000000885e0530}: com/android/build/gradle/internal/tasks/AppMetadataTask_DecoratedCustomizer> (0x00000000885e0530) 
thrown [s\src\hotspot\share\classfile\systemDictionary.cpp, line 312]
Event: 9.201 Thread 0x000001d02556a340 Exception <a 'java/lang/ClassNotFoundException'{0x0000000088471628}: com/android/build/gradle/internal/tasks/SigningConfigVersionsWriterTask_DecoratedBeanInfo> (0x0000000088471628) 
thrown [s\src\hotspot\share\classfile\systemDictionary.cpp, line 312]
Event: 9.202 Thread 0x000001d02556a340 Exception <a 'java/lang/ClassNotFoundException'{0x000000008847e320}: com/android/build/gradle/internal/tasks/SigningConfigVersionsWriterTaskBeanInfo> (0x000000008847e320) 
thrown [s\src\hotspot\share\classfile\systemDictionary.cpp, line 312]
Event: 9.202 Thread 0x000001d02556a340 Exception <a 'java/lang/ClassNotFoundException'{0x000000008848b2f0}: com/android/build/gradle/internal/tasks/SigningConfigVersionsWriterTaskCustomizer> (0x000000008848b2f0) 
thrown [s\src\hotspot\share\classfile\systemDictionary.cpp, line 312]
Event: 9.203 Thread 0x000001d02556a340 Exception <a 'java/lang/ClassNotFoundException'{0x00000000884b2318}: com/android/build/gradle/internal/tasks/SigningConfigVersionsWriterTask_DecoratedCustomizer> (0x00000000884b2318) 
thrown [s\src\hotspot\share\classfile\systemDictionary.cpp, line 312]
Event: 9.206 Thread 0x000001d02556a340 Exception <a 'java/lang/ClassNotFoundException'{0x0000000088397b98}: com/android/build/gradle/tasks/PackageApplication_DecoratedBeanInfo> (0x0000000088397b98) 
thrown [s\src\hotspot\share\classfile\systemDictionary.cpp, line 312]
Event: 9.206 Thread 0x000001d02556a340 Exception <a 'java/lang/ClassNotFoundException'{0x00000000883a43d8}: com/android/build/gradle/tasks/PackageApplicationBeanInfo> (0x00000000883a43d8) 
thrown [s\src\hotspot\share\classfile\systemDictionary.cpp, line 312]
Event: 9.206 Thread 0x000001d02556a340 Exception <a 'java/lang/ClassNotFoundException'{0x00000000883b0c40}: com/android/build/gradle/tasks/PackageAndroidArtifactBeanInfo> (0x00000000883b0c40) 
thrown [s\src\hotspot\share\classfile\systemDictionary.cpp, line 312]
Event: 9.207 Thread 0x000001d02556a340 Exception <a 'java/lang/ClassNotFoundException'{0x00000000883bd5a0}: com/android/build/gradle/tasks/PackageAndroidArtifactCustomizer> (0x00000000883bd5a0) 
thrown [s\src\hotspot\share\classfile\systemDictionary.cpp, line 312]
Event: 9.207 Thread 0x000001d02556a340 Exception <a 'java/lang/ClassNotFoundException'{0x000000008821bf10}: com/android/build/gradle/tasks/PackageApplicationCustomizer> (0x000000008821bf10) 
thrown [s\src\hotspot\share\classfile\systemDictionary.cpp, line 312]
Event: 9.208 Thread 0x000001d02556a340 Exception <a 'java/lang/ClassNotFoundException'{0x000000008824ad80}: com/android/build/gradle/tasks/PackageApplication_DecoratedCustomizer> (0x000000008824ad80) 
thrown [s\src\hotspot\share\classfile\systemDictionary.cpp, line 312]
Event: 9.212 Thread 0x000001d02556a340 Exception <a 'java/lang/ClassNotFoundException'{0x000000008812ea90}: com/android/build/gradle/internal/tasks/ListingFileRedirectTask_DecoratedBeanInfo> (0x000000008812ea90) 
thrown [s\src\hotspot\share\classfile\systemDictionary.cpp, line 312]
Event: 9.212 Thread 0x000001d02556a340 Exception <a 'java/lang/ClassNotFoundException'{0x000000008813b5d8}: com/android/build/gradle/internal/tasks/ListingFileRedirectTaskBeanInfo> (0x000000008813b5d8) 
thrown [s\src\hotspot\share\classfile\systemDictionary.cpp, line 312]
Event: 9.212 Thread 0x000001d02556a340 Exception <a 'java/lang/ClassNotFoundException'{0x0000000088148138}: com/android/build/gradle/internal/tasks/ListingFileRedirectTaskCustomizer> (0x0000000088148138) 
thrown [s\src\hotspot\share\classfile\systemDictionary.cpp, line 312]
Event: 9.213 Thread 0x000001d02556a340 Exception <a 'java/lang/ClassNotFoundException'{0x0000000088165388}: com/android/build/gradle/internal/tasks/ListingFileRedirectTask_DecoratedCustomizer> (0x0000000088165388) 
thrown [s\src\hotspot\share\classfile\systemDictionary.cpp, line 312]
Event: 9.216 Thread 0x000001d02556a340 Exception <a 'java/lang/NoSuchMethodError'{0x00000000881ce870}: 'void java.lang.invoke.DirectMethodHandle$Holder.invokeSpecial(java.lang.Object, java.lang.Object, java.lang.Object, java.lang.Object, int, java.lang.Object, java.lang.Object)'> (0x00000000881ce870) 
thrown [s\src\hotspot\share\interpreter\linkResolver.cpp, line 784]
Event: 9.293 Thread 0x000001d027e10870 Exception <a 'java/lang/NoSuchMethodError'{0x000000008e8afd98}: 'java.lang.Object java.lang.invoke.DirectMethodHandle$Holder.newInvokeSpecial(java.lang.Object, java.lang.Object, int, java.lang.Object, java.lang.Object)'> (0x000000008e8afd98) 
thrown [s\src\hotspot\share\interpreter\linkResolver.cpp, line 784]

ZGC Phase Switch (0 events):
No events

VM Operations (20 events):
Event: 8.273 Executing VM operation: G1PauseCleanup
Event: 8.274 Executing VM operation: G1PauseCleanup done
Event: 8.625 Executing VM operation: HandshakeAllThreads (Deoptimize)
Event: 8.625 Executing VM operation: HandshakeAllThreads (Deoptimize) done
Event: 8.653 Executing VM operation: G1CollectForAllocation (G1 Evacuation Pause)
Event: 8.657 Executing VM operation: G1CollectForAllocation (G1 Evacuation Pause) done
Event: 8.664 Executing VM operation: HandshakeAllThreads (Deoptimize)
Event: 8.664 Executing VM operation: HandshakeAllThreads (Deoptimize) done
Event: 8.844 Executing VM operation: ICBufferFull
Event: 8.844 Executing VM operation: ICBufferFull done
Event: 8.940 Executing VM operation: HandshakeAllThreads (Deoptimize)
Event: 8.940 Executing VM operation: HandshakeAllThreads (Deoptimize) done
Event: 9.023 Executing VM operation: G1CollectForAllocation (G1 Evacuation Pause)
Event: 9.028 Executing VM operation: G1CollectForAllocation (G1 Evacuation Pause) done
Event: 9.230 Executing VM operation: G1CollectForAllocation (G1 Evacuation Pause)
Event: 9.237 Executing VM operation: G1CollectForAllocation (G1 Evacuation Pause) done
Event: 9.297 Executing VM operation: G1PauseRemark
Event: 9.301 Executing VM operation: G1PauseRemark done
Event: 9.334 Executing VM operation: G1PauseCleanup
Event: 9.335 Executing VM operation: G1PauseCleanup done

Memory protections (0 events):
No events

Nmethod flushes (20 events):
Event: 9.301 Thread 0x000001d01effdae0 flushing  nmethod 0x000001d00b969b10
Event: 9.301 Thread 0x000001d01effdae0 flushing  nmethod 0x000001d00b96b190
Event: 9.301 Thread 0x000001d01effdae0 flushing  nmethod 0x000001d00baa6710
Event: 9.301 Thread 0x000001d01effdae0 flushing  nmethod 0x000001d00baef710
Event: 9.301 Thread 0x000001d01effdae0 flushing  nmethod 0x000001d00b493c10
Event: 9.301 Thread 0x000001d01effdae0 flushing  nmethod 0x000001d00b494110
Event: 9.301 Thread 0x000001d01effdae0 flushing  nmethod 0x000001d00b50ae90
Event: 9.301 Thread 0x000001d01effdae0 flushing  nmethod 0x000001d00b5e2d10
Event: 9.301 Thread 0x000001d01effdae0 flushing  nmethod 0x000001d00b5e4710
Event: 9.301 Thread 0x000001d01effdae0 flushing  nmethod 0x000001d00b5e5e90
Event: 9.301 Thread 0x000001d01effdae0 flushing  nmethod 0x000001d00b5e6890
Event: 9.301 Thread 0x000001d01effdae0 flushing  nmethod 0x000001d00b5e7310
Event: 9.301 Thread 0x000001d01effdae0 flushing  nmethod 0x000001d00b675310
Event: 9.301 Thread 0x000001d01effdae0 flushing  nmethod 0x000001d00b7fad90
Event: 9.301 Thread 0x000001d01effdae0 flushing  nmethod 0x000001d00ba5f010
Event: 9.301 Thread 0x000001d01effdae0 flushing  nmethod 0x000001d00baf9910
Event: 9.301 Thread 0x000001d01effdae0 flushing  nmethod 0x000001d00baf9d90
Event: 9.301 Thread 0x000001d01effdae0 flushing  nmethod 0x000001d00bba4490
Event: 9.301 Thread 0x000001d01effdae0 flushing  nmethod 0x000001d00bba5890
Event: 9.301 Thread 0x000001d01effdae0 flushing  nmethod 0x000001d00bba5d10

Events (20 events):
Event: 5.094 Thread 0x000001d02556a340 Thread added: 0x000001d029fb2c00
Event: 5.095 Thread 0x000001d02556a340 Thread added: 0x000001d029fb59f0
Event: 5.095 Thread 0x000001d02556a340 Thread added: 0x000001d029fb2570
Event: 5.098 Thread 0x000001d02556a340 Thread added: 0x000001d029fb6710
Event: 5.098 Thread 0x000001d02556a340 Thread added: 0x000001d029fb4640
Event: 5.099 Thread 0x000001d02556a340 Thread added: 0x000001d029fb6080
Event: 5.099 Thread 0x000001d02556a340 Thread added: 0x000001d029fb6da0
Event: 5.099 Thread 0x000001d02556a340 Thread added: 0x000001d029fb3920
Event: 5.403 Thread 0x000001d02556a340 Thread added: 0x000001d029fb3fb0
Event: 5.650 Thread 0x000001d02556a340 Thread added: 0x000001d029fb7ac0
Event: 6.412 Thread 0x000001d02556a340 Thread added: 0x000001d029fb8150
Event: 9.290 Thread 0x000001d02556a340 Thread added: 0x000001d027e10870
Event: 9.295 Thread 0x000001d027e10870 Thread added: 0x000001d027e14380
Event: 9.295 Thread 0x000001d027e10870 Thread added: 0x000001d027e13cf0
Event: 9.295 Thread 0x000001d027e10870 Thread added: 0x000001d027e10f00
Event: 9.295 Thread 0x000001d027e10870 Thread added: 0x000001d027e11590
Event: 9.295 Thread 0x000001d027e10870 Thread added: 0x000001d027e15dc0
Event: 9.295 Thread 0x000001d027e10870 Thread added: 0x000001d027e14a10
Event: 9.296 Thread 0x000001d027e10870 Thread added: 0x000001d027e13660
Event: 9.326 Thread 0x000001d027e13660 Thread added: 0x000001d028492060


Dynamic libraries:
0x00007ff7939d0000 - 0x00007ff7939da000 	C:\Program Files\Android\Android Studio\jbr\bin\java.exe
0x00007fff123a0000 - 0x00007fff12607000 	C:\WINDOWS\SYSTEM32\ntdll.dll
0x00007fff10de0000 - 0x00007fff10ea9000 	C:\WINDOWS\System32\KERNEL32.DLL
0x00007fff0f960000 - 0x00007fff0fd4f000 	C:\WINDOWS\System32\KERNELBASE.dll
0x00007fff0f750000 - 0x00007fff0f89b000 	C:\WINDOWS\System32\ucrtbase.dll
0x00007ffef0560000 - 0x00007ffef0578000 	C:\Program Files\Android\Android Studio\jbr\bin\jli.dll
0x00007ffefd760000 - 0x00007ffefd77b000 	C:\Program Files\Android\Android Studio\jbr\bin\VCRUNTIME140.dll
0x00007fff10910000 - 0x00007fff10ad5000 	C:\WINDOWS\System32\USER32.dll
0x00007ffefe090000 - 0x00007ffefe323000 	C:\WINDOWS\WinSxS\amd64_microsoft.windows.common-controls_6595b64144ccf1df_6.0.26100.7309_none_3e05feeae336a044\COMCTL32.dll
0x00007fff0f4f0000 - 0x00007fff0f517000 	C:\WINDOWS\System32\win32u.dll
0x00007fff106b0000 - 0x00007fff106db000 	C:\WINDOWS\System32\GDI32.dll
0x00007fff121c0000 - 0x00007fff12269000 	C:\WINDOWS\System32\msvcrt.dll
0x00007fff0fdf0000 - 0x00007fff0ff1c000 	C:\WINDOWS\System32\gdi32full.dll
0x00007fff0f520000 - 0x00007fff0f5c3000 	C:\WINDOWS\System32\msvcp_win.dll
0x00007fff106e0000 - 0x00007fff10711000 	C:\WINDOWS\System32\IMM32.DLL
0x00007fff004c0000 - 0x00007fff004cc000 	C:\Program Files\Android\Android Studio\jbr\bin\vcruntime140_1.dll
0x00007ffed0450000 - 0x00007ffed04dd000 	C:\Program Files\Android\Android Studio\jbr\bin\msvcp140.dll
0x00007ffe66e10000 - 0x00007ffe67aa6000 	C:\Program Files\Android\Android Studio\jbr\bin\server\jvm.dll
0x00007fff122a0000 - 0x00007fff12354000 	C:\WINDOWS\System32\ADVAPI32.dll
0x00007fff12110000 - 0x00007fff121b6000 	C:\WINDOWS\System32\sechost.dll
0x00007fff10590000 - 0x00007fff106a8000 	C:\WINDOWS\System32\RPCRT4.dll
0x00007fff107b0000 - 0x00007fff10824000 	C:\WINDOWS\System32\WS2_32.dll
0x00007fff0f2a0000 - 0x00007fff0f2fe000 	C:\WINDOWS\SYSTEM32\POWRPROF.dll
0x00007fff03df0000 - 0x00007fff03e25000 	C:\WINDOWS\SYSTEM32\WINMM.dll
0x00007fff095f0000 - 0x00007fff095fb000 	C:\WINDOWS\SYSTEM32\VERSION.dll
0x00007fff0f180000 - 0x00007fff0f194000 	C:\WINDOWS\SYSTEM32\UMPDC.dll
0x00007fff0e2a0000 - 0x00007fff0e2bb000 	C:\WINDOWS\SYSTEM32\kernel.appcore.dll
0x00007fff00470000 - 0x00007fff0047a000 	C:\Program Files\Android\Android Studio\jbr\bin\jimage.dll
0x00007ffefe330000 - 0x00007ffefe572000 	C:\WINDOWS\SYSTEM32\DBGHELP.DLL
0x00007fff10fb0000 - 0x00007fff11336000 	C:\WINDOWS\System32\combase.dll
0x00007fff10830000 - 0x00007fff10906000 	C:\WINDOWS\System32\OLEAUT32.dll
0x00007fff0c630000 - 0x00007fff0c66c000 	C:\WINDOWS\SYSTEM32\dbgcore.DLL
0x00007fff10090000 - 0x00007fff10135000 	C:\WINDOWS\System32\bcryptPrimitives.dll
0x00007ffefd940000 - 0x00007ffefd94e000 	C:\Program Files\Android\Android Studio\jbr\bin\instrument.dll
0x00007ffefd280000 - 0x00007ffefd2a0000 	C:\Program Files\Android\Android Studio\jbr\bin\java.dll
0x00007ffefd220000 - 0x00007ffefd238000 	C:\Program Files\Android\Android Studio\jbr\bin\zip.dll
0x00007fff119b0000 - 0x00007fff12103000 	C:\WINDOWS\System32\SHELL32.dll
0x00007fff0ff20000 - 0x00007fff1008a000 	C:\WINDOWS\System32\wintypes.dll
0x00007fff0d130000 - 0x00007fff0d98e000 	C:\WINDOWS\SYSTEM32\windows.storage.dll
0x00007fff10eb0000 - 0x00007fff10fa5000 	C:\WINDOWS\System32\SHCORE.dll
0x00007fff117d0000 - 0x00007fff11836000 	C:\WINDOWS\System32\shlwapi.dll
0x00007fff0f410000 - 0x00007fff0f439000 	C:\WINDOWS\SYSTEM32\profapi.dll
0x00007fff00440000 - 0x00007fff00450000 	C:\Program Files\Android\Android Studio\jbr\bin\net.dll
0x00007fff08bb0000 - 0x00007fff08cd8000 	C:\WINDOWS\SYSTEM32\WINHTTP.dll
0x00007fff0e810000 - 0x00007fff0e87b000 	C:\WINDOWS\system32\mswsock.dll
0x00007ffefcf00000 - 0x00007ffefcf16000 	C:\Program Files\Android\Android Studio\jbr\bin\nio.dll
0x00007ffefd590000 - 0x00007ffefd5a0000 	C:\Program Files\Android\Android Studio\jbr\bin\verify.dll
0x00007ffef6da0000 - 0x00007ffef6dc7000 	C:\Users\ajays\.gradle\native\1def1411415f61bf3af743bc5b6707747c0891f09f0c88961ee8f79bc544acac\windows-amd64\native-platform.dll
0x00007ffed0280000 - 0x00007ffed02f8000 	C:\Users\ajays\.gradle\native\0.2.7\x86_64-windows-gnu\gradle-fileevents.dll
0x00007ffefd920000 - 0x00007ffefd929000 	C:\Program Files\Android\Android Studio\jbr\bin\management.dll
0x00007ffefd890000 - 0x00007ffefd89b000 	C:\Program Files\Android\Android Studio\jbr\bin\management_ext.dll
0x00007fff12290000 - 0x00007fff12298000 	C:\WINDOWS\System32\PSAPI.DLL
0x00007fff0dcb0000 - 0x00007fff0dce4000 	C:\WINDOWS\SYSTEM32\IPHLPAPI.DLL
0x00007fff10350000 - 0x00007fff1035a000 	C:\WINDOWS\System32\NSI.dll
0x00007ffefddd0000 - 0x00007ffefddd9000 	C:\Program Files\Android\Android Studio\jbr\bin\extnet.dll
0x00007fff0ead0000 - 0x00007fff0eaeb000 	C:\WINDOWS\SYSTEM32\CRYPTSP.dll
0x00007fff0e200000 - 0x00007fff0e23a000 	C:\WINDOWS\system32\rsaenh.dll
0x00007fff0e8c0000 - 0x00007fff0e8eb000 	C:\WINDOWS\SYSTEM32\USERENV.dll
0x00007fff0f3e0000 - 0x00007fff0f40a000 	C:\WINDOWS\SYSTEM32\bcrypt.dll
0x00007fff0eaf0000 - 0x00007fff0eafc000 	C:\WINDOWS\SYSTEM32\CRYPTBASE.dll
0x00007ffeb18c0000 - 0x00007ffeb18c8000 	C:\WINDOWS\system32\wshunix.dll
0x00007ffeeb080000 - 0x00007ffeeb098000 	C:\WINDOWS\system32\napinsp.dll
0x00007fff0dd40000 - 0x00007fff0de6c000 	C:\WINDOWS\SYSTEM32\DNSAPI.dll
0x00007ffee9240000 - 0x00007ffee9252000 	C:\WINDOWS\System32\winrnr.dll
0x00007ffee8cd0000 - 0x00007ffee8cf2000 	C:\WINDOWS\system32\nlansp_c.dll
0x00007ffeefed0000 - 0x00007ffeefee6000 	C:\WINDOWS\system32\wshbth.dll
0x00007fff02d60000 - 0x00007fff02d6b000 	C:\Windows\System32\rasadhlp.dll
0x00007fff039d0000 - 0x00007fff03a56000 	C:\WINDOWS\System32\fwpuclnt.dll

JVMTI agents:
C:\Users\ajays\.gradle\wrapper\dists\gradle-8.13-bin\5xuhj0ry160q40clulazy9h7d\gradle-8.13\lib\agents\gradle-instrumentation-agent-8.13.jar path:C:\Program Files\Android\Android Studio\jbr\bin\instrument.dll, loaded, initialized, instrumentlib options:none

dbghelp: loaded successfully - version: 4.0.5 - missing functions: none
symbol engine: initialized successfully - sym options: 0x614 - pdb path: .;C:\Program Files\Android\Android Studio\jbr\bin;C:\WINDOWS\SYSTEM32;C:\WINDOWS\WinSxS\amd64_microsoft.windows.common-controls_6595b64144ccf1df_6.0.26100.7309_none_3e05feeae336a044;C:\Program Files\Android\Android Studio\jbr\bin\server;C:\Users\ajays\.gradle\native\1def1411415f61bf3af743bc5b6707747c0891f09f0c88961ee8f79bc544acac\windows-amd64;C:\Users\ajays\.gradle\native\0.2.7\x86_64-windows-gnu

VM Arguments:
jvm_args: --add-opens=java.base/java.lang=ALL-UNNAMED --add-opens=java.base/java.lang.invoke=ALL-UNNAMED --add-opens=java.base/java.util=ALL-UNNAMED --add-opens=java.prefs/java.util.prefs=ALL-UNNAMED --add-exports=jdk.compiler/com.sun.tools.javac.api=ALL-UNNAMED --add-exports=jdk.compiler/com.sun.tools.javac.util=ALL-UNNAMED --add-opens=java.base/java.util=ALL-UNNAMED --add-opens=java.prefs/java.util.prefs=ALL-UNNAMED --add-opens=java.base/java.nio.charset=ALL-UNNAMED --add-opens=java.base/java.net=ALL-UNNAMED --add-opens=java.base/java.util.concurrent.atomic=ALL-UNNAMED --add-opens=java.xml/javax.xml.namespace=ALL-UNNAMED -Xmx2048m -Dfile.encoding=UTF-8 -Duser.country=US -Duser.language=en -Duser.variant -javaagent:C:\Users\ajays\.gradle\wrapper\dists\gradle-8.13-bin\5xuhj0ry160q40clulazy9h7d\gradle-8.13\lib\agents\gradle-instrumentation-agent-8.13.jar 
java_command: org.gradle.launcher.daemon.bootstrap.GradleDaemon 8.13
java_class_path (initial): C:\Users\ajays\.gradle\wrapper\dists\gradle-8.13-bin\5xuhj0ry160q40clulazy9h7d\gradle-8.13\lib\gradle-daemon-main-8.13.jar
Launcher Type: SUN_STANDARD

[Global flags]
     intx CICompilerCount                          = 4                                         {product} {ergonomic}
     uint ConcGCThreads                            = 2                                         {product} {ergonomic}
     uint G1ConcRefinementThreads                  = 8                                         {product} {ergonomic}
   size_t G1HeapRegionSize                         = 1048576                                   {product} {ergonomic}
    uintx GCDrainStackTargetSize                   = 64                                        {product} {ergonomic}
   size_t InitialHeapSize                          = 266338304                                 {product} {ergonomic}
   size_t MarkStackSize                            = 4194304                                   {product} {ergonomic}
   size_t MaxHeapSize                              = 2147483648                                {product} {command line}
   size_t MaxNewSize                               = 1287651328                                {product} {ergonomic}
   size_t MinHeapDeltaBytes                        = 1048576                                   {product} {ergonomic}
   size_t MinHeapSize                              = 8388608                                   {product} {ergonomic}
    uintx NonNMethodCodeHeapSize                   = 5839372                                {pd product} {ergonomic}
    uintx NonProfiledCodeHeapSize                  = 122909434                              {pd product} {ergonomic}
    uintx ProfiledCodeHeapSize                     = 122909434                              {pd product} {ergonomic}
    uintx ReservedCodeCacheSize                    = 251658240                              {pd product} {ergonomic}
     bool SegmentedCodeCache                       = true                                      {product} {ergonomic}
   size_t SoftMaxHeapSize                          = 2147483648                             {manageable} {ergonomic}
     bool UseCompressedOops                        = true                           {product lp64_product} {ergonomic}
     bool UseG1GC                                  = true                                      {product} {ergonomic}
     bool UseLargePagesIndividualAllocation        = false                                  {pd product} {ergonomic}

Logging:
Log output configuration:
 #0: stdout all=warning uptime,level,tags foldmultilines=false
 #1: stderr all=off uptime,level,tags foldmultilines=false

Environment Variables:
JAVA_HOME=C:\Program Files\Android\Android Studio\jbr
PATH=C:\Python314\Scripts\;C:\Python314\;C:\Program Files\Android\Android Studio\jbr\bin;%PATH%;C:\ProgramData\chocolatey\bin;C:\Program Files\nodejs\;C:\Users\ajays\.pyenv\pyenv-win\bin;C:\Users\ajays\.pyenv\pyenv-win\shims;C:\Users\ajays\AppData\Local\Programs\Python\Python313\Scripts\;C:\Users\ajays\AppData\Local\Programs\Python\Python313\;C:\WINDOWS\system32;C:\WINDOWS;C:\WINDOWS\System32\Wbem;C:\WINDOWS\System32\WindowsPowerShell\v1.0\;C:\WINDOWS\System32\OpenSSH\;C:\Users\ajays\AppData\Local\Android\Sdk\platform-tools;C:\Users\ajays\AppData\Local\Android\Sdk\tools;C:\Program Files (x86)\NVIDIA Corporation\PhysX\Common;C:\Program Files\NVIDIA Corporation\NVIDIA NvDLISR;C:\Users\ajays\AppData\Local\Microsoft\WindowsApps;C:\Users\ajays\AppData\Local\Programs\Microsoft VS Code\bin;C:\Program Files\Git\cmd;C:\ProgramData\miniconda3\Scripts;C:\Users\ajays\AppData\Local\Microsoft\WinGet\Packages\Genymobile.scrcpy_Microsoft.Winget.Source_8wekyb3d8bbwe\scrcpy-win64-v3.3.3;C:\Users\ajays\AppData\Roaming\npm
USERNAME=ajays
OS=Windows_NT
PROCESSOR_IDENTIFIER=Intel64 Family 6 Model 151 Stepping 5, GenuineIntel
TMP=C:\Users\ajays\AppData\Local\Temp
TEMP=C:\Users\ajays\AppData\Local\Temp




Periodic native trim disabled

JNI global refs:
JNI global refs: 28, weak refs: 2

JNI global refs memory usage: 835, weak refs: 833

Process memory usage:
Resident Set Size: 506684K (3% of 16541060K total physical memory with 2553680K free physical memory)

OOME stack traces (most recent first):
Classloader memory used:
Loader org.gradle.internal.classloader.VisitableURLClassLoader                         : 43485K
Loader org.gradle.internal.classloader.VisitableURLClassLoader$InstrumentingVisitableURLClassLoader: 31113K
Loader bootstrap                                                                       : 29482K
Loader org.gradle.initialization.MixInLegacyTypesClassLoader                           : 12816K
Loader jdk.internal.loader.ClassLoaders$PlatformClassLoader                            : 511K
Loader jdk.internal.reflect.DelegatingClassLoader                                      : 308K
Loader org.gradle.internal.classloader.VisitableURLClassLoader                         : 300K
Loader jdk.internal.loader.ClassLoaders$AppClassLoader                                 : 235K
Loader org.gradle.groovy.scripts.internal.DefaultScriptCompilationHandler$ScriptClassLoader: 135K
Loader org.codehaus.groovy.runtime.callsite.CallSiteClassLoader                        : 27488B

Classes loaded by more than one classloader:
Class Program                                                                         : loaded 5 times (x 72B)
Class Build_gradle                                                                    : loaded 3 times (x 130B)
Class Build_gradle$1                                                                  : loaded 3 times (x 74B)
Class org.gradle.internal.classloader.FilteringClassLoader                            : loaded 2 times (x 105B)
Class com.google.common.base.CharMatcher$IsEither                                     : loaded 2 times (x 111B)
Class ijKotlinCoroutineJvmDebugInit1_7tivfiu5uzgnl5vto7u12ucem$_run_closure1$_closure2: loaded 2 times (x 139B)
Class org.gradle.internal.classloader.ClassLoaderHierarchy                            : loaded 2 times (x 70B)
Class com.google.common.collect.ImmutableEnumSet                                      : loaded 2 times (x 146B)
Class com.google.common.util.concurrent.ExecutionError                                : loaded 2 times (x 82B)
Class com.google.common.collect.ImmutableList$1                                       : loaded 2 times (x 97B)
Class org.gradle.api.internal.classpath.ManifestUtil                                  : loaded 2 times (x 71B)
Class com.google.common.collect.RegularImmutableMap                                   : loaded 2 times (x 121B)
Class com.google.common.collect.ImmutableMap$MapViewOfValuesAsSingletonSets           : loaded 2 times (x 126B)
Class [Lorg.objectweb.asm.Symbol;                                                     : loaded 2 times (x 69B)
Class org.objectweb.asm.ClassVisitor                                                  : loaded 2 times (x 88B)
Class com.google.common.collect.UnmodifiableListIterator                              : loaded 2 times (x 95B)
Class com.google.common.base.Platform$JdkPatternCompiler                              : loaded 2 times (x 75B)
Class org.objectweb.asm.MethodTooLargeException                                       : loaded 2 times (x 83B)
Class [Lcom.google.common.cache.CacheBuilder$OneWeigher;                              : loaded 2 times (x 69B)
Class com.google.common.base.Suppliers                                                : loaded 2 times (x 71B)
Class org.gradle.internal.classloader.DefaultClassLoaderFactory                       : loaded 2 times (x 82B)
Class org.gradle.internal.classloader.ClassLoaderVisitor                              : loaded 2 times (x 76B)
Class [Lcom.google.common.collect.ImmutableMapEntry;                                  : loaded 2 times (x 69B)
Class org.gradle.api.internal.classpath.EffectiveClassPath                            : loaded 2 times (x 90B)
Class com.google.common.collect.ImmutableRangeSet                                     : loaded 2 times (x 115B)
Class com.google.common.collect.ListMultimap                                          : loaded 2 times (x 70B)
Class com.google.common.collect.ImmutableEnumMap                                      : loaded 2 times (x 126B)
Class com.google.common.collect.Sets$1                                                : loaded 2 times (x 139B)
Class org.objectweb.asm.AnnotationVisitor                                             : loaded 2 times (x 78B)
Class org.gradle.api.internal.DefaultClassPathProvider                                : loaded 2 times (x 76B)
Class com.google.common.collect.Sets$2                                                : loaded 2 times (x 139B)
Class [Lorg.gradle.api.internal.ClassPathProvider;                                    : loaded 2 times (x 69B)
Class org.gradle.api.internal.ClassPathProvider                                       : loaded 2 times (x 70B)
Class [Lorg.objectweb.asm.AnnotationVisitor;                                          : loaded 2 times (x 69B)
Class com.google.common.collect.Sets$3                                                : loaded 2 times (x 139B)
Class com.google.common.util.concurrent.AbstractFuture$SafeAtomicHelper               : loaded 2 times (x 79B)
Class com.google.common.cache.LocalCache$LocalLoadingCache                            : loaded 2 times (x 134B)
Class ijKotlinCoroutineJvmDebugInit1_7tivfiu5uzgnl5vto7u12ucem$_run_closure1          : loaded 2 times (x 139B)
Class org.gradle.internal.service.UnknownServiceException                             : loaded 2 times (x 83B)
Class com.google.common.collect.Sets$4                                                : loaded 2 times (x 139B)
Class org.objectweb.asm.ModuleVisitor                                                 : loaded 2 times (x 81B)
Class com.google.common.cache.LocalCache$Strength$1                                   : loaded 2 times (x 81B)
Class com.google.common.util.concurrent.SettableFuture                                : loaded 2 times (x 114B)
Class com.google.common.cache.LocalCache$Strength$2                                   : loaded 2 times (x 81B)
Class com.google.common.cache.LocalCache$Strength$3                                   : loaded 2 times (x 81B)
Class com.google.common.collect.MapDifference                                         : loaded 2 times (x 70B)
Class org.objectweb.asm.FieldWriter                                                   : loaded 2 times (x 78B)
Class com.google.common.cache.CacheBuilder$NullListener                               : loaded 2 times (x 82B)
Class org.gradle.internal.classpath.TransformedClassPath                              : loaded 2 times (x 96B)
Class org.gradle.internal.classloader.InstrumentingClassLoader                        : loaded 2 times (x 70B)
Class com.google.common.collect.ImmutableRangeSet$AsSet                               : loaded 2 times (x 300B)
Class com.google.common.cache.CacheLoader$FunctionToCacheLoader                       : loaded 2 times (x 75B)
Class com.google.common.collect.Iterators$ArrayItr                                    : loaded 2 times (x 97B)
Class com.google.common.collect.ImmutableCollection$Builder                           : loaded 2 times (x 76B)
Class com.google.common.base.Joiner                                                   : loaded 2 times (x 79B)
Class com.google.common.base.MoreObjects                                              : loaded 2 times (x 71B)
Class com.google.common.collect.Platform                                              : loaded 2 times (x 71B)
Class [Lorg.objectweb.asm.Type;                                                       : loaded 2 times (x 69B)
Class com.google.common.collect.UnmodifiableIterator                                  : loaded 2 times (x 80B)
Class org.gradle.internal.service.ServiceLocator                                      : loaded 2 times (x 70B)
Class com.google.common.base.Ascii                                                    : loaded 2 times (x 71B)
Class com.google.common.collect.SingletonImmutableBiMap                               : loaded 2 times (x 143B)
Class com.google.common.cache.LocalCache$1                                            : loaded 2 times (x 89B)
Class com.google.common.collect.AbstractMapEntry                                      : loaded 2 times (x 81B)
Class ijJvmDebugger1_yyhdw0yy96rttrjc51vedtah$_run_closure1$_closure2                 : loaded 2 times (x 140B)
Class com.google.common.collect.Sets$ImprovedAbstractSet                              : loaded 2 times (x 135B)
Class com.google.common.collect.ImmutableList$Builder                                 : loaded 2 times (x 77B)
Class com.google.common.collect.AbstractMultimap                                      : loaded 2 times (x 123B)
Class com.google.common.cache.LocalCache$2                                            : loaded 2 times (x 142B)
Class com.google.common.collect.ImmutableRangeSet$1                                   : loaded 2 times (x 210B)
Class com.google.common.util.concurrent.AbstractFuture$UnsafeAtomicHelper$1           : loaded 2 times (x 76B)
Class com.google.common.collect.RegularImmutableAsList                                : loaded 2 times (x 217B)
Class com.google.common.collect.Range                                                 : loaded 2 times (x 87B)
Class com.google.common.util.concurrent.AbstractFuture$Trusted                        : loaded 2 times (x 70B)
Class com.google.common.collect.Iterators                                             : loaded 2 times (x 71B)
Class com.google.common.collect.Lists$StringAsImmutableList                           : loaded 2 times (x 207B)
Class com.google.common.util.concurrent.UncheckedExecutionException                   : loaded 2 times (x 82B)
Class org.gradle.kotlin.dsl.VersionCatalogAccessorsKt                                 : loaded 2 times (x 71B)
Class org.gradle.internal.InternalTransformer                                         : loaded 2 times (x 70B)
Class com.google.common.collect.AbstractMapBasedMultimap$KeySet$1                     : loaded 2 times (x 82B)
Class org.objectweb.asm.ClassWriter                                                   : loaded 2 times (x 106B)
Class com.google.common.cache.CacheLoader$UnsupportedLoadingOperationException        : loaded 2 times (x 82B)
Class com.google.common.base.CharMatcher$And                                          : loaded 2 times (x 112B)
Class org.gradle.internal.classloader.ClasspathUtil$1                                 : loaded 2 times (x 76B)
Class org.objectweb.asm.FieldVisitor                                                  : loaded 2 times (x 77B)
Class com.google.common.collect.IndexedImmutableSet                                   : loaded 2 times (x 152B)
Class com.google.common.collect.ImmutableMap$1                                        : loaded 2 times (x 81B)
Class com.google.common.collect.BiMap                                                 : loaded 2 times (x 70B)
Class org.gradle.api.internal.classpath.DefaultModuleRegistry$DefaultModule           : loaded 2 times (x 86B)
Class com.google.common.primitives.Ints                                               : loaded 2 times (x 71B)
Class com.google.common.collect.AbstractIterator                                      : loaded 2 times (x 82B)
Class com.google.common.collect.ObjectArrays                                          : loaded 2 times (x 71B)
Class com.google.common.collect.RegularImmutableMap$KeySet                            : loaded 2 times (x 152B)
Class com.google.common.collect.ArrayListMultimapGwtSerializationDependencies         : loaded 2 times (x 172B)
Class com.google.common.collect.AbstractIndexedListIterator                           : loaded 2 times (x 96B)
Class com.google.common.math.MathPreconditions                                        : loaded 2 times (x 71B)
Class com.google.common.collect.ImmutableMapEntrySet                                  : loaded 2 times (x 152B)
Class org.gradle.api.internal.classpath.Module                                        : loaded 2 times (x 70B)
Class com.google.common.cache.Weigher                                                 : loaded 2 times (x 70B)
Class org.gradle.api.internal.classpath.UnknownModuleException                        : loaded 2 times (x 82B)
Class com.google.common.base.Stopwatch                                                : loaded 2 times (x 72B)
Class com.google.common.cache.LocalCache$Strength                                     : loaded 2 times (x 81B)
Class com.google.common.cache.Cache                                                   : loaded 2 times (x 70B)
Class com.google.common.util.concurrent.AbstractFuture$Cancellation                   : loaded 2 times (x 72B)
Class com.google.common.collect.ImmutableMap$Builder                                  : loaded 2 times (x 82B)
Class com.google.common.cache.RemovalListener                                         : loaded 2 times (x 70B)
Class org.gradle.api.internal.DefaultClassPathRegistry                                : loaded 2 times (x 76B)
Class com.google.common.primitives.IntsMethodsForWeb                                  : loaded 2 times (x 71B)
Class com.google.common.collect.Multimap                                              : loaded 2 times (x 70B)
Class org.gradle.api.internal.ClassPathRegistry                                       : loaded 2 times (x 70B)
Class org.gradle.internal.classpath.DefaultClassPath$ImmutableUniqueList              : loaded 2 times (x 199B)
Class com.google.common.base.Equivalence$Identity                                     : loaded 2 times (x 82B)
Class com.google.common.cache.CacheBuilder                                            : loaded 2 times (x 72B)
Class com.google.common.collect.SingletonImmutableList                                : loaded 2 times (x 207B)
Class Settings_gradle$1                                                               : loaded 2 times (x 74B)
Class org.gradle.internal.classpath.ClassPath                                         : loaded 2 times (x 70B)
Class org.gradle.api.UncheckedIOException                                             : loaded 2 times (x 82B)
Class com.google.common.base.JdkPattern                                               : loaded 2 times (x 75B)
Class com.google.common.collect.ImmutableList$ReverseImmutableList                    : loaded 2 times (x 209B)
Class org.objectweb.asm.SymbolTable$Entry                                             : loaded 2 times (x 74B)
Class com.google.common.util.concurrent.AbstractFuture$AtomicHelper                   : loaded 2 times (x 78B)
Class org.objectweb.asm.Edge                                                          : loaded 2 times (x 72B)
Class com.google.common.base.Suppliers$SupplierOfInstance                             : loaded 2 times (x 79B)
Class com.google.common.collect.Iterators$1                                           : loaded 2 times (x 81B)
Class com.google.common.cache.LocalCache$ComputingValueReference                      : loaded 2 times (x 96B)
Class com.google.common.collect.SingletonImmutableSet                                 : loaded 2 times (x 146B)
Class com.google.common.collect.ImmutableMap$IteratorBasedImmutableMap                : loaded 2 times (x 126B)
Class com.google.common.cache.LocalCache$Segment                                      : loaded 2 times (x 154B)
Class ijJvmDebugger1_yyhdw0yy96rttrjc51vedtah$_run_closure1                           : loaded 2 times (x 139B)
Class com.google.common.collect.SortedIterable                                        : loaded 2 times (x 70B)
Class com.google.common.collect.AbstractListMultimap                                  : loaded 2 times (x 172B)
Class [Lorg.objectweb.asm.SymbolTable$Entry;                                          : loaded 2 times (x 69B)
Class com.google.common.cache.CacheLoader                                             : loaded 2 times (x 74B)
Class com.google.common.collect.Iterators$4                                           : loaded 2 times (x 82B)
Class com.google.common.collect.ImmutableBiMap                                        : loaded 2 times (x 143B)
Class org.gradle.internal.installation.GradleInstallation$1                           : loaded 2 times (x 75B)
Class org.gradle.api.internal.classpath.ModuleRegistry                                : loaded 2 times (x 70B)
Class com.google.common.util.concurrent.internal.InternalFutureFailureAccess          : loaded 2 times (x 72B)
Class com.google.common.collect.Iterators$5                                           : loaded 2 times (x 82B)
Class com.google.common.collect.ImmutableSet$JdkBackedSetBuilderImpl                  : loaded 2 times (x 76B)
Class com.google.common.util.concurrent.AbstractFuture$UnsafeAtomicHelper             : loaded 2 times (x 78B)
Class com.google.common.cache.LocalCache$LocalManualCache$1                           : loaded 2 times (x 75B)
Class com.google.common.base.CharMatcher$ForPredicate                                 : loaded 2 times (x 112B)
Class com.google.common.base.CharMatcher$AnyOf                                        : loaded 2 times (x 112B)
Class com.google.common.collect.ImmutableCollection                                   : loaded 2 times (x 125B)
Class org.gradle.api.internal.classpath.DefaultModuleRegistry                         : loaded 2 times (x 86B)
Class com.google.common.collect.Lists                                                 : loaded 2 times (x 71B)
Class com.google.common.util.concurrent.ListenableFuture                              : loaded 2 times (x 70B)
Class com.google.common.cache.ReferenceEntry                                          : loaded 2 times (x 70B)
Class com.google.common.base.Converter                                                : loaded 2 times (x 90B)
Class com.google.common.collect.ImmutableSet$CachingAsList                            : loaded 2 times (x 148B)
Class com.google.common.collect.AbstractMapBasedMultimap                              : loaded 2 times (x 139B)
Class com.google.common.util.concurrent.AbstractFuture                                : loaded 2 times (x 106B)
Class com.google.common.base.FunctionalEquivalence                                    : loaded 2 times (x 83B)
Class com.google.common.collect.Iterators$9                                           : loaded 2 times (x 81B)
Class com.google.common.collect.ImmutableAsList                                       : loaded 2 times (x 209B)
Class org.objectweb.asm.RecordComponentVisitor                                        : loaded 2 times (x 77B)
Class com.google.common.cache.CacheLoader$SupplierToCacheLoader                       : loaded 2 times (x 75B)
Class com.google.common.collect.Maps$EntryTransformer                                 : loaded 2 times (x 70B)
Class org.gradle.internal.service.ServiceLookupException                              : loaded 2 times (x 82B)
Class com.google.common.collect.ImmutableSortedSet                                    : loaded 2 times (x 300B)
Class [Lcom.google.common.cache.LocalCache$EntryFactory;                              : loaded 2 times (x 69B)
Class org.gradle.internal.classloader.ClassLoaderFactory                              : loaded 2 times (x 70B)
Class com.google.common.base.CommonPattern                                            : loaded 2 times (x 74B)
Class com.google.common.cache.LocalCache$LocalManualCache                             : loaded 2 times (x 99B)
Class com.google.common.base.CharMatcher$IsNot                                        : loaded 2 times (x 111B)
Class org.gradle.internal.service.CachingServiceLocator                               : loaded 2 times (x 82B)
Class com.google.common.collect.AbstractMapBasedMultimap$KeySet                       : loaded 2 times (x 137B)
Class com.google.common.collect.RegularImmutableSortedSet                             : loaded 2 times (x 300B)
Class com.google.common.math.IntMath                                                  : loaded 2 times (x 71B)
Class com.google.common.collect.ImmutableMapEntry                                     : loaded 2 times (x 85B)
Class com.google.common.base.Equivalence                                              : loaded 2 times (x 82B)
Class com.google.common.base.Function                                                 : loaded 2 times (x 70B)
Class com.google.common.collect.ImmutableMapEntry$NonTerminalImmutableMapEntry        : loaded 2 times (x 85B)
Class com.google.common.cache.CacheBuilder$OneWeigher                                 : loaded 2 times (x 82B)
Class com.google.common.collect.RegularImmutableList                                  : loaded 2 times (x 213B)
Class org.gradle.internal.classloader.ClasspathUtil                                   : loaded 2 times (x 71B)
Class com.google.common.base.Charsets                                                 : loaded 2 times (x 71B)
Class com.google.common.util.concurrent.Uninterruptibles                              : loaded 2 times (x 71B)
Class com.google.common.collect.Maps                                                  : loaded 2 times (x 71B)
Class org.gradle.api.specs.Spec                                                       : loaded 2 times (x 70B)
Class [Lcom.google.common.collect.ImmutableEntry;                                     : loaded 2 times (x 69B)
Class com.google.common.cache.LocalCache$LoadingValueReference                        : loaded 2 times (x 96B)
Class com.google.common.collect.Multiset                                              : loaded 2 times (x 70B)
Class com.google.common.base.Platform                                                 : loaded 2 times (x 71B)
Class [Lorg.objectweb.asm.AnnotationWriter;                                           : loaded 2 times (x 69B)
Class com.google.common.collect.Maps$8                                                : loaded 2 times (x 82B)
Class ijKotlinCoroutineJvmDebugInit1_7tivfiu5uzgnl5vto7u12ucem                        : loaded 2 times (x 179B)
Class com.google.common.collect.ImmutableRangeSet$Builder                             : loaded 2 times (x 77B)
Class com.google.common.collect.Sets$SetView                                          : loaded 2 times (x 138B)
Class com.google.common.cache.LocalCache$StrongValueReference                         : loaded 2 times (x 90B)
Class com.google.common.util.concurrent.AbstractFuture$SynchronizedHelper             : loaded 2 times (x 78B)
Class org.objectweb.asm.Type                                                          : loaded 2 times (x 72B)
Class ijJvmDebugger1_yyhdw0yy96rttrjc51vedtah                                         : loaded 2 times (x 179B)
Class org.gradle.internal.classloader.VisitableURLClassLoader$InstrumentingVisitableURLClassLoader: loaded 2 times (x 123B)
Class org.objectweb.asm.ByteVector                                                    : loaded 2 times (x 79B)
Class [Lcom.google.common.cache.CacheBuilder$NullListener;                            : loaded 2 times (x 69B)
Class com.google.common.math.IntMath$1                                                : loaded 2 times (x 71B)
Class org.gradle.internal.classloader.VisitableURLClassLoader$Spec                    : loaded 2 times (x 74B)
Class org.gradle.internal.classpath.DefaultClassPath                                  : loaded 2 times (x 90B)
Class org.objectweb.asm.Symbol                                                        : loaded 2 times (x 73B)
Class com.google.common.base.CharMatcher$Ascii                                        : loaded 2 times (x 112B)
Class com.google.common.base.CharMatcher$BitSetMatcher                                : loaded 2 times (x 112B)
Class com.google.common.collect.RegularImmutableMap$Values                            : loaded 2 times (x 207B)
Class com.google.common.collect.ImmutableSet                                          : loaded 2 times (x 145B)
Class org.gradle.internal.classloader.ClassLoaderSpec                                 : loaded 2 times (x 71B)
Class org.objectweb.asm.AnnotationWriter                                              : loaded 2 times (x 79B)
Class com.google.common.cache.CacheStats                                              : loaded 2 times (x 71B)
Class org.objectweb.asm.RecordComponentWriter                                         : loaded 2 times (x 78B)
Class com.google.common.util.concurrent.AbstractFuture$Listener                       : loaded 2 times (x 72B)
Class com.google.common.base.CharMatcher$Or                                           : loaded 2 times (x 112B)
Class Settings_gradle$1$1                                                             : loaded 2 times (x 74B)
Class org.objectweb.asm.Attribute                                                     : loaded 2 times (x 77B)
Class com.google.common.base.Supplier                                                 : loaded 2 times (x 70B)
Class org.gradle.internal.classloader.VisitableURLClassLoader                         : loaded 2 times (x 117B)
Class com.google.common.util.concurrent.AbstractFuture$Waiter                         : loaded 2 times (x 72B)
Class Settings_gradle                                                                 : loaded 2 times (x 128B)
Class org.gradle.internal.Cast                                                        : loaded 2 times (x 71B)
Class org.gradle.api.Action                                                           : loaded 2 times (x 70B)
Class com.google.common.base.Strings                                                  : loaded 2 times (x 71B)
Class com.google.common.collect.Sets                                                  : loaded 2 times (x 71B)
Class org.objectweb.asm.Handler                                                       : loaded 2 times (x 72B)
Class com.google.common.base.Ticker                                                   : loaded 2 times (x 72B)
Class com.google.common.base.CharMatcher$FastMatcher                                  : loaded 2 times (x 111B)
Class [Lcom.google.common.cache.LocalCache$Segment;                                   : loaded 2 times (x 69B)
Class [Lcom.google.common.cache.LocalCache$Strength;                                  : loaded 2 times (x 69B)
Class com.google.common.cache.CacheBuilder$1                                          : loaded 2 times (x 85B)
Class com.google.common.base.Predicate                                                : loaded 2 times (x 70B)
Class com.google.common.collect.ImmutableMap                                          : loaded 2 times (x 120B)
Class org.gradle.internal.classpath.DefaultClassPath$ImmutableUniqueList$Builder      : loaded 2 times (x 75B)
Class com.google.common.collect.AbstractRangeSet                                      : loaded 2 times (x 114B)
Class com.google.common.cache.LocalCache                                              : loaded 2 times (x 187B)
Class com.google.common.cache.CacheBuilder$2                                          : loaded 2 times (x 79B)
Class com.google.common.base.CharMatcher$NegatedFastMatcher                           : loaded 2 times (x 113B)
Class com.google.common.collect.ArrayListMultimap                                     : loaded 2 times (x 172B)
Class com.google.common.cache.CacheBuilder$3                                          : loaded 2 times (x 72B)
Class [Lcom.google.common.collect.AbstractMapEntry;                                   : loaded 2 times (x 69B)
Class com.google.common.collect.ImmutableEntry                                        : loaded 2 times (x 82B)
Class org.gradle.api.GradleException                                                  : loaded 2 times (x 82B)
Class com.google.common.collect.CollectPreconditions                                  : loaded 2 times (x 71B)
Class com.google.common.collect.SortedMapDifference                                   : loaded 2 times (x 70B)
Class com.google.common.cache.LocalCache$EntryFactory                                 : loaded 2 times (x 83B)
Class com.google.common.cache.LocalCache$AbstractReferenceEntry                       : loaded 2 times (x 107B)
Class org.gradle.internal.IoActions                                                   : loaded 2 times (x 71B)
Class com.google.common.collect.ImmutableRangeSet$ComplementRanges                    : loaded 2 times (x 207B)
Class org.objectweb.asm.SymbolTable                                                   : loaded 2 times (x 72B)
Class com.google.common.cache.CacheLoader$InvalidCacheLoadException                   : loaded 2 times (x 82B)
Class com.google.common.collect.ImmutableSet$RegularSetBuilderImpl                    : loaded 2 times (x 77B)
Class org.gradle.internal.classloader.SystemClassLoaderSpec                           : loaded 2 times (x 71B)
Class com.google.common.cache.LocalCache$StrongEntry                                  : loaded 2 times (x 108B)
Class com.google.common.util.concurrent.AbstractFuture$TrustedFuture                  : loaded 2 times (x 114B)
Class com.google.common.cache.LoadingCache                                            : loaded 2 times (x 70B)
Class org.objectweb.asm.MethodWriter                                                  : loaded 2 times (x 106B)
Class [Lcom.google.common.cache.Weigher;                                              : loaded 2 times (x 69B)
Class com.google.common.collect.RegularImmutableMap$BucketOverflowException           : loaded 2 times (x 82B)
Class com.google.common.collect.RegularImmutableBiMap                                 : loaded 2 times (x 149B)
Class com.google.common.cache.LocalCache$ValueReference                               : loaded 2 times (x 70B)
Class com.google.common.base.CharMatcher$Negated                                      : loaded 2 times (x 113B)
Class com.google.common.base.CharMatcher$Is                                           : loaded 2 times (x 111B)
Class com.google.common.base.PatternCompiler                                          : loaded 2 times (x 70B)
Class com.google.common.util.concurrent.AbstractFuture$Failure                        : loaded 2 times (x 72B)
Class com.google.common.base.Equivalence$Equals                                       : loaded 2 times (x 82B)
Class com.google.common.collect.Hashing                                               : loaded 2 times (x 71B)
Class com.google.common.base.Preconditions                                            : loaded 2 times (x 71B)
Class com.google.common.base.Joiner$1                                                 : loaded 2 times (x 80B)
Class org.objectweb.asm.Label                                                         : loaded 2 times (x 73B)
Class org.objectweb.asm.CurrentFrame                                                  : loaded 2 times (x 73B)
Class org.objectweb.asm.ClassTooLargeException                                        : loaded 2 times (x 83B)
Class com.google.common.base.CharMatcher                                              : loaded 2 times (x 111B)
Class com.google.common.collect.PeekingIterator                                       : loaded 2 times (x 70B)
Class com.google.common.collect.RangeGwtSerializationDependencies                     : loaded 2 times (x 71B)
Class com.google.common.base.Joiner$2                                                 : loaded 2 times (x 79B)
Class org.objectweb.asm.Frame                                                         : loaded 2 times (x 73B)
Class org.objectweb.asm.MethodVisitor                                                 : loaded 2 times (x 105B)
Class com.google.common.cache.LocalCache$EntryFactory$1                               : loaded 2 times (x 83B)
Class [Lcom.google.common.cache.RemovalListener;                                      : loaded 2 times (x 69B)
Class com.google.common.base.CharMatcher$1                                            : loaded 2 times (x 113B)
Class com.google.common.base.CharMatcher$NamedFastMatcher                             : loaded 2 times (x 112B)
Class com.google.common.collect.RangeSet                                              : loaded 2 times (x 70B)
Class com.google.common.cache.LocalCache$EntryFactory$2                               : loaded 2 times (x 83B)
Class org.gradle.api.internal.classpath.GlobalCacheRootsProvider                      : loaded 2 times (x 70B)
Class com.google.common.collect.CollectCollectors                                     : loaded 2 times (x 71B)
Class org.objectweb.asm.ModuleWriter                                                  : loaded 2 times (x 82B)
Class com.google.common.cache.LocalCache$EntryFactory$3                               : loaded 2 times (x 83B)
Class com.google.common.base.Ticker$1                                                 : loaded 2 times (x 72B)
Class com.google.common.collect.Maps$BiMapConverter                                   : loaded 2 times (x 90B)
Class com.google.common.collect.ImmutableMapEntrySet$RegularEntrySet                  : loaded 2 times (x 152B)
Class com.google.common.cache.LocalCache$EntryFactory$4                               : loaded 2 times (x 83B)
Class com.google.common.base.CharMatcher$InRange                                      : loaded 2 times (x 111B)
Class com.google.common.collect.ImmutableSet$Builder                                  : loaded 2 times (x 85B)
Class com.google.common.cache.LocalCache$EntryFactory$5                               : loaded 2 times (x 83B)
Class com.google.common.base.PairwiseEquivalence                                      : loaded 2 times (x 83B)
Class com.google.common.cache.LocalCache$EntryFactory$6                               : loaded 2 times (x 83B)
Class org.gradle.internal.installation.CurrentGradleInstallationLocator               : loaded 2 times (x 71B)
Class com.google.common.collect.Maps$KeySet                                           : loaded 2 times (x 137B)
Class com.google.common.cache.LocalCache$EntryFactory$7                               : loaded 2 times (x 83B)
Class com.google.common.collect.ImmutableSet$EmptySetBuilderImpl                      : loaded 2 times (x 76B)
Class com.google.common.collect.ImmutableList                                         : loaded 2 times (x 206B)
Class org.gradle.internal.service.DefaultServiceLocator                               : loaded 2 times (x 83B)
Class com.google.common.cache.LocalCache$EntryFactory$8                               : loaded 2 times (x 83B)
Class com.google.common.collect.ImmutableSet$SetBuilderImpl                           : loaded 2 times (x 76B)
Class org.gradle.internal.installation.CurrentGradleInstallation                      : loaded 2 times (x 73B)
Class com.google.common.cache.CacheLoader$1                                           : loaded 2 times (x 75B)
Class com.google.common.collect.ImmutableList$SubList                                 : loaded 2 times (x 209B)
Class org.gradle.util.internal.GUtil                                                  : loaded 2 times (x 71B)
Class com.google.common.util.concurrent.AbstractFuture$SetFuture                      : loaded 2 times (x 75B)
Class com.google.common.cache.AbstractCache$StatsCounter                              : loaded 2 times (x 70B)
Class com.google.common.collect.Iterators$MergingIterator                             : loaded 2 times (x 81B)
Class com.google.common.collect.RegularImmutableSet                                   : loaded 2 times (x 149B)
Class org.gradle.internal.installation.GradleInstallation                             : loaded 2 times (x 75B)
Class com.google.common.collect.Iterables                                             : loaded 2 times (x 71B)

---------------  S Y S T E M  ---------------

OS:
 Windows 11 , 64 bit Build 26100 (10.0.26100.7623)
OS uptime: 12 days 7:55 hours

CPU: total 8 (initial active 8) (4 cores per cpu, 2 threads per core) family 6 model 151 stepping 5 microcode 0x38, cx8, cmov, fxsr, ht, mmx, 3dnowpref, sse, sse2, sse3, ssse3, sse4.1, sse4.2, popcnt, lzcnt, tsc, tscinvbit, avx, avx2, aes, erms, clmul, bmi1, bmi2, adx, sha, fma, vzeroupper, clflush, clflushopt, clwb, serialize, rdtscp, rdpid, fsrm, f16c, pku, cet_ibt, cet_ss
Processor Information for the first 8 processors :
  Max Mhz: 3300, Current Mhz: 3300, Mhz Limit: 3300

Memory: 4k page, system-wide physical 16153M (2493M free)
TotalPageFile size 23646M (AvailPageFile size 5M)
current process WorkingSet (physical memory assigned to process): 495M, peak: 504M
current process commit charge ("private bytes"): 551M, peak: 552M

vm_info: OpenJDK 64-Bit Server VM (21.0.8+-14018985-b1038.68) for windows-amd64 JRE (21.0.8+-14018985-b1038.68), built on 2025-08-29T19:56:34Z by "builder" with MS VC++ 16.10 / 16.11 (VS2019)

END.
